date,crop,mandi,price
2026-08-17,Apple,Ludhiana,6000.0
2026-08-17,Apple,Nabha,6500.0
2026-08-17,Apple,Patiala,6700.0
2026-08-17,Apple,Patran,8520.0
2026-08-17,Apple,Raikot,7470.0
2026-08-17,Ashgourd,Ludhiana,1500.0
2026-08-17,Ashgourd,Nabha,900.0
2026-08-17,Banana,Doraha,2500.0
2026-08-17,Banana,Nabha,2300.0
2026-08-17,Banana,Patiala,1600.0
2026-08-17,Banana,Patran,2800.0
2026-08-17,Beetroot,Ludhiana,1300.0
2026-08-17,Bhindi(Ladies Finger),Amritsar(Amritsar Mewa Mandi),1000.0
2026-08-17,Bhindi(Ladies Finger),Ludhiana,2200.0
2026-08-17,Bhindi(Ladies Finger),Majitha,1200.0
2026-08-17,Bhindi(Ladies Finger),Nabha,2400.0
2026-08-17,Bhindi(Ladies Finger),Patiala,800.0
2026-08-17,Bhindi(Ladies Finger),Patran,2420.0
2026-08-17,Bhindi(Ladies Finger),Rayya,700.0
2026-08-17,Bitter gourd,Amritsar(Amritsar Mewa Mandi),1000.0
2026-08-17,Bitter gourd,Gehri,1500.0
2026-08-17,Bitter gourd,Ludhiana,1500.0
2026-08-17,Bitter gourd,Majitha,1500.0
2026-08-17,Bitter gourd,Nabha,2000.0
2026-08-17,Bitter gourd,Patran,2230.0
2026-08-17,Bitter gourd,Rayya,1370.0
2026-08-17,Bitter gourd,Sahnewal,2400.0
2026-08-17,Bottle gourd,Doraha,1500.0
2026-08-17,Bottle gourd,Ludhiana,700.0
2026-08-17,Bottle gourd,Patran,1290.0
2026-08-17,Bottle gourd,Samrala,1500.0
2026-08-17,Brinjal,Ajnala,700.0
2026-08-17,Brinjal,Amritsar(Amritsar Mewa Mandi),600.0
2026-08-17,Brinjal,Doraha,2000.0
2026-08-17,Brinjal,Gehri,1800.0
2026-08-17,Brinjal,Ludhiana,1500.0
2026-08-17,Brinjal,Nabha,1600.0
2026-08-17,Brinjal,Patiala,800.0
2026-08-17,Brinjal,Rayya,1600.0
2026-08-17,Brinjal,Samrala,1600.0
2026-08-17,Cabbage,Ludhiana,1000.0
2026-08-17,Cabbage,Patiala,600.0
2026-08-17,Cabbage,Patran,2120.0
2026-08-17,Capsicum,Amritsar(Amritsar Mewa Mandi),1000.0
2026-08-17,Capsicum,Doraha,4500.0
2026-08-17,Capsicum,Ludhiana,2000.0
2026-08-17,Capsicum,Nabha,2700.0
2026-08-17,Capsicum,Patiala,800.0
2026-08-17,Capsicum,Patran,3710.0
2026-08-17,Capsicum,Samrala,2500.0
2026-08-17,Carrot,Ludhiana,1300.0
2026-08-17,Carrot,Patiala,800.0
2026-08-17,Carrot,Patran,2550.0
2026-08-17,Cauliflower,Ajnala,3900.0
2026-08-17,Cauliflower,Doraha,2000.0
2026-08-17,Cauliflower,Ludhiana,2800.0
2026-08-17,Cauliflower,Nabha,3300.0
2026-08-17,Cauliflower,Patiala,800.0
2026-08-17,Cauliflower,Patran,3450.0
2026-08-17,Cauliflower,Raikot,3860.0
2026-08-17,Cauliflower,Rayya,3192.0
2026-08-17,Chilly Capsicum,Ajnala,3300.0
2026-08-17,Colacasia,Ludhiana,2500.0
2026-08-17,Colacasia,Samrala,2500.0
2026-08-17,Coriander(Leaves),Ludhiana,3500.0
2026-08-17,Coriander(Leaves),Patiala,800.0
2026-08-17,Cucumbar(Kheera),Amritsar(Amritsar Mewa Mandi),500.0
2026-08-17,Cucumbar(Kheera),Ludhiana,1500.0
2026-08-17,Cucumbar(Kheera),Nabha,2900.0
2026-08-17,Cucumbar(Kheera),Patran,2370.0
2026-08-17,Cucumbar(Kheera),Raikot,2590.0
2026-08-17,Cucumbar(Kheera),Rayya,904.0
2026-08-17,French Beans(Frasbean),Ludhiana,2500.0
2026-08-17,Garlic,Doraha,12000.0
2026-08-17,Garlic,Ludhiana,7000.0
2026-08-17,Garlic,Nabha,11300.0
2026-08-17,Garlic,Patiala,4100.0
2026-08-17,Ginger(Green),Ludhiana,5000.0
2026-08-17,Ginger(Green),Nabha,7000.0
2026-08-17,Ginger(Green),Patran,8190.0
2026-08-17,Ginger(Green),Samrala,8000.0
2026-08-17,Green Chilli,Ajnala,1200.0
2026-08-17,Green Chilli,Amritsar(Amritsar Mewa Mandi),500.0
2026-08-17,Green Chilli,Ludhiana,2200.0
2026-08-17,Green Chilli,Nabha,3600.0
2026-08-17,Green Chilli,Patiala,800.0
2026-08-17,Green Chilli,Patran,2190.0
2026-08-17,Green Chilli,Rayya,1103.0
2026-08-17,Guava,Amritsar(Amritsar Mewa Mandi),1000.0
2026-08-17,Guava,Ludhiana,2000.0
2026-08-17,Guava,Nabha,2500.0
2026-08-17,Guava,Patiala,1600.0
2026-08-17,Guava,Patran,1600.0
2026-08-17,Lemon,Doraha,5500.0
2026-08-17,Lemon,Ludhiana,3000.0
2026-08-17,Lemon,Nabha,3400.0
2026-08-17,Lemon,Patiala,2100.0
2026-08-17,Lemon,Patran,4510.0
2026-08-17,Mango,Ludhiana,3000.0
2026-08-17,Mango,Nabha,11700.0
2026-08-17,Mango,Patiala,2100.0
2026-08-17,Mango,Patran,5910.0
2026-08-17,Mint(Pudina),Patiala,1600.0
2026-08-17,Mousambi(Sweet Lime),Ludhiana,3500.0
2026-08-17,Mousambi(Sweet Lime),Nabha,3200.0
2026-08-17,Mousambi(Sweet Lime),Patiala,800.0
2026-08-17,Mousambi(Sweet Lime),Patran,2930.0
2023-12-19,Onion,Ajnala,1600.0
2024-01-18,Onion,Ajnala,1400.0
2024-01-19,Onion,Ajnala,2200.0
2024-01-22,Onion,Ajnala,1900.0
2024-01-23,Onion,Ajnala,2700.0
2024-02-06,Onion,Ajnala,2200.0
2024-02-07,Onion,Ajnala,1800.0
2024-02-18,Onion,Ajnala,1000.0
2024-02-19,Onion,Ajnala,1300.0
2024-03-18,Onion,Ajnala,1900.0
2024-03-19,Onion,Ajnala,1900.0
2024-03-21,Onion,Ajnala,2100.0
2024-03-22,Onion,Ajnala,2100.0
2024-04-03,Onion,Ajnala,1900.0
2024-04-04,Onion,Ajnala,2200.0
2024-04-06,Onion,Ajnala,1700.0
2024-04-10,Onion,Ajnala,2000.0
2024-04-13,Onion,Ajnala,2250.0
2024-04-14,Onion,Ajnala,2300.0
2024-04-15,Onion,Ajnala,2450.0
2024-04-16,Onion,Ajnala,2200.0
2024-04-17,Onion,Ajnala,2250.0
2024-04-18,Onion,Ajnala,2300.0
2024-04-19,Onion,Ajnala,2450.0
2024-04-20,Onion,Ajnala,2200.0
2024-04-21,Onion,Ajnala,2250.0
2024-04-22,Onion,Ajnala,2300.0
2024-04-23,Onion,Ajnala,2200.0
2024-04-24,Onion,Ajnala,2250.0
2024-04-25,Onion,Ajnala,2250.0
2024-04-26,Onion,Ajnala,2450.0
2024-04-29,Onion,Ajnala,2200.0
2024-04-30,Onion,Ajnala,2450.0
2024-05-01,Onion,Ajnala,2200.0
2024-05-02,Onion,Ajnala,2200.0
2024-05-03,Onion,Ajnala,2250.0
2024-05-04,Onion,Ajnala,2450.0
2024-05-05,Onion,Ajnala,2300.0
2024-05-07,Onion,Ajnala,2200.0
2024-05-14,Onion,Ajnala,2250.0
2024-05-15,Onion,Ajnala,2200.0
2024-05-16,Onion,Ajnala,2200.0
2024-05-17,Onion,Ajnala,2450.0
2024-05-18,Onion,Ajnala,2200.0
2024-05-19,Onion,Ajnala,2450.0
2024-05-20,Onion,Ajnala,2300.0
2024-05-21,Onion,Ajnala,2250.0
2024-05-22,Onion,Ajnala,2450.0
2024-05-23,Onion,Ajnala,2300.0
2024-05-24,Onion,Ajnala,2300.0
2024-05-25,Onion,Ajnala,2250.0
2024-05-26,Onion,Ajnala,2450.0
2024-05-27,Onion,Ajnala,2200.0
2024-05-28,Onion,Ajnala,2200.0
2024-05-29,Onion,Ajnala,2450.0
2024-05-30,Onion,Ajnala,2300.0
2024-05-31,Onion,Ajnala,2250.0
2024-06-01,Onion,Ajnala,2300.0
2024-06-02,Onion,Ajnala,2450.0
2024-06-03,Onion,Ajnala,2200.0
2024-06-04,Onion,Ajnala,2200.0
2024-06-05,Onion,Ajnala,2300.0
2024-06-06,Onion,Ajnala,2450.0
2024-07-08,Onion,Ajnala,2250.0
2024-07-09,Onion,Ajnala,2450.0
2024-07-10,Onion,Ajnala,2200.0
2024-07-11,Onion,Ajnala,2300.0
2024-07-12,Onion,Ajnala,2450.0
2024-07-13,Onion,Ajnala,2250.0
2024-07-14,Onion,Ajnala,2450.0
2024-07-15,Onion,Ajnala,2300.0
2024-07-16,Onion,Ajnala,2250.0
2024-07-17,Onion,Ajnala,2300.0
2024-07-18,Onion,Ajnala,2450.0
2024-07-19,Onion,Ajnala,2250.0
2024-07-20,Onion,Ajnala,2450.0
2024-07-21,Onion,Ajnala,2300.0
2024-07-22,Onion,Ajnala,2200.0
2024-07-23,Onion,Ajnala,2250.0
2024-07-24,Onion,Ajnala,2300.0
2024-07-25,Onion,Ajnala,2250.0
2024-07-26,Onion,Ajnala,2450.0
2024-07-27,Onion,Ajnala,2200.0
2024-07-28,Onion,Ajnala,2300.0
2024-07-29,Onion,Ajnala,2450.0
2024-07-30,Onion,Ajnala,2250.0
2024-07-31,Onion,Ajnala,2200.0
2024-08-01,Onion,Ajnala,2300.0
2024-08-02,Onion,Ajnala,2450.0
2024-08-03,Onion,Ajnala,2200.0
2024-08-04,Onion,Ajnala,2300.0
2024-08-05,Onion,Ajnala,2450.0
2024-08-06,Onion,Ajnala,2250.0
2024-08-07,Onion,Ajnala,2450.0
2024-08-08,Onion,Ajnala,2250.0
2024-08-09,Onion,Ajnala,2200.0
2024-08-10,Onion,Ajnala,2300.0
2024-08-11,Onion,Ajnala,2450.0
2024-08-12,Onion,Ajnala,2250.0
2024-08-13,Onion,Ajnala,2200.0
2024-08-14,Onion,Ajnala,2300.0
2024-08-15,Onion,Ajnala,2450.0
2024-08-16,Onion,Ajnala,2250.0
2024-08-19,Onion,Ajnala,2200.0
2024-08-20,Onion,Ajnala,2300.0
2024-08-21,Onion,Ajnala,2450.0
2024-08-22,Onion,Ajnala,2250.0
2024-08-26,Onion,Ajnala,2250.0
2024-08-27,Onion,Ajnala,2450.0
2024-08-29,Onion,Ajnala,2200.0
2024-08-30,Onion,Ajnala,2300.0
2024-09-02,Onion,Ajnala,2200.0
2024-09-03,Onion,Ajnala,2300.0
2024-09-04,Onion,Ajnala,2450.0
2024-09-05,Onion,Ajnala,2250.0
2024-09-09,Onion,Ajnala,2200.0
2024-09-10,Onion,Ajnala,2300.0
2024-09-11,Onion,Ajnala,2450.0
2024-09-12,Onion,Ajnala,2450.0
2024-09-17,Onion,Ajnala,2200.0
2024-09-18,Onion,Ajnala,2300.0
2024-09-20,Onion,Ajnala,2200.0
2024-09-21,Onion,Ajnala,2300.0
2024-09-24,Onion,Ajnala,2200.0
2024-09-25,Onion,Ajnala,2300.0
2024-09-26,Onion,Ajnala,2450.0
2024-10-02,Onion,Ajnala,2200.0
2024-10-03,Onion,Ajnala,2450.0
2024-10-04,Onion,Ajnala,2450.0
2024-10-09,Onion,Ajnala,2250.0
2024-10-10,Onion,Ajnala,2450.0
2024-10-11,Onion,Ajnala,2300.0
2024-10-14,Onion,Ajnala,2250.0
2024-10-16,Onion,Ajnala,2200.0
2024-10-17,Onion,Ajnala,2300.0
2024-10-18,Onion,Ajnala,2450.0
2024-10-21,Onion,Ajnala,2250.0
2024-10-22,Onion,Ajnala,2450.0
2024-10-24,Onion,Ajnala,2200.0
2024-10-25,Onion,Ajnala,2250.0
2024-10-26,Onion,Ajnala,2450.0
2024-10-28,Onion,Ajnala,2250.0
2024-10-29,Onion,Ajnala,2450.0
2024-10-30,Onion,Ajnala,2200.0
2024-11-03,Onion,Ajnala,2300.0
2024-11-04,Onion,Ajnala,2200.0
2024-11-05,Onion,Ajnala,2450.0
2024-11-06,Onion,Ajnala,2250.0
2024-11-07,Onion,Ajnala,2200.0
2024-11-08,Onion,Ajnala,2300.0
2024-11-12,Onion,Ajnala,2200.0
2024-11-13,Onion,Ajnala,2300.0
2024-11-14,Onion,Ajnala,2450.0
2024-11-15,Onion,Ajnala,2450.0
2024-11-16,Onion,Ajnala,2300.0
2024-11-18,Onion,Ajnala,2200.0
2024-11-20,Onion,Ajnala,2200.0
2024-11-21,Onion,Ajnala,2300.0
2025-03-27,Onion,Ajnala,2100.0
2025-03-28,Onion,Ajnala,1500.0
2026-06-03,Onion,Ajnala,1900.0
2026-08-05,Onion,Ajnala,1400.0
2026-08-07,Onion,Ajnala,2500.0
2026-08-21,Onion,Ajnala,3200.0
2026-08-26,Onion,Ajnala,3000.0
2023-06-06,Onion,Amritsar(Amritsar Mewa Mandi),700.0
2023-06-07,Onion,Amritsar(Amritsar Mewa Mandi),700.0
2023-06-08,Onion,Amritsar(Amritsar Mewa Mandi),700.0
2023-06-09,Onion,Amritsar(Amritsar Mewa Mandi),700.0
2023-06-10,Onion,Amritsar(Amritsar Mewa Mandi),700.0
2023-06-12,Onion,Amritsar(Amritsar Mewa Mandi),700.0
2023-06-13,Onion,Amritsar(Amritsar Mewa Mandi),700.0
2023-06-14,Onion,Amritsar(Amritsar Mewa Mandi),700.0
2023-06-15,Onion,Amritsar(Amritsar Mewa Mandi),700.0
2023-06-16,Onion,Amritsar(Amritsar Mewa Mandi),600.0
2023-06-17,Onion,Amritsar(Amritsar Mewa Mandi),600.0
2023-06-19,Onion,Amritsar(Amritsar Mewa Mandi),600.0
2023-06-20,Onion,Amritsar(Amritsar Mewa Mandi),600.0
2023-06-21,Onion,Amritsar(Amritsar Mewa Mandi),600.0
2023-06-22,Onion,Amritsar(Amritsar Mewa Mandi),600.0
2023-06-23,Onion,Amritsar(Amritsar Mewa Mandi),600.0
2023-06-24,Onion,Amritsar(Amritsar Mewa Mandi),600.0
2023-06-26,Onion,Amritsar(Amritsar Mewa Mandi),700.0
2023-06-27,Onion,Amritsar(Amritsar Mewa Mandi),700.0
2023-06-28,Onion,Amritsar(Amritsar Mewa Mandi),700.0
2023-06-29,Onion,Amritsar(Amritsar Mewa Mandi),700.0
2023-06-30,Onion,Amritsar(Amritsar Mewa Mandi),700.0
2023-07-01,Onion,Amritsar(Amritsar Mewa Mandi),700.0
2023-07-03,Onion,Amritsar(Amritsar Mewa Mandi),800.0
2023-07-04,Onion,Amritsar(Amritsar Mewa Mandi),800.0
2023-07-05,Onion,Amritsar(Amritsar Mewa Mandi),700.0
2023-07-06,Onion,Amritsar(Amritsar Mewa Mandi),800.0
2023-07-08,Onion,Amritsar(Amritsar Mewa Mandi),900.0
2023-07-10,Onion,Amritsar(Amritsar Mewa Mandi),700.0
2023-07-11,Onion,Amritsar(Amritsar Mewa Mandi),800.0
2023-07-12,Onion,Amritsar(Amritsar Mewa Mandi),800.0
2023-07-13,Onion,Amritsar(Amritsar Mewa Mandi),700.0
2023-07-14,Onion,Amritsar(Amritsar Mewa Mandi),800.0
2023-07-15,Onion,Amritsar(Amritsar Mewa Mandi),800.0
2023-07-17,Onion,Amritsar(Amritsar Mewa Mandi),1000.0
2023-07-18,Onion,Amritsar(Amritsar Mewa Mandi),700.0
2023-07-19,Onion,Amritsar(Amritsar Mewa Mandi),700.0
2023-07-20,Onion,Amritsar(Amritsar Mewa Mandi),700.0
2023-07-21,Onion,Amritsar(Amritsar Mewa Mandi),800.0
2023-07-22,Onion,Amritsar(Amritsar Mewa Mandi),700.0
2023-07-24,Onion,Amritsar(Amritsar Mewa Mandi),700.0
2023-07-25,Onion,Amritsar(Amritsar Mewa Mandi),700.0
2023-07-26,Onion,Amritsar(Amritsar Mewa Mandi),800.0
2023-07-27,Onion,Amritsar(Amritsar Mewa Mandi),800.0
2023-07-28,Onion,Amritsar(Amritsar Mewa Mandi),800.0
2023-07-29,Onion,Amritsar(Amritsar Mewa Mandi),800.0
2023-07-31,Onion,Amritsar(Amritsar Mewa Mandi),700.0
2023-08-01,Onion,Amritsar(Amritsar Mewa Mandi),800.0
2023-08-02,Onion,Amritsar(Amritsar Mewa Mandi),900.0
2023-08-03,Onion,Amritsar(Amritsar Mewa Mandi),700.0
2023-08-04,Onion,Amritsar(Amritsar Mewa Mandi),800.0
2023-08-07,Onion,Amritsar(Amritsar Mewa Mandi),900.0
2023-08-08,Onion,Amritsar(Amritsar Mewa Mandi),800.0
2023-08-09,Onion,Amritsar(Amritsar Mewa Mandi),800.0
2023-08-10,Onion,Amritsar(Amritsar Mewa Mandi),800.0
2023-08-11,Onion,Amritsar(Amritsar Mewa Mandi),800.0
2023-08-14,Onion,Amritsar(Amritsar Mewa Mandi),900.0
2023-08-15,Onion,Amritsar(Amritsar Mewa Mandi),900.0
2023-08-16,Onion,Amritsar(Amritsar Mewa Mandi),900.0
2023-08-17,Onion,Amritsar(Amritsar Mewa Mandi),900.0
2023-08-18,Onion,Amritsar(Amritsar Mewa Mandi),900.0
2023-08-19,Onion,Amritsar(Amritsar Mewa Mandi),900.0
2023-08-22,Onion,Amritsar(Amritsar Mewa Mandi),1000.0
2023-08-23,Onion,Amritsar(Amritsar Mewa Mandi),1000.0
2023-08-25,Onion,Amritsar(Amritsar Mewa Mandi),1000.0
2023-08-26,Onion,Amritsar(Amritsar Mewa Mandi),900.0
2023-08-28,Onion,Amritsar(Amritsar Mewa Mandi),900.0
2023-08-29,Onion,Amritsar(Amritsar Mewa Mandi),1000.0
2023-08-30,Onion,Amritsar(Amritsar Mewa Mandi),1000.0
2023-08-31,Onion,Amritsar(Amritsar Mewa Mandi),900.0
2023-09-01,Onion,Amritsar(Amritsar Mewa Mandi),900.0
2023-09-02,Onion,Amritsar(Amritsar Mewa Mandi),900.0
2023-09-04,Onion,Amritsar(Amritsar Mewa Mandi),1100.0
2023-09-07,Onion,Amritsar(Amritsar Mewa Mandi),1100.0
2023-09-08,Onion,Amritsar(Amritsar Mewa Mandi),1100.0
2023-09-13,Onion,Amritsar(Amritsar Mewa Mandi),1000.0
2023-09-14,Onion,Amritsar(Amritsar Mewa Mandi),1100.0
2023-09-15,Onion,Amritsar(Amritsar Mewa Mandi),1100.0
2023-09-16,Onion,Amritsar(Amritsar Mewa Mandi),1100.0
2023-09-18,Onion,Amritsar(Amritsar Mewa Mandi),1100.0
2023-09-19,Onion,Amritsar(Amritsar Mewa Mandi),1100.0
2023-09-20,Onion,Amritsar(Amritsar Mewa Mandi),1100.0
2023-09-21,Onion,Amritsar(Amritsar Mewa Mandi),1100.0
2023-09-22,Onion,Amritsar(Amritsar Mewa Mandi),1200.0
2023-09-23,Onion,Amritsar(Amritsar Mewa Mandi),1100.0
2023-09-25,Onion,Amritsar(Amritsar Mewa Mandi),1200.0
2023-09-26,Onion,Amritsar(Amritsar Mewa Mandi),1200.0
2023-09-27,Onion,Amritsar(Amritsar Mewa Mandi),1200.0
2023-09-28,Onion,Amritsar(Amritsar Mewa Mandi),1200.0
2023-10-02,Onion,Amritsar(Amritsar Mewa Mandi),1300.0
2023-10-03,Onion,Amritsar(Amritsar Mewa Mandi),1300.0
2023-10-04,Onion,Amritsar(Amritsar Mewa Mandi),1200.0
2023-10-05,Onion,Amritsar(Amritsar Mewa Mandi),1300.0
2023-10-06,Onion,Amritsar(Amritsar Mewa Mandi),1300.0
2023-10-07,Onion,Amritsar(Amritsar Mewa Mandi),1400.0
2023-10-09,Onion,Amritsar(Amritsar Mewa Mandi),1500.0
2023-10-10,Onion,Amritsar(Amritsar Mewa Mandi),1500.0
2023-10-11,Onion,Amritsar(Amritsar Mewa Mandi),1600.0
2023-10-12,Onion,Amritsar(Amritsar Mewa Mandi),1500.0
2023-10-14,Onion,Amritsar(Amritsar Mewa Mandi),1500.0
2023-10-16,Onion,Amritsar(Amritsar Mewa Mandi),1500.0
2023-10-18,Onion,Amritsar(Amritsar Mewa Mandi),1600.0
2023-10-19,Onion,Amritsar(Amritsar Mewa Mandi),1600.0
2023-10-20,Onion,Amritsar(Amritsar Mewa Mandi),1600.0
2023-10-21,Onion,Amritsar(Amritsar Mewa Mandi),1600.0
2023-10-23,Onion,Amritsar(Amritsar Mewa Mandi),1800.0
2023-10-24,Onion,Amritsar(Amritsar Mewa Mandi),1700.0
2023-10-25,Onion,Amritsar(Amritsar Mewa Mandi),2400.0
2023-10-26,Onion,Amritsar(Amritsar Mewa Mandi),2500.0
2023-10-27,Onion,Amritsar(Amritsar Mewa Mandi),2400.0
2023-10-30,Onion,Amritsar(Amritsar Mewa Mandi),3000.0
2023-10-31,Onion,Amritsar(Amritsar Mewa Mandi),3800.0
2023-11-01,Onion,Amritsar(Amritsar Mewa Mandi),3500.0
2023-11-02,Onion,Amritsar(Amritsar Mewa Mandi),3000.0
2023-11-03,Onion,Amritsar(Amritsar Mewa Mandi),3000.0
2023-11-04,Onion,Amritsar(Amritsar Mewa Mandi),3000.0
2023-11-06,Onion,Amritsar(Amritsar Mewa Mandi),3000.0
2023-11-07,Onion,Amritsar(Amritsar Mewa Mandi),2600.0
2023-11-08,Onion,Amritsar(Amritsar Mewa Mandi),2400.0
2023-11-09,Onion,Amritsar(Amritsar Mewa Mandi),2500.0
2023-11-14,Onion,Amritsar(Amritsar Mewa Mandi),2500.0
2023-11-16,Onion,Amritsar(Amritsar Mewa Mandi),2400.0
2023-11-17,Onion,Amritsar(Amritsar Mewa Mandi),2200.0
2023-11-18,Onion,Amritsar(Amritsar Mewa Mandi),2400.0
2023-11-20,Onion,Amritsar(Amritsar Mewa Mandi),2200.0
2023-11-21,Onion,Amritsar(Amritsar Mewa Mandi),2300.0
2023-11-22,Onion,Amritsar(Amritsar Mewa Mandi),2200.0
2023-11-23,Onion,Amritsar(Amritsar Mewa Mandi),2000.0
2023-11-27,Onion,Amritsar(Amritsar Mewa Mandi),1600.0
2023-11-28,Onion,Amritsar(Amritsar Mewa Mandi),2000.0
2023-11-29,Onion,Amritsar(Amritsar Mewa Mandi),2100.0
2023-11-30,Onion,Amritsar(Amritsar Mewa Mandi),2200.0
2023-12-01,Onion,Amritsar(Amritsar Mewa Mandi),2200.0
2023-12-02,Onion,Amritsar(Amritsar Mewa Mandi),2000.0
2023-12-05,Onion,Amritsar(Amritsar Mewa Mandi),2000.0
2023-12-06,Onion,Amritsar(Amritsar Mewa Mandi),2000.0
2023-12-07,Onion,Amritsar(Amritsar Mewa Mandi),1800.0
2023-12-08,Onion,Amritsar(Amritsar Mewa Mandi),1800.0
2023-12-09,Onion,Amritsar(Amritsar Mewa Mandi),2000.0
2023-12-11,Onion,Amritsar(Amritsar Mewa Mandi),2000.0
2023-12-12,Onion,Amritsar(Amritsar Mewa Mandi),1800.0
2023-12-13,Onion,Amritsar(Amritsar Mewa Mandi),1700.0
2023-12-14,Onion,Amritsar(Amritsar Mewa Mandi),1600.0
2023-12-15,Onion,Amritsar(Amritsar Mewa Mandi),1600.0
2023-12-18,Onion,Amritsar(Amritsar Mewa Mandi),1600.0
2023-12-19,Onion,Amritsar(Amritsar Mewa Mandi),1300.0
2023-12-21,Onion,Amritsar(Amritsar Mewa Mandi),1300.0
2023-12-22,Onion,Amritsar(Amritsar Mewa Mandi),1400.0
2023-12-26,Onion,Amritsar(Amritsar Mewa Mandi),1300.0
2023-12-27,Onion,Amritsar(Amritsar Mewa Mandi),1300.0
2023-12-28,Onion,Amritsar(Amritsar Mewa Mandi),1300.0
2023-12-29,Onion,Amritsar(Amritsar Mewa Mandi),1300.0
2023-12-30,Onion,Amritsar(Amritsar Mewa Mandi),1200.0
2024-01-01,Onion,Amritsar(Amritsar Mewa Mandi),1200.0
2024-01-02,Onion,Amritsar(Amritsar Mewa Mandi),1200.0
2024-01-03,Onion,Amritsar(Amritsar Mewa Mandi),1200.0
2024-01-04,Onion,Amritsar(Amritsar Mewa Mandi),1200.0
2024-01-05,Onion,Amritsar(Amritsar Mewa Mandi),1200.0
2024-01-06,Onion,Amritsar(Amritsar Mewa Mandi),1200.0
2024-01-08,Onion,Amritsar(Amritsar Mewa Mandi),1100.0
2024-01-09,Onion,Amritsar(Amritsar Mewa Mandi),1200.0
2024-01-10,Onion,Amritsar(Amritsar Mewa Mandi),1100.0
2024-01-11,Onion,Amritsar(Amritsar Mewa Mandi),1200.0
2024-01-12,Onion,Amritsar(Amritsar Mewa Mandi),1200.0
2024-01-13,Onion,Amritsar(Amritsar Mewa Mandi),1100.0
2024-01-15,Onion,Amritsar(Amritsar Mewa Mandi),1100.0
2024-01-16,Onion,Amritsar(Amritsar Mewa Mandi),1100.0
2024-01-17,Onion,Amritsar(Amritsar Mewa Mandi),1100.0
2024-01-18,Onion,Amritsar(Amritsar Mewa Mandi),1100.0
2024-01-19,Onion,Amritsar(Amritsar Mewa Mandi),1100.0
2024-01-20,Onion,Amritsar(Amritsar Mewa Mandi),1100.0
2024-01-22,Onion,Amritsar(Amritsar Mewa Mandi),1100.0
2024-01-23,Onion,Amritsar(Amritsar Mewa Mandi),1100.0
2024-01-24,Onion,Amritsar(Amritsar Mewa Mandi),1100.0
2024-01-25,Onion,Amritsar(Amritsar Mewa Mandi),1000.0
2024-01-26,Onion,Amritsar(Amritsar Mewa Mandi),1100.0
2024-01-27,Onion,Amritsar(Amritsar Mewa Mandi),1000.0
2024-01-29,Onion,Amritsar(Amritsar Mewa Mandi),1000.0
2024-01-30,Onion,Amritsar(Amritsar Mewa Mandi),1000.0
2024-02-01,Onion,Amritsar(Amritsar Mewa Mandi),1000.0
2024-02-02,Onion,Amritsar(Amritsar Mewa Mandi),1100.0
2024-02-03,Onion,Amritsar(Amritsar Mewa Mandi),1000.0
2024-02-05,Onion,Amritsar(Amritsar Mewa Mandi),1000.0
2024-02-06,Onion,Amritsar(Amritsar Mewa Mandi),1000.0
2024-02-07,Onion,Amritsar(Amritsar Mewa Mandi),1000.0
2024-02-08,Onion,Amritsar(Amritsar Mewa Mandi),1000.0
2024-02-09,Onion,Amritsar(Amritsar Mewa Mandi),1100.0
2024-02-10,Onion,Amritsar(Amritsar Mewa Mandi),1100.0
2024-02-12,Onion,Amritsar(Amritsar Mewa Mandi),1000.0
2024-02-13,Onion,Amritsar(Amritsar Mewa Mandi),1100.0
2024-02-14,Onion,Amritsar(Amritsar Mewa Mandi),1100.0
2024-02-15,Onion,Amritsar(Amritsar Mewa Mandi),1100.0
2024-02-16,Onion,Amritsar(Amritsar Mewa Mandi),1100.0
2024-02-17,Onion,Amritsar(Amritsar Mewa Mandi),1100.0
2024-02-19,Onion,Amritsar(Amritsar Mewa Mandi),1200.0
2024-02-20,Onion,Amritsar(Amritsar Mewa Mandi),1200.0
2024-02-21,Onion,Amritsar(Amritsar Mewa Mandi),1100.0
2024-02-22,Onion,Amritsar(Amritsar Mewa Mandi),1100.0
2024-02-24,Onion,Amritsar(Amritsar Mewa Mandi),1000.0
2024-02-26,Onion,Amritsar(Amritsar Mewa Mandi),1100.0
2024-02-27,Onion,Amritsar(Amritsar Mewa Mandi),1000.0
2024-02-28,Onion,Amritsar(Amritsar Mewa Mandi),1000.0
2024-02-29,Onion,Amritsar(Amritsar Mewa Mandi),1100.0
2024-03-01,Onion,Amritsar(Amritsar Mewa Mandi),1100.0
2024-03-02,Onion,Amritsar(Amritsar Mewa Mandi),1100.0
2024-03-04,Onion,Amritsar(Amritsar Mewa Mandi),1100.0
2024-03-05,Onion,Amritsar(Amritsar Mewa Mandi),1100.0
2024-03-06,Onion,Amritsar(Amritsar Mewa Mandi),1100.0
2024-03-08,Onion,Amritsar(Amritsar Mewa Mandi),1100.0
2024-03-09,Onion,Amritsar(Amritsar Mewa Mandi),1100.0
2024-03-11,Onion,Amritsar(Amritsar Mewa Mandi),1200.0
2024-03-12,Onion,Amritsar(Amritsar Mewa Mandi),1100.0
2024-03-13,Onion,Amritsar(Amritsar Mewa Mandi),1100.0
2024-03-14,Onion,Amritsar(Amritsar Mewa Mandi),1200.0
2024-03-15,Onion,Amritsar(Amritsar Mewa Mandi),1200.0
2024-03-16,Onion,Amritsar(Amritsar Mewa Mandi),1300.0
2024-03-18,Onion,Amritsar(Amritsar Mewa Mandi),1200.0
2024-03-19,Onion,Amritsar(Amritsar Mewa Mandi),1200.0
2024-03-20,Onion,Amritsar(Amritsar Mewa Mandi),1100.0
2024-03-21,Onion,Amritsar(Amritsar Mewa Mandi),1100.0
2024-03-22,Onion,Amritsar(Amritsar Mewa Mandi),1100.0
2024-03-23,Onion,Amritsar(Amritsar Mewa Mandi),1000.0
2024-03-25,Onion,Amritsar(Amritsar Mewa Mandi),1200.0
2024-03-26,Onion,Amritsar(Amritsar Mewa Mandi),1200.0
2024-03-27,Onion,Amritsar(Amritsar Mewa Mandi),1200.0
2024-03-28,Onion,Amritsar(Amritsar Mewa Mandi),1200.0
2024-03-29,Onion,Amritsar(Amritsar Mewa Mandi),1200.0
2024-03-30,Onion,Amritsar(Amritsar Mewa Mandi),1200.0
2024-04-01,Onion,Amritsar(Amritsar Mewa Mandi),1200.0
2024-04-02,Onion,Amritsar(Amritsar Mewa Mandi),1200.0
2024-04-03,Onion,Amritsar(Amritsar Mewa Mandi),1100.0
2024-04-04,Onion,Amritsar(Amritsar Mewa Mandi),1200.0
2024-04-05,Onion,Amritsar(Amritsar Mewa Mandi),1100.0
2024-04-06,Onion,Amritsar(Amritsar Mewa Mandi),1100.0
2024-04-08,Onion,Amritsar(Amritsar Mewa Mandi),1100.0
2024-04-09,Onion,Amritsar(Amritsar Mewa Mandi),1100.0
2024-04-10,Onion,Amritsar(Amritsar Mewa Mandi),1100.0
2024-04-12,Onion,Amritsar(Amritsar Mewa Mandi),1100.0
2024-04-13,Onion,Amritsar(Amritsar Mewa Mandi),1100.0
2024-04-15,Onion,Amritsar(Amritsar Mewa Mandi),1100.0
2024-04-16,Onion,Amritsar(Amritsar Mewa Mandi),1100.0
2024-04-17,Onion,Amritsar(Amritsar Mewa Mandi),1000.0
2024-04-18,Onion,Amritsar(Amritsar Mewa Mandi),1100.0
2024-04-19,Onion,Amritsar(Amritsar Mewa Mandi),1100.0
2024-04-22,Onion,Amritsar(Amritsar Mewa Mandi),1100.0
2024-04-23,Onion,Amritsar(Amritsar Mewa Mandi),1100.0
2024-04-24,Onion,Amritsar(Amritsar Mewa Mandi),1100.0
2024-04-25,Onion,Amritsar(Amritsar Mewa Mandi),1100.0
2024-04-26,Onion,Amritsar(Amritsar Mewa Mandi),1100.0
2024-04-27,Onion,Amritsar(Amritsar Mewa Mandi),1000.0
2024-04-29,Onion,Amritsar(Amritsar Mewa Mandi),1000.0
2024-04-30,Onion,Amritsar(Amritsar Mewa Mandi),1100.0
2024-05-01,Onion,Amritsar(Amritsar Mewa Mandi),800.0
2024-05-02,Onion,Amritsar(Amritsar Mewa Mandi),1000.0
2024-05-03,Onion,Amritsar(Amritsar Mewa Mandi),1000.0
2024-05-04,Onion,Amritsar(Amritsar Mewa Mandi),1000.0
2024-05-06,Onion,Amritsar(Amritsar Mewa Mandi),1100.0
2024-05-07,Onion,Amritsar(Amritsar Mewa Mandi),1000.0
2024-05-08,Onion,Amritsar(Amritsar Mewa Mandi),1000.0
2024-05-09,Onion,Amritsar(Amritsar Mewa Mandi),1000.0
2024-05-10,Onion,Amritsar(Amritsar Mewa Mandi),1000.0
2024-05-11,Onion,Amritsar(Amritsar Mewa Mandi),1100.0
2024-05-13,Onion,Amritsar(Amritsar Mewa Mandi),1100.0
2024-05-14,Onion,Amritsar(Amritsar Mewa Mandi),1100.0
2024-05-15,Onion,Amritsar(Amritsar Mewa Mandi),1100.0
2024-05-16,Onion,Amritsar(Amritsar Mewa Mandi),1000.0
2024-05-17,Onion,Amritsar(Amritsar Mewa Mandi),1100.0
2024-05-18,Onion,Amritsar(Amritsar Mewa Mandi),1100.0
2024-05-20,Onion,Amritsar(Amritsar Mewa Mandi),1000.0
2024-05-21,Onion,Amritsar(Amritsar Mewa Mandi),1000.0
2024-05-23,Onion,Amritsar(Amritsar Mewa Mandi),1100.0
2024-05-24,Onion,Amritsar(Amritsar Mewa Mandi),1000.0
2024-05-25,Onion,Amritsar(Amritsar Mewa Mandi),1000.0
2024-05-27,Onion,Amritsar(Amritsar Mewa Mandi),1100.0
2024-05-28,Onion,Amritsar(Amritsar Mewa Mandi),1100.0
2024-05-29,Onion,Amritsar(Amritsar Mewa Mandi),1100.0
2024-05-30,Onion,Amritsar(Amritsar Mewa Mandi),1100.0
2024-05-31,Onion,Amritsar(Amritsar Mewa Mandi),1100.0
2024-06-01,Onion,Amritsar(Amritsar Mewa Mandi),1100.0
2024-06-03,Onion,Amritsar(Amritsar Mewa Mandi),1000.0
2024-06-04,Onion,Amritsar(Amritsar Mewa Mandi),1100.0
2024-06-05,Onion,Amritsar(Amritsar Mewa Mandi),1000.0
2024-06-06,Onion,Amritsar(Amritsar Mewa Mandi),1100.0
2024-07-06,Onion,Amritsar(Amritsar Mewa Mandi),1300.0
2024-07-08,Onion,Amritsar(Amritsar Mewa Mandi),1500.0
2024-07-09,Onion,Amritsar(Amritsar Mewa Mandi),1400.0
2024-07-10,Onion,Amritsar(Amritsar Mewa Mandi),1400.0
2024-07-11,Onion,Amritsar(Amritsar Mewa Mandi),1500.0
2024-07-12,Onion,Amritsar(Amritsar Mewa Mandi),1400.0
2024-07-13,Onion,Amritsar(Amritsar Mewa Mandi),1400.0
2024-07-15,Onion,Amritsar(Amritsar Mewa Mandi),1400.0
2024-07-16,Onion,Amritsar(Amritsar Mewa Mandi),1500.0
2024-07-17,Onion,Amritsar(Amritsar Mewa Mandi),1300.0
2024-07-18,Onion,Amritsar(Amritsar Mewa Mandi),1400.0
2024-07-19,Onion,Amritsar(Amritsar Mewa Mandi),1400.0
2024-07-20,Onion,Amritsar(Amritsar Mewa Mandi),1400.0
2024-07-22,Onion,Amritsar(Amritsar Mewa Mandi),1400.0
2024-07-23,Onion,Amritsar(Amritsar Mewa Mandi),1400.0
2024-07-24,Onion,Amritsar(Amritsar Mewa Mandi),1400.0
2024-07-25,Onion,Amritsar(Amritsar Mewa Mandi),1300.0
2024-07-26,Onion,Amritsar(Amritsar Mewa Mandi),1300.0
2024-07-27,Onion,Amritsar(Amritsar Mewa Mandi),1500.0
2024-07-29,Onion,Amritsar(Amritsar Mewa Mandi),1400.0
2024-07-30,Onion,Amritsar(Amritsar Mewa Mandi),1400.0
2024-07-31,Onion,Amritsar(Amritsar Mewa Mandi),1500.0
2024-08-01,Onion,Amritsar(Amritsar Mewa Mandi),1500.0
2024-08-02,Onion,Amritsar(Amritsar Mewa Mandi),1400.0
2024-08-03,Onion,Amritsar(Amritsar Mewa Mandi),1400.0
2024-08-05,Onion,Amritsar(Amritsar Mewa Mandi),1400.0
2024-08-06,Onion,Amritsar(Amritsar Mewa Mandi),1500.0
2024-08-07,Onion,Amritsar(Amritsar Mewa Mandi),1400.0
2024-08-08,Onion,Amritsar(Amritsar Mewa Mandi),1400.0
2024-08-09,Onion,Amritsar(Amritsar Mewa Mandi),1400.0
2024-08-10,Onion,Amritsar(Amritsar Mewa Mandi),1500.0
2024-08-12,Onion,Amritsar(Amritsar Mewa Mandi),1400.0
2024-08-15,Onion,Amritsar(Amritsar Mewa Mandi),1500.0
2024-08-16,Onion,Amritsar(Amritsar Mewa Mandi),1500.0
2024-08-17,Onion,Amritsar(Amritsar Mewa Mandi),1500.0
2024-08-19,Onion,Amritsar(Amritsar Mewa Mandi),1500.0
2024-08-20,Onion,Amritsar(Amritsar Mewa Mandi),1600.0
2024-08-21,Onion,Amritsar(Amritsar Mewa Mandi),1600.0
2024-08-22,Onion,Amritsar(Amritsar Mewa Mandi),1600.0
2024-08-23,Onion,Amritsar(Amritsar Mewa Mandi),1600.0
2024-08-26,Onion,Amritsar(Amritsar Mewa Mandi),2000.0
2024-08-27,Onion,Amritsar(Amritsar Mewa Mandi),2000.0
2024-08-28,Onion,Amritsar(Amritsar Mewa Mandi),2000.0
2024-08-29,Onion,Amritsar(Amritsar Mewa Mandi),2200.0
2024-08-30,Onion,Amritsar(Amritsar Mewa Mandi),2000.0
2024-08-31,Onion,Amritsar(Amritsar Mewa Mandi),2000.0
2024-09-02,Onion,Amritsar(Amritsar Mewa Mandi),2000.0
2024-09-03,Onion,Amritsar(Amritsar Mewa Mandi),2500.0
2024-09-04,Onion,Amritsar(Amritsar Mewa Mandi),2400.0
2024-09-05,Onion,Amritsar(Amritsar Mewa Mandi),2400.0
2024-09-06,Onion,Amritsar(Amritsar Mewa Mandi),2500.0
2024-09-07,Onion,Amritsar(Amritsar Mewa Mandi),2500.0
2024-09-09,Onion,Amritsar(Amritsar Mewa Mandi),2000.0
2024-09-10,Onion,Amritsar(Amritsar Mewa Mandi),2000.0
2024-09-11,Onion,Amritsar(Amritsar Mewa Mandi),2000.0
2024-09-12,Onion,Amritsar(Amritsar Mewa Mandi),2500.0
2024-09-13,Onion,Amritsar(Amritsar Mewa Mandi),2500.0
2024-09-14,Onion,Amritsar(Amritsar Mewa Mandi),2700.0
2024-09-16,Onion,Amritsar(Amritsar Mewa Mandi),2500.0
2024-09-17,Onion,Amritsar(Amritsar Mewa Mandi),2500.0
2024-09-18,Onion,Amritsar(Amritsar Mewa Mandi),2500.0
2024-09-19,Onion,Amritsar(Amritsar Mewa Mandi),2500.0
2024-09-21,Onion,Amritsar(Amritsar Mewa Mandi),2800.0
2024-09-23,Onion,Amritsar(Amritsar Mewa Mandi),2500.0
2024-09-24,Onion,Amritsar(Amritsar Mewa Mandi),2700.0
2024-09-25,Onion,Amritsar(Amritsar Mewa Mandi),2400.0
2024-09-26,Onion,Amritsar(Amritsar Mewa Mandi),2400.0
2024-09-27,Onion,Amritsar(Amritsar Mewa Mandi),2600.0
2024-09-28,Onion,Amritsar(Amritsar Mewa Mandi),2500.0
2024-09-29,Onion,Amritsar(Amritsar Mewa Mandi),2500.0
2024-09-30,Onion,Amritsar(Amritsar Mewa Mandi),2500.0
2025-02-12,Onion,Amritsar(Amritsar Mewa Mandi),1200.0
2025-02-19,Onion,Amritsar(Amritsar Mewa Mandi),1400.0
2025-02-20,Onion,Amritsar(Amritsar Mewa Mandi),1400.0
2025-02-21,Onion,Amritsar(Amritsar Mewa Mandi),1400.0
2025-02-27,Onion,Amritsar(Amritsar Mewa Mandi),1300.0
2025-02-28,Onion,Amritsar(Amritsar Mewa Mandi),1300.0
2025-03-07,Onion,Amritsar(Amritsar Mewa Mandi),1400.0
2025-03-08,Onion,Amritsar(Amritsar Mewa Mandi),1300.0
2025-03-10,Onion,Amritsar(Amritsar Mewa Mandi),1300.0
2025-03-15,Onion,Amritsar(Amritsar Mewa Mandi),1100.0
2025-03-27,Onion,Amritsar(Amritsar Mewa Mandi),1000.0
2025-03-28,Onion,Amritsar(Amritsar Mewa Mandi),1000.0
2025-04-01,Onion,Amritsar(Amritsar Mewa Mandi),1200.0
2025-04-02,Onion,Amritsar(Amritsar Mewa Mandi),1300.0
2025-04-03,Onion,Amritsar(Amritsar Mewa Mandi),1000.0
2025-04-04,Onion,Amritsar(Amritsar Mewa Mandi),1000.0
2025-04-05,Onion,Amritsar(Amritsar Mewa Mandi),1300.0
2025-04-07,Onion,Amritsar(Amritsar Mewa Mandi),1200.0
2025-04-08,Onion,Amritsar(Amritsar Mewa Mandi),1200.0
2025-04-09,Onion,Amritsar(Amritsar Mewa Mandi),1200.0
2025-04-10,Onion,Amritsar(Amritsar Mewa Mandi),1300.0
2025-04-11,Onion,Amritsar(Amritsar Mewa Mandi),1200.0
2025-04-14,Onion,Amritsar(Amritsar Mewa Mandi),1000.0
2025-04-15,Onion,Amritsar(Amritsar Mewa Mandi),1000.0
2025-04-16,Onion,Amritsar(Amritsar Mewa Mandi),1000.0
2025-04-17,Onion,Amritsar(Amritsar Mewa Mandi),1000.0
2025-04-18,Onion,Amritsar(Amritsar Mewa Mandi),1000.0
2025-04-21,Onion,Amritsar(Amritsar Mewa Mandi),1000.0
2025-04-22,Onion,Amritsar(Amritsar Mewa Mandi),1100.0
2025-04-23,Onion,Amritsar(Amritsar Mewa Mandi),1100.0
2025-04-24,Onion,Amritsar(Amritsar Mewa Mandi),1000.0
2025-04-25,Onion,Amritsar(Amritsar Mewa Mandi),1000.0
2025-04-26,Onion,Amritsar(Amritsar Mewa Mandi),1000.0
2025-04-28,Onion,Amritsar(Amritsar Mewa Mandi),1000.0
2025-04-30,Onion,Amritsar(Amritsar Mewa Mandi),1000.0
2025-05-01,Onion,Amritsar(Amritsar Mewa Mandi),1000.0
2025-05-02,Onion,Amritsar(Amritsar Mewa Mandi),1000.0
2025-05-03,Onion,Amritsar(Amritsar Mewa Mandi),1000.0
2025-05-05,Onion,Amritsar(Amritsar Mewa Mandi),1000.0
2025-05-06,Onion,Amritsar(Amritsar Mewa Mandi),1000.0
2025-05-07,Onion,Amritsar(Amritsar Mewa Mandi),1400.0
2025-05-08,Onion,Amritsar(Amritsar Mewa Mandi),1200.0
2025-05-09,Onion,Amritsar(Amritsar Mewa Mandi),1200.0
2025-05-10,Onion,Amritsar(Amritsar Mewa Mandi),1000.0
2025-05-12,Onion,Amritsar(Amritsar Mewa Mandi),1000.0
2025-05-13,Onion,Amritsar(Amritsar Mewa Mandi),1000.0
2025-05-14,Onion,Amritsar(Amritsar Mewa Mandi),1000.0
2025-05-15,Onion,Amritsar(Amritsar Mewa Mandi),1000.0
2025-05-16,Onion,Amritsar(Amritsar Mewa Mandi),1000.0
2025-05-17,Onion,Amritsar(Amritsar Mewa Mandi),1000.0
2025-05-19,Onion,Amritsar(Amritsar Mewa Mandi),1000.0
2025-05-20,Onion,Amritsar(Amritsar Mewa Mandi),1000.0
2025-05-21,Onion,Amritsar(Amritsar Mewa Mandi),1000.0
2025-05-22,Onion,Amritsar(Amritsar Mewa Mandi),900.0
2025-05-23,Onion,Amritsar(Amritsar Mewa Mandi),900.0
2025-05-24,Onion,Amritsar(Amritsar Mewa Mandi),900.0
2025-05-28,Onion,Amritsar(Amritsar Mewa Mandi),900.0
2025-05-29,Onion,Amritsar(Amritsar Mewa Mandi),900.0
2025-05-30,Onion,Amritsar(Amritsar Mewa Mandi),900.0
2025-05-31,Onion,Amritsar(Amritsar Mewa Mandi),900.0
2025-06-02,Onion,Amritsar(Amritsar Mewa Mandi),900.0
2025-06-03,Onion,Amritsar(Amritsar Mewa Mandi),900.0
2025-06-04,Onion,Amritsar(Amritsar Mewa Mandi),900.0
2025-06-05,Onion,Amritsar(Amritsar Mewa Mandi),900.0
2025-06-06,Onion,Amritsar(Amritsar Mewa Mandi),900.0
2025-06-10,Onion,Amritsar(Amritsar Mewa Mandi),1000.0
2026-04-14,Onion,Amritsar(Amritsar Mewa Mandi),1300.0
2026-04-15,Onion,Amritsar(Amritsar Mewa Mandi),1350.0
2026-04-16,Onion,Amritsar(Amritsar Mewa Mandi),1400.0
2026-04-18,Onion,Amritsar(Amritsar Mewa Mandi),1000.0
2026-05-15,Onion,Amritsar(Amritsar Mewa Mandi),400.0
2026-08-20,Onion,Amritsar(Amritsar Mewa Mandi),2550.0
2023-06-06,Onion,Doraha,1382.0
2023-06-07,Onion,Doraha,1239.0
2023-06-08,Onion,Doraha,1236.0
2023-06-09,Onion,Doraha,1470.0
2023-06-10,Onion,Doraha,1438.0
2023-06-12,Onion,Doraha,1500.0
2023-06-13,Onion,Doraha,1500.0
2023-06-14,Onion,Doraha,1600.0
2023-06-15,Onion,Doraha,1495.0
2023-06-16,Onion,Doraha,1500.0
2023-06-17,Onion,Doraha,1500.0
2023-06-19,Onion,Doraha,1500.0
2023-06-20,Onion,Doraha,1500.0
2023-06-21,Onion,Doraha,1500.0
2023-06-22,Onion,Doraha,1500.0
2023-06-23,Onion,Doraha,1600.0
2023-06-24,Onion,Doraha,1500.0
2023-06-27,Onion,Doraha,1455.0
2023-06-28,Onion,Doraha,1400.0
2023-06-29,Onion,Doraha,1588.0
2023-06-30,Onion,Doraha,1763.0
2023-07-03,Onion,Doraha,1700.0
2023-07-04,Onion,Doraha,1795.0
2023-07-05,Onion,Doraha,2055.0
2023-07-06,Onion,Doraha,2154.0
2023-07-07,Onion,Doraha,2199.0
2023-07-08,Onion,Doraha,2133.0
2023-07-10,Onion,Doraha,2149.0
2023-07-11,Onion,Doraha,2100.0
2023-07-12,Onion,Doraha,2100.0
2023-07-14,Onion,Doraha,2105.0
2023-07-15,Onion,Doraha,1900.0
2023-07-17,Onion,Doraha,2013.0
2023-07-18,Onion,Doraha,2066.0
2023-07-20,Onion,Doraha,1945.0
2023-07-21,Onion,Doraha,1988.0
2023-07-22,Onion,Doraha,1945.0
2023-07-24,Onion,Doraha,1948.0
2023-07-25,Onion,Doraha,1987.0
2023-07-27,Onion,Doraha,1847.0
2023-07-28,Onion,Doraha,1875.0
2023-07-29,Onion,Doraha,2000.0
2023-07-31,Onion,Doraha,1829.0
2023-08-01,Onion,Doraha,1875.0
2023-08-02,Onion,Doraha,1865.0
2023-08-04,Onion,Doraha,1835.0
2023-08-05,Onion,Doraha,1855.0
2023-08-08,Onion,Doraha,2013.0
2023-08-09,Onion,Doraha,1955.0
2023-08-10,Onion,Doraha,1825.0
2023-08-11,Onion,Doraha,1945.0
2023-08-12,Onion,Doraha,2054.0
2023-08-14,Onion,Doraha,2500.0
2023-08-15,Onion,Doraha,2424.0
2023-08-17,Onion,Doraha,2408.0
2023-08-18,Onion,Doraha,2500.0
2023-08-19,Onion,Doraha,2496.0
2023-08-21,Onion,Doraha,2445.0
2023-08-22,Onion,Doraha,2498.0
2023-08-23,Onion,Doraha,2421.0
2023-08-24,Onion,Doraha,2408.0
2023-08-25,Onion,Doraha,2745.0
2023-08-26,Onion,Doraha,2667.0
2023-08-28,Onion,Doraha,2459.0
2023-08-29,Onion,Doraha,2500.0
2023-08-30,Onion,Doraha,2500.0
2023-09-01,Onion,Doraha,2415.0
2023-09-02,Onion,Doraha,2415.0
2023-09-04,Onion,Doraha,2409.0
2023-09-05,Onion,Doraha,2500.0
2023-09-06,Onion,Doraha,2500.0
2023-09-07,Onion,Doraha,2500.0
2023-09-08,Onion,Doraha,2466.0
2023-09-09,Onion,Doraha,2415.0
2023-09-11,Onion,Doraha,2549.0
2023-09-12,Onion,Doraha,2408.0
2023-09-13,Onion,Doraha,2407.0
2023-09-14,Onion,Doraha,2536.0
2023-09-15,Onion,Doraha,2579.0
2023-09-16,Onion,Doraha,2500.0
2023-09-18,Onion,Doraha,2489.0
2023-09-19,Onion,Doraha,2509.0
2023-09-20,Onion,Doraha,2499.0
2023-09-21,Onion,Doraha,2400.0
2023-09-22,Onion,Doraha,2309.0
2023-09-23,Onion,Doraha,2300.0
2023-09-25,Onion,Doraha,2469.0
2023-09-26,Onion,Doraha,2500.0
2023-09-27,Onion,Doraha,2509.0
2023-09-28,Onion,Doraha,2309.0
2023-09-29,Onion,Doraha,2213.0
2023-09-30,Onion,Doraha,2252.0
2023-10-02,Onion,Doraha,2217.0
2023-10-03,Onion,Doraha,2377.0
2023-10-04,Onion,Doraha,2300.0
2023-10-05,Onion,Doraha,2300.0
2023-10-06,Onion,Doraha,2444.0
2023-10-07,Onion,Doraha,2450.0
2023-10-09,Onion,Doraha,2500.0
2023-10-10,Onion,Doraha,2555.0
2023-10-11,Onion,Doraha,2541.0
2023-10-12,Onion,Doraha,2500.0
2023-10-13,Onion,Doraha,2886.0
2023-10-14,Onion,Doraha,2550.0
2023-10-16,Onion,Doraha,2500.0
2023-10-17,Onion,Doraha,2550.0
2023-10-18,Onion,Doraha,2800.0
2023-10-19,Onion,Doraha,3065.0
2023-10-20,Onion,Doraha,2800.0
2023-10-21,Onion,Doraha,2900.0
2023-10-23,Onion,Doraha,3200.0
2023-10-24,Onion,Doraha,3300.0
2023-10-25,Onion,Doraha,3244.0
2023-10-26,Onion,Doraha,3600.0
2023-10-27,Onion,Doraha,4000.0
2023-10-28,Onion,Doraha,4520.0
2023-10-30,Onion,Doraha,4800.0
2023-10-31,Onion,Doraha,5000.0
2023-11-01,Onion,Doraha,5025.0
2023-11-02,Onion,Doraha,4099.0
2023-11-03,Onion,Doraha,4500.0
2023-11-04,Onion,Doraha,4552.0
2023-11-06,Onion,Doraha,4233.0
2023-11-07,Onion,Doraha,4090.0
2023-11-08,Onion,Doraha,4108.0
2023-11-09,Onion,Doraha,4225.0
2023-11-10,Onion,Doraha,4203.0
2023-11-11,Onion,Doraha,4355.0
2023-11-13,Onion,Doraha,4239.0
2023-11-14,Onion,Doraha,4212.0
2023-11-17,Onion,Doraha,4300.0
2023-11-18,Onion,Doraha,4333.0
2023-11-20,Onion,Doraha,4123.0
2023-11-21,Onion,Doraha,3896.0
2023-11-22,Onion,Doraha,4032.0
2023-11-23,Onion,Doraha,4212.0
2023-11-24,Onion,Doraha,3947.0
2023-11-25,Onion,Doraha,4021.0
2023-11-27,Onion,Doraha,3800.0
2023-11-28,Onion,Doraha,3500.0
2023-11-29,Onion,Doraha,3500.0
2023-11-30,Onion,Doraha,4555.0
2023-12-01,Onion,Doraha,4800.0
2023-12-04,Onion,Doraha,4200.0
2023-12-06,Onion,Doraha,3600.0
2023-12-07,Onion,Doraha,3555.0
2023-12-08,Onion,Doraha,3500.0
2023-12-12,Onion,Doraha,3500.0
2023-12-13,Onion,Doraha,2800.0
2023-12-14,Onion,Doraha,2800.0
2023-12-15,Onion,Doraha,2800.0
2023-12-16,Onion,Doraha,2800.0
2023-12-18,Onion,Doraha,2500.0
2023-12-19,Onion,Doraha,2300.0
2023-12-20,Onion,Doraha,2444.0
2023-12-21,Onion,Doraha,2688.0
2023-12-22,Onion,Doraha,2800.0
2023-12-23,Onion,Doraha,2700.0
2023-12-27,Onion,Doraha,2400.0
2023-12-28,Onion,Doraha,2200.0
2023-12-29,Onion,Doraha,1800.0
2023-12-30,Onion,Doraha,2000.0
2024-01-03,Onion,Doraha,2500.0
2024-01-04,Onion,Doraha,2600.0
2024-01-05,Onion,Doraha,2600.0
2024-01-06,Onion,Doraha,2500.0
2024-01-08,Onion,Doraha,2500.0
2024-01-10,Onion,Doraha,2500.0
2024-01-11,Onion,Doraha,2500.0
2024-01-12,Onion,Doraha,2500.0
2024-01-13,Onion,Doraha,2500.0
2024-01-15,Onion,Doraha,2500.0
2024-01-16,Onion,Doraha,2500.0
2024-01-17,Onion,Doraha,2500.0
2024-01-18,Onion,Doraha,2500.0
2024-01-19,Onion,Doraha,2500.0
2024-01-20,Onion,Doraha,2500.0
2024-01-24,Onion,Doraha,2300.0
2024-01-25,Onion,Doraha,2000.0
2024-01-26,Onion,Doraha,2000.0
2024-01-27,Onion,Doraha,2000.0
2024-01-29,Onion,Doraha,2000.0
2024-01-30,Onion,Doraha,2000.0
2024-01-31,Onion,Doraha,2200.0
2024-02-01,Onion,Doraha,2000.0
2024-02-02,Onion,Doraha,2000.0
2024-02-03,Onion,Doraha,2000.0
2024-02-05,Onion,Doraha,1900.0
2024-02-06,Onion,Doraha,1900.0
2024-02-09,Onion,Doraha,2000.0
2024-02-10,Onion,Doraha,2000.0
2024-02-12,Onion,Doraha,1950.0
2024-02-13,Onion,Doraha,1850.0
2024-02-14,Onion,Doraha,1800.0
2024-02-15,Onion,Doraha,1800.0
2024-02-16,Onion,Doraha,1500.0
2024-02-17,Onion,Doraha,1800.0
2024-02-19,Onion,Doraha,1700.0
2024-02-20,Onion,Doraha,1700.0
2024-02-21,Onion,Doraha,1700.0
2024-02-22,Onion,Doraha,1755.0
2024-02-23,Onion,Doraha,1500.0
2024-02-24,Onion,Doraha,1500.0
2024-02-26,Onion,Doraha,1500.0
2024-02-27,Onion,Doraha,1800.0
2024-02-28,Onion,Doraha,2000.0
2024-02-29,Onion,Doraha,2000.0
2024-03-01,Onion,Doraha,2000.0
2024-03-02,Onion,Doraha,2000.0
2024-03-04,Onion,Doraha,2150.0
2024-03-05,Onion,Doraha,2000.0
2024-03-06,Onion,Doraha,2000.0
2024-03-07,Onion,Doraha,2100.0
2024-03-08,Onion,Doraha,2000.0
2024-03-09,Onion,Doraha,2000.0
2024-03-11,Onion,Doraha,2000.0
2024-03-14,Onion,Doraha,2000.0
2024-03-15,Onion,Doraha,2200.0
2024-03-16,Onion,Doraha,2500.0
2024-03-18,Onion,Doraha,2200.0
2024-03-19,Onion,Doraha,2200.0
2024-03-20,Onion,Doraha,2100.0
2024-03-22,Onion,Doraha,2200.0
2024-03-23,Onion,Doraha,2000.0
2024-03-25,Onion,Doraha,2000.0
2024-03-26,Onion,Doraha,2100.0
2024-03-27,Onion,Doraha,2100.0
2024-03-28,Onion,Doraha,2100.0
2024-03-29,Onion,Doraha,2200.0
2024-04-01,Onion,Doraha,2000.0
2024-04-04,Onion,Doraha,2200.0
2024-04-05,Onion,Doraha,2000.0
2024-04-06,Onion,Doraha,2300.0
2024-04-08,Onion,Doraha,2000.0
2024-04-10,Onion,Doraha,2300.0
2024-04-11,Onion,Doraha,2000.0
2024-04-15,Onion,Doraha,2000.0
2024-04-19,Onion,Doraha,2000.0
2024-04-20,Onion,Doraha,2000.0
2024-04-23,Onion,Doraha,2000.0
2024-04-26,Onion,Doraha,2000.0
2024-04-29,Onion,Doraha,2000.0
2024-05-01,Onion,Doraha,2000.0
2024-05-03,Onion,Doraha,1900.0
2024-05-04,Onion,Doraha,2000.0
2024-05-06,Onion,Doraha,1800.0
2024-05-07,Onion,Doraha,1800.0
2024-05-08,Onion,Doraha,1800.0
2024-05-09,Onion,Doraha,1800.0
2024-05-10,Onion,Doraha,1800.0
2024-05-13,Onion,Doraha,1800.0
2024-05-15,Onion,Doraha,1700.0
2024-05-16,Onion,Doraha,1700.0
2024-05-17,Onion,Doraha,1800.0
2024-05-18,Onion,Doraha,1600.0
2024-05-20,Onion,Doraha,1700.0
2024-05-21,Onion,Doraha,1844.0
2024-05-22,Onion,Doraha,1700.0
2024-05-23,Onion,Doraha,1800.0
2024-05-24,Onion,Doraha,1800.0
2024-05-25,Onion,Doraha,1700.0
2024-05-27,Onion,Doraha,1800.0
2024-05-29,Onion,Doraha,1800.0
2024-05-30,Onion,Doraha,1675.0
2024-05-31,Onion,Doraha,1800.0
2024-06-04,Onion,Doraha,1800.0
2024-06-05,Onion,Doraha,1900.0
2024-06-06,Onion,Doraha,2000.0
2024-07-06,Onion,Doraha,3200.0
2024-07-08,Onion,Doraha,3253.0
2024-07-09,Onion,Doraha,3345.0
2024-07-10,Onion,Doraha,3350.0
2024-07-11,Onion,Doraha,3300.0
2024-07-12,Onion,Doraha,3420.0
2024-07-13,Onion,Doraha,3400.0
2024-07-16,Onion,Doraha,3350.0
2024-07-19,Onion,Doraha,3350.0
2024-07-20,Onion,Doraha,3000.0
2024-07-24,Onion,Doraha,3000.0
2024-07-26,Onion,Doraha,2900.0
2024-07-27,Onion,Doraha,3000.0
2024-07-29,Onion,Doraha,2900.0
2024-07-31,Onion,Doraha,3000.0
2024-08-02,Onion,Doraha,2900.0
2024-08-03,Onion,Doraha,3000.0
2024-08-06,Onion,Doraha,3000.0
2024-08-07,Onion,Doraha,2900.0
2024-08-08,Onion,Doraha,3000.0
2024-08-10,Onion,Doraha,2900.0
2024-08-12,Onion,Doraha,3500.0
2024-08-14,Onion,Doraha,3800.0
2024-08-16,Onion,Doraha,3800.0
2024-08-17,Onion,Doraha,4000.0
2024-08-21,Onion,Doraha,3550.0
2024-08-22,Onion,Doraha,3500.0
2024-08-23,Onion,Doraha,3500.0
2024-08-24,Onion,Doraha,3500.0
2024-08-26,Onion,Doraha,3500.0
2024-08-27,Onion,Doraha,3500.0
2024-08-28,Onion,Doraha,4200.0
2024-08-30,Onion,Doraha,4000.0
2024-08-31,Onion,Doraha,4000.0
2024-09-02,Onion,Doraha,4000.0
2024-09-04,Onion,Doraha,4100.0
2024-09-05,Onion,Doraha,4000.0
2024-09-07,Onion,Doraha,4000.0
2024-09-09,Onion,Doraha,4300.0
2024-09-10,Onion,Doraha,4200.0
2024-09-14,Onion,Doraha,4000.0
2024-09-16,Onion,Doraha,4500.0
2024-09-17,Onion,Doraha,4800.0
2024-09-21,Onion,Doraha,4600.0
2024-09-23,Onion,Doraha,4900.0
2024-09-24,Onion,Doraha,4700.0
2024-09-25,Onion,Doraha,4800.0
2024-09-26,Onion,Doraha,4800.0
2024-09-27,Onion,Doraha,4800.0
2024-09-28,Onion,Doraha,4600.0
2024-09-30,Onion,Doraha,4300.0
2024-10-01,Onion,Doraha,4500.0
2024-10-02,Onion,Doraha,4300.0
2024-10-03,Onion,Doraha,4300.0
2024-10-04,Onion,Doraha,4500.0
2024-10-10,Onion,Doraha,4350.0
2024-10-11,Onion,Doraha,4300.0
2024-10-12,Onion,Doraha,4300.0
2024-10-16,Onion,Doraha,4300.0
2024-10-17,Onion,Doraha,4500.0
2024-10-18,Onion,Doraha,4500.0
2024-10-21,Onion,Doraha,4300.0
2024-10-23,Onion,Doraha,4400.0
2024-10-25,Onion,Doraha,4300.0
2024-10-28,Onion,Doraha,4300.0
2024-11-01,Onion,Doraha,4000.0
2024-11-07,Onion,Doraha,4300.0
2024-11-08,Onion,Doraha,4300.0
2024-11-12,Onion,Doraha,4500.0
2024-11-13,Onion,Doraha,4300.0
2024-11-14,Onion,Doraha,4300.0
2024-11-20,Onion,Doraha,4300.0
2024-11-22,Onion,Doraha,1800.0
2024-11-23,Onion,Doraha,4000.0
2024-11-25,Onion,Doraha,4000.0
2024-11-26,Onion,Doraha,3800.0
2024-11-27,Onion,Doraha,3800.0
2024-11-28,Onion,Doraha,3800.0
2024-11-29,Onion,Doraha,3800.0
2024-12-02,Onion,Doraha,3800.0
2024-12-04,Onion,Doraha,3900.0
2024-12-06,Onion,Doraha,4000.0
2025-02-06,Onion,Doraha,2700.0
2025-02-07,Onion,Doraha,2800.0
2025-02-08,Onion,Doraha,2800.0
2025-02-10,Onion,Doraha,2750.0
2025-02-11,Onion,Doraha,2800.0
2025-02-12,Onion,Doraha,2800.0
2025-02-13,Onion,Doraha,2700.0
2025-02-14,Onion,Doraha,2700.0
2025-02-18,Onion,Doraha,3200.0
2025-02-19,Onion,Doraha,3100.0
2025-02-20,Onion,Doraha,3000.0
2025-02-24,Onion,Doraha,2800.0
2025-02-25,Onion,Doraha,2900.0
2025-02-28,Onion,Doraha,3000.0
2025-03-03,Onion,Doraha,3000.0
2025-03-04,Onion,Doraha,3000.0
2025-03-05,Onion,Doraha,3200.0
2025-03-06,Onion,Doraha,2900.0
2025-03-07,Onion,Doraha,2800.0
2025-03-11,Onion,Doraha,2900.0
2025-03-12,Onion,Doraha,2820.0
2025-03-13,Onion,Doraha,2600.0
2025-03-14,Onion,Doraha,2500.0
2025-03-17,Onion,Doraha,2600.0
2025-03-18,Onion,Doraha,2400.0
2025-03-20,Onion,Doraha,2300.0
2025-03-21,Onion,Doraha,2200.0
2025-03-25,Onion,Doraha,2300.0
2025-03-27,Onion,Doraha,2400.0
2025-04-02,Onion,Doraha,2250.0
2025-04-03,Onion,Doraha,2250.0
2025-04-04,Onion,Doraha,2050.0
2025-04-05,Onion,Doraha,2000.0
2025-04-07,Onion,Doraha,2000.0
2025-04-10,Onion,Doraha,2050.0
2025-04-11,Onion,Doraha,2050.0
2025-04-12,Onion,Doraha,1950.0
2025-04-14,Onion,Doraha,2050.0
2025-04-15,Onion,Doraha,1950.0
2025-04-16,Onion,Doraha,1950.0
2025-04-17,Onion,Doraha,1875.0
2025-04-18,Onion,Doraha,1975.0
2025-04-21,Onion,Doraha,1900.0
2025-04-23,Onion,Doraha,1925.0
2025-04-24,Onion,Doraha,1800.0
2025-04-25,Onion,Doraha,1850.0
2025-04-26,Onion,Doraha,1850.0
2025-04-30,Onion,Doraha,1625.0
2025-05-02,Onion,Doraha,1550.0
2025-05-03,Onion,Doraha,1550.0
2025-05-05,Onion,Doraha,1525.0
2025-05-07,Onion,Doraha,1300.0
2025-05-08,Onion,Doraha,1400.0
2025-05-09,Onion,Doraha,1450.0
2025-05-14,Onion,Doraha,1825.0
2025-05-15,Onion,Doraha,1775.0
2025-05-16,Onion,Doraha,1925.0
2025-05-19,Onion,Doraha,1500.0
2025-05-20,Onion,Doraha,1500.0
2025-05-21,Onion,Doraha,1425.0
2025-05-22,Onion,Doraha,1450.0
2025-05-23,Onion,Doraha,1525.0
2025-05-26,Onion,Doraha,1525.0
2025-05-28,Onion,Doraha,1475.0
2025-05-29,Onion,Doraha,1500.0
2025-05-30,Onion,Doraha,1475.0
2025-06-02,Onion,Doraha,1400.0
2025-06-03,Onion,Doraha,1500.0
2025-06-05,Onion,Doraha,1650.0
2025-06-06,Onion,Doraha,1650.0
2025-06-07,Onion,Doraha,1450.0
2025-06-10,Onion,Doraha,1600.0
2025-11-07,Onion,Doraha,1800.0
2025-11-10,Onion,Doraha,1950.0
2025-11-11,Onion,Doraha,1900.0
2025-11-12,Onion,Doraha,1850.0
2025-11-13,Onion,Doraha,1850.0
2025-11-14,Onion,Doraha,1900.0
2025-11-17,Onion,Doraha,1950.0
2025-11-18,Onion,Doraha,1950.0
2025-11-19,Onion,Doraha,1950.0
2025-11-20,Onion,Doraha,1950.0
2025-11-21,Onion,Doraha,1800.0
2025-11-27,Onion,Doraha,2000.0
2025-12-01,Onion,Doraha,1950.0
2025-12-02,Onion,Doraha,1750.0
2025-12-04,Onion,Doraha,1850.0
2025-12-05,Onion,Doraha,1750.0
2025-12-08,Onion,Doraha,1850.0
2025-12-09,Onion,Doraha,1500.0
2025-12-10,Onion,Doraha,1700.0
2025-12-11,Onion,Doraha,1650.0
2025-12-12,Onion,Doraha,1800.0
2025-12-15,Onion,Doraha,2200.0
2025-12-16,Onion,Doraha,2250.0
2025-12-17,Onion,Doraha,2450.0
2025-12-18,Onion,Doraha,2450.0
2025-12-19,Onion,Doraha,2450.0
2025-12-22,Onion,Doraha,2350.0
2025-12-23,Onion,Doraha,1800.0
2025-12-24,Onion,Doraha,1700.0
2025-12-25,Onion,Doraha,1800.0
2025-12-26,Onion,Doraha,1850.0
2025-12-29,Onion,Doraha,1700.0
2025-12-30,Onion,Doraha,2550.0
2025-12-31,Onion,Doraha,1700.0
2026-01-02,Onion,Doraha,2550.0
2026-01-05,Onion,Doraha,2500.0
2026-01-06,Onion,Doraha,2200.0
2026-01-07,Onion,Doraha,2300.0
2026-01-08,Onion,Doraha,1800.0
2026-01-09,Onion,Doraha,2400.0
2026-01-12,Onion,Doraha,2400.0
2026-01-14,Onion,Doraha,2400.0
2026-01-15,Onion,Doraha,2400.0
2026-01-16,Onion,Doraha,2300.0
2026-01-19,Onion,Doraha,2400.0
2026-01-20,Onion,Doraha,2400.0
2026-01-21,Onion,Doraha,2300.0
2026-01-22,Onion,Doraha,2150.0
2026-01-23,Onion,Doraha,2200.0
2026-01-26,Onion,Doraha,2000.0
2026-01-27,Onion,Doraha,2000.0
2026-01-28,Onion,Doraha,1850.0
2026-01-29,Onion,Doraha,2000.0
2026-01-30,Onion,Doraha,2100.0
2026-02-02,Onion,Doraha,2000.0
2026-02-03,Onion,Doraha,2000.0
2026-02-04,Onion,Doraha,2300.0
2026-02-05,Onion,Doraha,2000.0
2026-02-06,Onion,Doraha,2400.0
2026-02-09,Onion,Doraha,2350.0
2026-02-10,Onion,Doraha,2150.0
2026-02-12,Onion,Doraha,2000.0
2026-02-13,Onion,Doraha,2000.0
2026-02-16,Onion,Doraha,2000.0
2026-02-17,Onion,Doraha,2000.0
2026-02-18,Onion,Doraha,2000.0
2026-02-19,Onion,Doraha,2000.0
2026-02-20,Onion,Doraha,1900.0
2026-02-23,Onion,Doraha,2000.0
2026-02-24,Onion,Doraha,1900.0
2026-02-25,Onion,Doraha,1800.0
2026-02-26,Onion,Doraha,1850.0
2026-02-27,Onion,Doraha,1800.0
2026-03-02,Onion,Doraha,1950.0
2026-03-03,Onion,Doraha,1900.0
2026-03-04,Onion,Doraha,1950.0
2026-03-05,Onion,Doraha,2000.0
2026-03-06,Onion,Doraha,2000.0
2026-03-09,Onion,Doraha,1800.0
2026-03-10,Onion,Doraha,1800.0
2026-03-11,Onion,Doraha,1800.0
2026-03-12,Onion,Doraha,1850.0
2026-03-13,Onion,Doraha,1800.0
2026-03-16,Onion,Doraha,1800.0
2026-03-17,Onion,Doraha,1800.0
2026-03-18,Onion,Doraha,1800.0
2026-03-19,Onion,Doraha,1800.0
2026-03-20,Onion,Doraha,1850.0
2026-03-24,Onion,Doraha,1850.0
2026-03-25,Onion,Doraha,1800.0
2026-03-27,Onion,Doraha,1900.0
2026-03-30,Onion,Doraha,2000.0
2026-04-01,Onion,Doraha,2000.0
2026-04-02,Onion,Doraha,1900.0
2026-04-03,Onion,Doraha,1900.0
2026-04-06,Onion,Doraha,2000.0
2026-04-07,Onion,Doraha,2000.0
2026-04-08,Onion,Doraha,2000.0
2026-04-09,Onion,Doraha,2000.0
2026-04-10,Onion,Doraha,2150.0
2026-04-13,Onion,Doraha,2000.0
2026-04-14,Onion,Doraha,1850.0
2026-04-15,Onion,Doraha,1900.0
2026-04-16,Onion,Doraha,2000.0
2026-04-17,Onion,Doraha,2250.0
2026-04-20,Onion,Doraha,1950.0
2026-04-21,Onion,Doraha,2000.0
2026-04-22,Onion,Doraha,2050.0
2026-04-23,Onion,Doraha,1950.0
2026-04-24,Onion,Doraha,1900.0
2026-04-27,Onion,Doraha,1900.0
2026-04-28,Onion,Doraha,1900.0
2026-04-29,Onion,Doraha,1900.0
2026-04-30,Onion,Doraha,1850.0
2026-05-04,Onion,Doraha,1900.0
2026-05-05,Onion,Doraha,1900.0
2026-05-06,Onion,Doraha,1850.0
2026-05-07,Onion,Doraha,1900.0
2026-05-08,Onion,Doraha,2050.0
2026-05-11,Onion,Doraha,1900.0
2026-05-12,Onion,Doraha,1900.0
2026-05-13,Onion,Doraha,1900.0
2026-05-14,Onion,Doraha,1900.0
2026-05-15,Onion,Doraha,2000.0
2026-05-18,Onion,Doraha,1950.0
2026-05-19,Onion,Doraha,1850.0
2026-05-20,Onion,Doraha,1800.0
2026-05-21,Onion,Doraha,1900.0
2026-05-25,Onion,Doraha,1850.0
2026-05-26,Onion,Doraha,1900.0
2026-05-27,Onion,Doraha,1950.0
2026-05-29,Onion,Doraha,1900.0
2026-06-01,Onion,Doraha,2000.0
2026-06-02,Onion,Doraha,2150.0
2026-06-03,Onion,Doraha,2000.0
2026-06-04,Onion,Doraha,2000.0
2026-06-05,Onion,Doraha,2200.0
2026-06-08,Onion,Doraha,2200.0
2026-06-09,Onion,Doraha,2000.0
2026-06-10,Onion,Doraha,2000.0
2026-06-11,Onion,Doraha,2000.0
2026-06-12,Onion,Doraha,2000.0
2026-06-15,Onion,Doraha,2000.0
2026-06-16,Onion,Doraha,2000.0
2026-06-17,Onion,Doraha,2000.0
2026-06-18,Onion,Doraha,2000.0
2026-06-19,Onion,Doraha,2000.0
2026-06-23,Onion,Doraha,2300.0
2026-06-24,Onion,Doraha,2250.0
2026-06-25,Onion,Doraha,2300.0
2026-06-26,Onion,Doraha,2300.0
2026-06-30,Onion,Doraha,2200.0
2026-07-01,Onion,Doraha,2200.0
2026-07-02,Onion,Doraha,2250.0
2026-07-03,Onion,Doraha,2300.0
2026-07-06,Onion,Doraha,2400.0
2026-07-07,Onion,Doraha,2800.0
2026-07-08,Onion,Doraha,2500.0
2026-07-09,Onion,Doraha,3000.0
2026-07-10,Onion,Doraha,3350.0
2026-07-11,Onion,Doraha,3200.0
2026-07-13,Onion,Doraha,3000.0
2026-07-14,Onion,Doraha,3350.0
2026-07-15,Onion,Doraha,2900.0
2026-07-16,Onion,Doraha,2500.0
2026-07-17,Onion,Doraha,2900.0
2026-07-18,Onion,Doraha,2900.0
2026-07-20,Onion,Doraha,2950.0
2026-07-21,Onion,Doraha,2900.0
2026-07-22,Onion,Doraha,2800.0
2026-07-23,Onion,Doraha,2800.0
2026-07-24,Onion,Doraha,2800.0
2026-07-27,Onion,Doraha,2900.0
2026-07-28,Onion,Doraha,2950.0
2026-07-29,Onion,Doraha,2800.0
2026-07-31,Onion,Doraha,2800.0
2026-08-01,Onion,Doraha,2800.0
2026-08-03,Onion,Doraha,2800.0
2026-08-04,Onion,Doraha,2800.0
2026-08-05,Onion,Doraha,2800.0
2026-08-06,Onion,Doraha,2800.0
2026-08-07,Onion,Doraha,2800.0
2026-08-08,Onion,Doraha,2800.0
2026-08-10,Onion,Doraha,2800.0
2026-08-11,Onion,Doraha,2800.0
2026-08-12,Onion,Doraha,2800.0
2026-08-13,Onion,Doraha,2800.0
2026-08-14,Onion,Doraha,2800.0
2026-08-17,Onion,Doraha,2800.0
2026-08-18,Onion,Doraha,2800.0
2026-08-19,Onion,Doraha,2800.0
2026-08-20,Onion,Doraha,3000.0
2026-08-21,Onion,Doraha,3300.0
2026-08-22,Onion,Doraha,3800.0
2026-08-24,Onion,Doraha,3800.0
2026-08-25,Onion,Doraha,3800.0
2026-08-26,Onion,Doraha,3800.0
2026-08-27,Onion,Doraha,3800.0
2026-08-28,Onion,Doraha,4000.0
2026-08-29,Onion,Doraha,3800.0
2023-06-08,Onion,Dudhansadhan,1800.0
2023-06-09,Onion,Dudhansadhan,1800.0
2023-06-10,Onion,Dudhansadhan,2000.0
2023-06-11,Onion,Dudhansadhan,2000.0
2023-06-12,Onion,Dudhansadhan,2000.0
2023-06-16,Onion,Dudhansadhan,1800.0
2023-06-17,Onion,Dudhansadhan,1800.0
2023-06-18,Onion,Dudhansadhan,1800.0
2023-06-19,Onion,Dudhansadhan,1800.0
2023-06-20,Onion,Dudhansadhan,1800.0
2023-06-23,Onion,Dudhansadhan,1800.0
2023-06-24,Onion,Dudhansadhan,1800.0
2023-06-27,Onion,Dudhansadhan,1800.0
2023-06-30,Onion,Dudhansadhan,1800.0
2023-07-01,Onion,Dudhansadhan,1800.0
2023-07-02,Onion,Dudhansadhan,1800.0
2023-07-04,Onion,Dudhansadhan,1700.0
2023-07-05,Onion,Dudhansadhan,2200.0
2023-07-06,Onion,Dudhansadhan,2200.0
2023-07-08,Onion,Dudhansadhan,2200.0
2023-07-09,Onion,Dudhansadhan,2200.0
2023-07-10,Onion,Dudhansadhan,2400.0
2023-07-12,Onion,Dudhansadhan,2200.0
2023-07-13,Onion,Dudhansadhan,2200.0
2023-07-14,Onion,Dudhansadhan,2200.0
2023-07-15,Onion,Dudhansadhan,2200.0
2023-07-16,Onion,Dudhansadhan,2200.0
2023-07-17,Onion,Dudhansadhan,2200.0
2023-07-18,Onion,Dudhansadhan,2200.0
2023-07-19,Onion,Dudhansadhan,2200.0
2023-07-20,Onion,Dudhansadhan,2200.0
2023-07-21,Onion,Dudhansadhan,2200.0
2023-07-22,Onion,Dudhansadhan,2200.0
2023-07-23,Onion,Dudhansadhan,2200.0
2023-07-24,Onion,Dudhansadhan,2200.0
2023-07-25,Onion,Dudhansadhan,2200.0
2023-07-26,Onion,Dudhansadhan,2200.0
2023-07-28,Onion,Dudhansadhan,2100.0
2023-07-29,Onion,Dudhansadhan,2200.0
2023-07-31,Onion,Dudhansadhan,2200.0
2023-08-01,Onion,Dudhansadhan,2200.0
2023-08-02,Onion,Dudhansadhan,2200.0
2023-08-05,Onion,Dudhansadhan,2200.0
2023-08-06,Onion,Dudhansadhan,2200.0
2023-08-07,Onion,Dudhansadhan,2200.0
2023-08-08,Onion,Dudhansadhan,2200.0
2023-08-09,Onion,Dudhansadhan,2400.0
2023-08-11,Onion,Dudhansadhan,2400.0
2023-08-12,Onion,Dudhansadhan,2800.0
2023-08-13,Onion,Dudhansadhan,2700.0
2023-08-14,Onion,Dudhansadhan,2700.0
2023-08-15,Onion,Dudhansadhan,2700.0
2023-08-16,Onion,Dudhansadhan,2700.0
2023-08-17,Onion,Dudhansadhan,2700.0
2023-08-18,Onion,Dudhansadhan,3200.0
2023-08-19,Onion,Dudhansadhan,3200.0
2023-08-20,Onion,Dudhansadhan,3200.0
2023-08-21,Onion,Dudhansadhan,3200.0
2023-08-24,Onion,Dudhansadhan,3200.0
2023-08-25,Onion,Dudhansadhan,3200.0
2023-08-26,Onion,Dudhansadhan,3200.0
2023-08-28,Onion,Dudhansadhan,3200.0
2023-08-29,Onion,Dudhansadhan,3200.0
2023-08-31,Onion,Dudhansadhan,3200.0
2023-09-01,Onion,Dudhansadhan,3200.0
2023-09-04,Onion,Dudhansadhan,3200.0
2023-09-05,Onion,Dudhansadhan,3200.0
2023-09-08,Onion,Dudhansadhan,3200.0
2023-09-09,Onion,Dudhansadhan,3200.0
2023-09-10,Onion,Dudhansadhan,3200.0
2023-09-13,Onion,Dudhansadhan,3200.0
2023-09-16,Onion,Dudhansadhan,3100.0
2023-09-17,Onion,Dudhansadhan,3200.0
2023-09-18,Onion,Dudhansadhan,3200.0
2023-09-21,Onion,Dudhansadhan,2900.0
2023-09-22,Onion,Dudhansadhan,3000.0
2023-09-25,Onion,Dudhansadhan,3000.0
2023-09-26,Onion,Dudhansadhan,2800.0
2023-09-27,Onion,Dudhansadhan,3000.0
2023-09-29,Onion,Dudhansadhan,2800.0
2023-10-03,Onion,Dudhansadhan,3200.0
2023-10-04,Onion,Dudhansadhan,3200.0
2023-10-05,Onion,Dudhansadhan,3200.0
2023-10-06,Onion,Dudhansadhan,3200.0
2023-10-07,Onion,Dudhansadhan,3200.0
2023-10-11,Onion,Dudhansadhan,3200.0
2023-10-12,Onion,Dudhansadhan,3200.0
2023-10-16,Onion,Dudhansadhan,3200.0
2023-10-17,Onion,Dudhansadhan,3200.0
2023-10-19,Onion,Dudhansadhan,3200.0
2023-10-20,Onion,Dudhansadhan,3700.0
2023-10-21,Onion,Dudhansadhan,3800.0
2023-10-27,Onion,Dudhansadhan,4200.0
2023-10-28,Onion,Dudhansadhan,5200.0
2023-10-30,Onion,Dudhansadhan,6500.0
2023-11-03,Onion,Dudhansadhan,6200.0
2023-11-04,Onion,Dudhansadhan,2200.0
2023-11-05,Onion,Dudhansadhan,6200.0
2023-11-06,Onion,Dudhansadhan,6200.0
2023-11-13,Onion,Dudhansadhan,6200.0
2023-11-16,Onion,Dudhansadhan,4900.0
2023-11-17,Onion,Dudhansadhan,5000.0
2023-11-18,Onion,Dudhansadhan,4900.0
2023-11-19,Onion,Dudhansadhan,4900.0
2023-11-21,Onion,Dudhansadhan,4700.0
2023-11-22,Onion,Dudhansadhan,4700.0
2023-11-23,Onion,Dudhansadhan,1700.0
2023-11-24,Onion,Dudhansadhan,4700.0
2023-11-25,Onion,Dudhansadhan,4700.0
2023-11-27,Onion,Dudhansadhan,4700.0
2023-11-28,Onion,Dudhansadhan,5200.0
2023-11-29,Onion,Dudhansadhan,5200.0
2023-12-01,Onion,Dudhansadhan,5200.0
2023-12-05,Onion,Dudhansadhan,4700.0
2023-12-06,Onion,Dudhansadhan,4700.0
2023-12-07,Onion,Dudhansadhan,4400.0
2023-12-08,Onion,Dudhansadhan,4500.0
2023-12-12,Onion,Dudhansadhan,4200.0
2023-12-13,Onion,Dudhansadhan,4200.0
2023-12-14,Onion,Dudhansadhan,4000.0
2023-12-15,Onion,Dudhansadhan,4000.0
2023-12-16,Onion,Dudhansadhan,3700.0
2023-12-17,Onion,Dudhansadhan,4000.0
2023-12-18,Onion,Dudhansadhan,3700.0
2023-12-26,Onion,Dudhansadhan,3200.0
2023-12-27,Onion,Dudhansadhan,3200.0
2023-12-28,Onion,Dudhansadhan,2900.0
2023-12-29,Onion,Dudhansadhan,2900.0
2023-12-30,Onion,Dudhansadhan,3200.0
2024-01-01,Onion,Dudhansadhan,2900.0
2024-01-02,Onion,Dudhansadhan,2700.0
2024-01-05,Onion,Dudhansadhan,3200.0
2024-01-06,Onion,Dudhansadhan,2800.0
2024-01-07,Onion,Dudhansadhan,2700.0
2024-01-12,Onion,Dudhansadhan,2700.0
2024-01-13,Onion,Dudhansadhan,2700.0
2024-01-15,Onion,Dudhansadhan,2900.0
2024-01-16,Onion,Dudhansadhan,3200.0
2024-01-17,Onion,Dudhansadhan,3200.0
2024-01-18,Onion,Dudhansadhan,2900.0
2024-01-19,Onion,Dudhansadhan,2900.0
2024-01-20,Onion,Dudhansadhan,2800.0
2024-01-21,Onion,Dudhansadhan,2700.0
2024-01-22,Onion,Dudhansadhan,2900.0
2024-01-23,Onion,Dudhansadhan,2800.0
2024-01-24,Onion,Dudhansadhan,2800.0
2024-01-25,Onion,Dudhansadhan,2800.0
2024-01-27,Onion,Dudhansadhan,2400.0
2024-01-29,Onion,Dudhansadhan,2400.0
2024-01-30,Onion,Dudhansadhan,2400.0
2024-02-01,Onion,Dudhansadhan,2200.0
2024-02-03,Onion,Dudhansadhan,2200.0
2024-02-04,Onion,Dudhansadhan,2200.0
2024-02-09,Onion,Dudhansadhan,2200.0
2024-02-12,Onion,Dudhansadhan,2200.0
2024-02-13,Onion,Dudhansadhan,2200.0
2024-02-14,Onion,Dudhansadhan,2200.0
2024-02-15,Onion,Dudhansadhan,2400.0
2024-02-16,Onion,Dudhansadhan,2400.0
2024-03-01,Onion,Dudhansadhan,2900.0
2024-03-02,Onion,Dudhansadhan,3000.0
2024-03-03,Onion,Dudhansadhan,3000.0
2024-03-05,Onion,Dudhansadhan,2900.0
2024-03-06,Onion,Dudhansadhan,2900.0
2024-03-07,Onion,Dudhansadhan,2900.0
2024-03-08,Onion,Dudhansadhan,2800.0
2024-03-14,Onion,Dudhansadhan,2900.0
2024-03-15,Onion,Dudhansadhan,2900.0
2024-03-16,Onion,Dudhansadhan,2800.0
2024-03-17,Onion,Dudhansadhan,2800.0
2024-03-19,Onion,Dudhansadhan,2800.0
2024-03-20,Onion,Dudhansadhan,2800.0
2024-03-22,Onion,Dudhansadhan,2700.0
2024-03-23,Onion,Dudhansadhan,2700.0
2024-03-26,Onion,Dudhansadhan,2700.0
2024-03-27,Onion,Dudhansadhan,2400.0
2024-03-28,Onion,Dudhansadhan,2400.0
2024-03-29,Onion,Dudhansadhan,2500.0
2024-03-30,Onion,Dudhansadhan,2500.0
2024-04-04,Onion,Dudhansadhan,2400.0
2024-04-05,Onion,Dudhansadhan,2400.0
2024-04-06,Onion,Dudhansadhan,1700.0
2024-04-07,Onion,Dudhansadhan,2400.0
2024-04-08,Onion,Dudhansadhan,2400.0
2024-04-10,Onion,Dudhansadhan,2400.0
2024-04-11,Onion,Dudhansadhan,2400.0
2024-04-12,Onion,Dudhansadhan,2400.0
2024-04-13,Onion,Dudhansadhan,2400.0
2024-04-14,Onion,Dudhansadhan,2300.0
2024-04-15,Onion,Dudhansadhan,2400.0
2024-04-17,Onion,Dudhansadhan,2400.0
2024-04-18,Onion,Dudhansadhan,2400.0
2024-04-19,Onion,Dudhansadhan,2400.0
2024-04-20,Onion,Dudhansadhan,1200.0
2024-04-21,Onion,Dudhansadhan,2400.0
2024-04-22,Onion,Dudhansadhan,2400.0
2024-04-23,Onion,Dudhansadhan,2400.0
2024-04-24,Onion,Dudhansadhan,2400.0
2024-04-26,Onion,Dudhansadhan,2400.0
2024-04-27,Onion,Dudhansadhan,2300.0
2024-05-02,Onion,Dudhansadhan,2400.0
2024-05-03,Onion,Dudhansadhan,2400.0
2024-05-07,Onion,Dudhansadhan,2500.0
2024-05-10,Onion,Dudhansadhan,2700.0
2024-05-11,Onion,Dudhansadhan,2600.0
2024-05-12,Onion,Dudhansadhan,2700.0
2024-05-21,Onion,Dudhansadhan,2300.0
2024-05-27,Onion,Dudhansadhan,2400.0
2024-05-28,Onion,Dudhansadhan,2400.0
2024-05-31,Onion,Dudhansadhan,2400.0
2024-06-01,Onion,Dudhansadhan,2400.0
2024-06-02,Onion,Dudhansadhan,2400.0
2024-06-03,Onion,Dudhansadhan,2400.0
2024-06-04,Onion,Dudhansadhan,2500.0
2024-06-05,Onion,Dudhansadhan,2500.0
2024-06-06,Onion,Dudhansadhan,2500.0
2024-07-10,Onion,Dudhansadhan,3500.0
2024-07-11,Onion,Dudhansadhan,3500.0
2024-07-12,Onion,Dudhansadhan,3500.0
2024-07-13,Onion,Dudhansadhan,3400.0
2024-07-14,Onion,Dudhansadhan,3500.0
2024-07-15,Onion,Dudhansadhan,3400.0
2024-07-19,Onion,Dudhansadhan,3400.0
2024-07-20,Onion,Dudhansadhan,3500.0
2024-07-21,Onion,Dudhansadhan,3500.0
2024-07-22,Onion,Dudhansadhan,3500.0
2024-07-23,Onion,Dudhansadhan,3500.0
2024-07-24,Onion,Dudhansadhan,3500.0
2024-07-29,Onion,Dudhansadhan,3500.0
2024-08-02,Onion,Dudhansadhan,3400.0
2024-08-04,Onion,Dudhansadhan,3400.0
2024-08-05,Onion,Dudhansadhan,3300.0
2024-08-07,Onion,Dudhansadhan,3700.0
2024-08-08,Onion,Dudhansadhan,3700.0
2024-08-10,Onion,Dudhansadhan,3700.0
2024-08-11,Onion,Dudhansadhan,3600.0
2024-08-12,Onion,Dudhansadhan,4200.0
2024-08-13,Onion,Dudhansadhan,4200.0
2024-08-15,Onion,Dudhansadhan,4100.0
2024-08-16,Onion,Dudhansadhan,4100.0
2024-08-17,Onion,Dudhansadhan,4100.0
2024-08-19,Onion,Dudhansadhan,4100.0
2024-08-20,Onion,Dudhansadhan,4100.0
2024-08-21,Onion,Dudhansadhan,4100.0
2024-08-22,Onion,Dudhansadhan,4100.0
2024-08-23,Onion,Dudhansadhan,4100.0
2024-08-24,Onion,Dudhansadhan,4100.0
2024-08-26,Onion,Dudhansadhan,4100.0
2024-08-27,Onion,Dudhansadhan,4100.0
2024-08-28,Onion,Dudhansadhan,4100.0
2024-08-29,Onion,Dudhansadhan,4100.0
2024-08-30,Onion,Dudhansadhan,4300.0
2024-08-31,Onion,Dudhansadhan,4300.0
2024-09-01,Onion,Dudhansadhan,4300.0
2024-09-02,Onion,Dudhansadhan,4100.0
2024-09-03,Onion,Dudhansadhan,4100.0
2024-09-04,Onion,Dudhansadhan,4100.0
2024-09-05,Onion,Dudhansadhan,4600.0
2024-09-06,Onion,Dudhansadhan,4600.0
2024-09-07,Onion,Dudhansadhan,4600.0
2024-09-09,Onion,Dudhansadhan,4600.0
2024-09-10,Onion,Dudhansadhan,4600.0
2024-09-11,Onion,Dudhansadhan,4600.0
2024-09-12,Onion,Dudhansadhan,4600.0
2024-09-13,Onion,Dudhansadhan,4600.0
2024-09-14,Onion,Dudhansadhan,4600.0
2024-09-16,Onion,Dudhansadhan,4600.0
2024-09-17,Onion,Dudhansadhan,4600.0
2024-09-18,Onion,Dudhansadhan,4600.0
2024-09-19,Onion,Dudhansadhan,4600.0
2024-09-20,Onion,Dudhansadhan,4700.0
2024-09-21,Onion,Dudhansadhan,4800.0
2024-09-22,Onion,Dudhansadhan,4800.0
2024-09-23,Onion,Dudhansadhan,5100.0
2024-09-24,Onion,Dudhansadhan,5100.0
2024-09-25,Onion,Dudhansadhan,5200.0
2024-09-26,Onion,Dudhansadhan,5100.0
2024-09-27,Onion,Dudhansadhan,5100.0
2024-09-28,Onion,Dudhansadhan,5100.0
2024-09-30,Onion,Dudhansadhan,5100.0
2024-10-01,Onion,Dudhansadhan,4900.0
2024-10-03,Onion,Dudhansadhan,4800.0
2024-10-04,Onion,Dudhansadhan,4900.0
2024-10-05,Onion,Dudhansadhan,5100.0
2024-10-07,Onion,Dudhansadhan,4900.0
2024-10-09,Onion,Dudhansadhan,4900.0
2024-10-10,Onion,Dudhansadhan,4800.0
2024-10-11,Onion,Dudhansadhan,4900.0
2024-10-12,Onion,Dudhansadhan,4900.0
2024-10-13,Onion,Dudhansadhan,4900.0
2024-10-14,Onion,Dudhansadhan,4900.0
2024-10-15,Onion,Dudhansadhan,4800.0
2024-10-16,Onion,Dudhansadhan,4800.0
2024-10-17,Onion,Dudhansadhan,4700.0
2024-10-18,Onion,Dudhansadhan,4700.0
2024-10-21,Onion,Dudhansadhan,4800.0
2024-10-23,Onion,Dudhansadhan,4300.0
2024-10-24,Onion,Dudhansadhan,4700.0
2024-10-25,Onion,Dudhansadhan,4600.0
2024-10-26,Onion,Dudhansadhan,4400.0
2024-10-27,Onion,Dudhansadhan,4500.0
2024-10-29,Onion,Dudhansadhan,4800.0
2024-10-30,Onion,Dudhansadhan,4800.0
2024-10-31,Onion,Dudhansadhan,4700.0
2024-11-01,Onion,Dudhansadhan,4600.0
2024-11-02,Onion,Dudhansadhan,4600.0
2024-11-03,Onion,Dudhansadhan,4700.0
2024-11-05,Onion,Dudhansadhan,4600.0
2024-11-06,Onion,Dudhansadhan,5200.0
2024-11-07,Onion,Dudhansadhan,5300.0
2024-11-09,Onion,Dudhansadhan,5300.0
2024-11-10,Onion,Dudhansadhan,5300.0
2024-11-12,Onion,Dudhansadhan,5300.0
2024-11-13,Onion,Dudhansadhan,5300.0
2024-11-14,Onion,Dudhansadhan,4800.0
2024-11-15,Onion,Dudhansadhan,4900.0
2024-11-16,Onion,Dudhansadhan,4900.0
2024-11-17,Onion,Dudhansadhan,4900.0
2024-11-18,Onion,Dudhansadhan,4900.0
2024-11-20,Onion,Dudhansadhan,4900.0
2024-11-21,Onion,Dudhansadhan,4900.0
2024-11-22,Onion,Dudhansadhan,4900.0
2024-11-23,Onion,Dudhansadhan,4900.0
2024-11-25,Onion,Dudhansadhan,4900.0
2024-11-26,Onion,Dudhansadhan,4900.0
2024-11-27,Onion,Dudhansadhan,4600.0
2024-11-28,Onion,Dudhansadhan,4400.0
2024-11-29,Onion,Dudhansadhan,4400.0
2024-12-03,Onion,Dudhansadhan,4500.0
2024-12-04,Onion,Dudhansadhan,4600.0
2024-12-05,Onion,Dudhansadhan,4400.0
2024-12-06,Onion,Dudhansadhan,4400.0
2025-02-06,Onion,Dudhansadhan,2700.0
2025-02-07,Onion,Dudhansadhan,2900.0
2025-02-08,Onion,Dudhansadhan,2900.0
2025-02-09,Onion,Dudhansadhan,2900.0
2025-02-10,Onion,Dudhansadhan,2800.0
2025-02-11,Onion,Dudhansadhan,2800.0
2025-02-12,Onion,Dudhansadhan,2800.0
2025-02-13,Onion,Dudhansadhan,2800.0
2025-02-14,Onion,Dudhansadhan,2800.0
2025-02-15,Onion,Dudhansadhan,3400.0
2025-02-16,Onion,Dudhansadhan,3400.0
2025-02-17,Onion,Dudhansadhan,3400.0
2025-02-18,Onion,Dudhansadhan,3400.0
2025-02-19,Onion,Dudhansadhan,3400.0
2025-02-20,Onion,Dudhansadhan,3400.0
2025-02-21,Onion,Dudhansadhan,3400.0
2025-02-22,Onion,Dudhansadhan,3500.0
2025-02-24,Onion,Dudhansadhan,3400.0
2025-02-25,Onion,Dudhansadhan,3400.0
2025-02-26,Onion,Dudhansadhan,3400.0
2025-02-27,Onion,Dudhansadhan,3400.0
2025-02-28,Onion,Dudhansadhan,3400.0
2025-03-01,Onion,Dudhansadhan,3400.0
2025-03-02,Onion,Dudhansadhan,3400.0
2025-03-03,Onion,Dudhansadhan,3400.0
2025-03-04,Onion,Dudhansadhan,3400.0
2025-03-06,Onion,Dudhansadhan,3400.0
2025-03-07,Onion,Dudhansadhan,3400.0
2025-03-08,Onion,Dudhansadhan,3400.0
2025-03-09,Onion,Dudhansadhan,2900.0
2025-03-10,Onion,Dudhansadhan,2900.0
2025-03-11,Onion,Dudhansadhan,2900.0
2025-03-12,Onion,Dudhansadhan,2900.0
2025-03-13,Onion,Dudhansadhan,2900.0
2025-03-14,Onion,Dudhansadhan,2800.0
2025-03-15,Onion,Dudhansadhan,2500.0
2025-03-16,Onion,Dudhansadhan,2500.0
2025-03-17,Onion,Dudhansadhan,2400.0
2025-03-18,Onion,Dudhansadhan,2400.0
2025-03-19,Onion,Dudhansadhan,2400.0
2025-03-20,Onion,Dudhansadhan,2400.0
2025-03-21,Onion,Dudhansadhan,2400.0
2025-03-22,Onion,Dudhansadhan,2400.0
2025-03-23,Onion,Dudhansadhan,2400.0
2025-03-24,Onion,Dudhansadhan,2400.0
2025-03-25,Onion,Dudhansadhan,2400.0
2025-03-26,Onion,Dudhansadhan,2400.0
2025-03-27,Onion,Dudhansadhan,2300.0
2025-03-28,Onion,Dudhansadhan,2300.0
2025-03-29,Onion,Dudhansadhan,2300.0
2025-03-31,Onion,Dudhansadhan,2400.0
2025-04-01,Onion,Dudhansadhan,2300.0
2025-04-02,Onion,Dudhansadhan,2100.0
2025-04-03,Onion,Dudhansadhan,2100.0
2025-04-04,Onion,Dudhansadhan,2000.0
2025-04-05,Onion,Dudhansadhan,1900.0
2025-04-06,Onion,Dudhansadhan,1900.0
2025-04-07,Onion,Dudhansadhan,1900.0
2025-04-08,Onion,Dudhansadhan,1900.0
2025-04-09,Onion,Dudhansadhan,1900.0
2025-04-10,Onion,Dudhansadhan,1900.0
2025-04-11,Onion,Dudhansadhan,1900.0
2025-04-12,Onion,Dudhansadhan,1900.0
2025-04-13,Onion,Dudhansadhan,1900.0
2025-04-14,Onion,Dudhansadhan,1800.0
2025-04-15,Onion,Dudhansadhan,1800.0
2025-04-16,Onion,Dudhansadhan,1800.0
2025-04-18,Onion,Dudhansadhan,1800.0
2025-04-19,Onion,Dudhansadhan,1800.0
2025-04-20,Onion,Dudhansadhan,1800.0
2025-04-21,Onion,Dudhansadhan,1800.0
2025-04-22,Onion,Dudhansadhan,1800.0
2025-04-23,Onion,Dudhansadhan,1800.0
2025-04-24,Onion,Dudhansadhan,1800.0
2025-04-25,Onion,Dudhansadhan,1700.0
2025-04-26,Onion,Dudhansadhan,1700.0
2025-04-28,Onion,Dudhansadhan,1800.0
2025-04-29,Onion,Dudhansadhan,1600.0
2025-04-30,Onion,Dudhansadhan,1600.0
2025-05-01,Onion,Dudhansadhan,1600.0
2025-05-02,Onion,Dudhansadhan,1600.0
2025-05-03,Onion,Dudhansadhan,1600.0
2025-05-04,Onion,Dudhansadhan,1600.0
2025-05-05,Onion,Dudhansadhan,1600.0
2025-05-06,Onion,Dudhansadhan,1600.0
2025-05-08,Onion,Dudhansadhan,1600.0
2025-05-09,Onion,Dudhansadhan,1600.0
2025-05-10,Onion,Dudhansadhan,1600.0
2025-05-11,Onion,Dudhansadhan,1600.0
2025-05-13,Onion,Dudhansadhan,1600.0
2025-05-14,Onion,Dudhansadhan,1600.0
2025-05-15,Onion,Dudhansadhan,1600.0
2025-05-16,Onion,Dudhansadhan,1600.0
2025-05-17,Onion,Dudhansadhan,1700.0
2025-05-18,Onion,Dudhansadhan,1600.0
2025-05-20,Onion,Dudhansadhan,1600.0
2025-05-21,Onion,Dudhansadhan,1600.0
2025-05-22,Onion,Dudhansadhan,1600.0
2025-05-23,Onion,Dudhansadhan,1600.0
2025-05-24,Onion,Dudhansadhan,1600.0
2025-05-26,Onion,Dudhansadhan,1600.0
2025-05-27,Onion,Dudhansadhan,1600.0
2025-05-29,Onion,Dudhansadhan,1600.0
2025-05-30,Onion,Dudhansadhan,1600.0
2025-05-31,Onion,Dudhansadhan,1600.0
2025-06-02,Onion,Dudhansadhan,1600.0
2025-06-03,Onion,Dudhansadhan,1600.0
2025-06-04,Onion,Dudhansadhan,1600.0
2025-11-09,Onion,Dudhansadhan,1800.0
2025-11-10,Onion,Dudhansadhan,1800.0
2025-11-11,Onion,Dudhansadhan,1800.0
2025-11-12,Onion,Dudhansadhan,1800.0
2025-11-18,Onion,Dudhansadhan,2000.0
2025-11-19,Onion,Dudhansadhan,2000.0
2025-11-20,Onion,Dudhansadhan,1900.0
2025-11-21,Onion,Dudhansadhan,1900.0
2025-11-22,Onion,Dudhansadhan,2000.0
2025-11-23,Onion,Dudhansadhan,2000.0
2025-11-24,Onion,Dudhansadhan,1900.0
2025-11-25,Onion,Dudhansadhan,1800.0
2025-11-26,Onion,Dudhansadhan,1800.0
2025-11-27,Onion,Dudhansadhan,1800.0
2025-11-28,Onion,Dudhansadhan,1800.0
2025-11-29,Onion,Dudhansadhan,1800.0
2025-12-01,Onion,Dudhansadhan,2000.0
2025-12-02,Onion,Dudhansadhan,1800.0
2025-12-03,Onion,Dudhansadhan,1800.0
2025-12-04,Onion,Dudhansadhan,1800.0
2025-12-05,Onion,Dudhansadhan,1800.0
2025-12-06,Onion,Dudhansadhan,1800.0
2025-12-07,Onion,Dudhansadhan,1800.0
2025-12-09,Onion,Dudhansadhan,1800.0
2025-12-10,Onion,Dudhansadhan,1800.0
2025-12-11,Onion,Dudhansadhan,1800.0
2025-12-12,Onion,Dudhansadhan,1800.0
2025-12-15,Onion,Dudhansadhan,1800.0
2025-12-16,Onion,Dudhansadhan,1800.0
2025-12-17,Onion,Dudhansadhan,1800.0
2025-12-18,Onion,Dudhansadhan,1800.0
2025-12-20,Onion,Dudhansadhan,1800.0
2025-12-22,Onion,Dudhansadhan,1800.0
2025-12-23,Onion,Dudhansadhan,1800.0
2025-12-24,Onion,Dudhansadhan,1800.0
2025-12-27,Onion,Dudhansadhan,1800.0
2025-12-29,Onion,Dudhansadhan,1800.0
2025-12-31,Onion,Dudhansadhan,1800.0
2026-01-01,Onion,Dudhansadhan,1800.0
2026-01-02,Onion,Dudhansadhan,1800.0
2026-01-03,Onion,Dudhansadhan,1800.0
2026-01-04,Onion,Dudhansadhan,1800.0
2026-01-05,Onion,Dudhansadhan,1800.0
2026-01-06,Onion,Dudhansadhan,2200.0
2026-01-07,Onion,Dudhansadhan,2300.0
2026-01-08,Onion,Dudhansadhan,2200.0
2026-01-09,Onion,Dudhansadhan,2500.0
2026-01-10,Onion,Dudhansadhan,2300.0
2026-01-12,Onion,Dudhansadhan,2200.0
2026-01-13,Onion,Dudhansadhan,2500.0
2026-01-14,Onion,Dudhansadhan,2500.0
2026-01-16,Onion,Dudhansadhan,2500.0
2026-01-17,Onion,Dudhansadhan,2500.0
2026-01-18,Onion,Dudhansadhan,2500.0
2026-01-19,Onion,Dudhansadhan,2500.0
2026-01-20,Onion,Dudhansadhan,2500.0
2026-01-22,Onion,Dudhansadhan,2500.0
2026-01-24,Onion,Dudhansadhan,2500.0
2026-01-26,Onion,Dudhansadhan,2500.0
2026-01-28,Onion,Dudhansadhan,2500.0
2026-01-29,Onion,Dudhansadhan,2600.0
2026-01-30,Onion,Dudhansadhan,2500.0
2026-01-31,Onion,Dudhansadhan,2500.0
2026-02-01,Onion,Dudhansadhan,2500.0
2026-02-02,Onion,Dudhansadhan,2500.0
2026-02-04,Onion,Dudhansadhan,3000.0
2026-02-05,Onion,Dudhansadhan,2500.0
2026-02-06,Onion,Dudhansadhan,2500.0
2026-02-08,Onion,Dudhansadhan,3000.0
2026-02-09,Onion,Dudhansadhan,3000.0
2026-02-10,Onion,Dudhansadhan,3000.0
2026-02-11,Onion,Dudhansadhan,3000.0
2026-02-12,Onion,Dudhansadhan,3000.0
2026-02-13,Onion,Dudhansadhan,3000.0
2026-02-14,Onion,Dudhansadhan,3000.0
2026-02-16,Onion,Dudhansadhan,2500.0
2026-02-18,Onion,Dudhansadhan,2500.0
2026-02-19,Onion,Dudhansadhan,2500.0
2026-02-20,Onion,Dudhansadhan,2500.0
2026-02-21,Onion,Dudhansadhan,2500.0
2026-02-23,Onion,Dudhansadhan,2500.0
2026-02-25,Onion,Dudhansadhan,2500.0
2026-03-01,Onion,Dudhansadhan,2500.0
2026-03-02,Onion,Dudhansadhan,2500.0
2026-03-03,Onion,Dudhansadhan,2500.0
2026-03-04,Onion,Dudhansadhan,2500.0
2026-03-05,Onion,Dudhansadhan,2500.0
2026-03-06,Onion,Dudhansadhan,2500.0
2026-03-09,Onion,Dudhansadhan,2500.0
2026-03-10,Onion,Dudhansadhan,1800.0
2026-03-11,Onion,Dudhansadhan,2500.0
2026-03-12,Onion,Dudhansadhan,2500.0
2026-03-14,Onion,Dudhansadhan,2500.0
2026-03-15,Onion,Dudhansadhan,2500.0
2026-03-16,Onion,Dudhansadhan,2500.0
2026-03-17,Onion,Dudhansadhan,2500.0
2026-03-18,Onion,Dudhansadhan,2500.0
2026-03-20,Onion,Dudhansadhan,2500.0
2026-03-21,Onion,Dudhansadhan,2500.0
2026-03-22,Onion,Dudhansadhan,2500.0
2026-03-23,Onion,Dudhansadhan,2500.0
2026-03-26,Onion,Dudhansadhan,2500.0
2026-03-27,Onion,Dudhansadhan,2500.0
2026-03-30,Onion,Dudhansadhan,1800.0
2026-03-31,Onion,Dudhansadhan,1800.0
2026-04-02,Onion,Dudhansadhan,1800.0
2026-04-03,Onion,Dudhansadhan,1800.0
2026-04-04,Onion,Dudhansadhan,1600.0
2026-04-05,Onion,Dudhansadhan,1600.0
2026-04-06,Onion,Dudhansadhan,1600.0
2026-04-07,Onion,Dudhansadhan,1600.0
2026-04-09,Onion,Dudhansadhan,1600.0
2026-04-10,Onion,Dudhansadhan,1600.0
2026-04-11,Onion,Dudhansadhan,1600.0
2026-04-13,Onion,Dudhansadhan,1600.0
2026-04-15,Onion,Dudhansadhan,1600.0
2026-04-16,Onion,Dudhansadhan,1600.0
2026-04-18,Onion,Dudhansadhan,1600.0
2026-04-19,Onion,Dudhansadhan,1600.0
2026-04-20,Onion,Dudhansadhan,1600.0
2026-04-21,Onion,Dudhansadhan,1700.0
2026-04-23,Onion,Dudhansadhan,1700.0
2026-04-24,Onion,Dudhansadhan,1700.0
2026-04-25,Onion,Dudhansadhan,1700.0
2026-04-27,Onion,Dudhansadhan,1700.0
2026-04-28,Onion,Dudhansadhan,1700.0
2026-04-29,Onion,Dudhansadhan,1700.0
2026-04-30,Onion,Dudhansadhan,1700.0
2026-05-01,Onion,Dudhansadhan,1700.0
2026-05-02,Onion,Dudhansadhan,1700.0
2026-05-03,Onion,Dudhansadhan,1700.0
2026-05-04,Onion,Dudhansadhan,1600.0
2026-05-05,Onion,Dudhansadhan,1600.0
2026-05-06,Onion,Dudhansadhan,1600.0
2026-05-07,Onion,Dudhansadhan,1600.0
2026-05-08,Onion,Dudhansadhan,2500.0
2026-05-09,Onion,Dudhansadhan,2000.0
2026-05-10,Onion,Dudhansadhan,2000.0
2026-05-12,Onion,Dudhansadhan,2000.0
2026-05-13,Onion,Dudhansadhan,2000.0
2026-05-14,Onion,Dudhansadhan,2000.0
2026-05-15,Onion,Dudhansadhan,2000.0
2026-05-17,Onion,Dudhansadhan,2000.0
2026-05-18,Onion,Dudhansadhan,2000.0
2026-05-19,Onion,Dudhansadhan,2000.0
2026-05-21,Onion,Dudhansadhan,1800.0
2026-05-23,Onion,Dudhansadhan,2000.0
2026-05-26,Onion,Dudhansadhan,1800.0
2026-05-27,Onion,Dudhansadhan,1800.0
2026-05-28,Onion,Dudhansadhan,1800.0
2026-05-29,Onion,Dudhansadhan,1800.0
2026-05-30,Onion,Dudhansadhan,1800.0
2026-06-01,Onion,Dudhansadhan,1800.0
2026-06-02,Onion,Dudhansadhan,1800.0
2026-06-03,Onion,Dudhansadhan,1800.0
2026-06-04,Onion,Dudhansadhan,1800.0
2026-06-06,Onion,Dudhansadhan,1800.0
2026-06-07,Onion,Dudhansadhan,2000.0
2026-06-08,Onion,Dudhansadhan,2000.0
2026-06-09,Onion,Dudhansadhan,2000.0
2026-06-10,Onion,Dudhansadhan,2000.0
2026-06-13,Onion,Dudhansadhan,2000.0
2026-06-14,Onion,Dudhansadhan,2000.0
2026-06-15,Onion,Dudhansadhan,2000.0
2026-06-16,Onion,Dudhansadhan,2000.0
2026-06-17,Onion,Dudhansadhan,2000.0
2026-06-18,Onion,Dudhansadhan,2000.0
2026-06-19,Onion,Dudhansadhan,2000.0
2026-06-20,Onion,Dudhansadhan,2000.0
2026-06-22,Onion,Dudhansadhan,2000.0
2026-06-24,Onion,Dudhansadhan,2000.0
2026-06-26,Onion,Dudhansadhan,2500.0
2026-06-27,Onion,Dudhansadhan,2500.0
2026-06-30,Onion,Dudhansadhan,2500.0
2026-07-01,Onion,Dudhansadhan,2500.0
2026-07-02,Onion,Dudhansadhan,2500.0
2026-07-03,Onion,Dudhansadhan,2500.0
2026-07-04,Onion,Dudhansadhan,2500.0
2026-07-05,Onion,Dudhansadhan,2500.0
2026-07-07,Onion,Dudhansadhan,3000.0
2026-07-08,Onion,Dudhansadhan,3000.0
2026-07-10,Onion,Dudhansadhan,3000.0
2026-07-12,Onion,Dudhansadhan,3000.0
2026-07-13,Onion,Dudhansadhan,3000.0
2026-07-15,Onion,Dudhansadhan,3000.0
2026-07-16,Onion,Dudhansadhan,3000.0
2026-07-18,Onion,Dudhansadhan,3000.0
2026-07-19,Onion,Dudhansadhan,3000.0
2026-07-20,Onion,Dudhansadhan,3000.0
2026-07-21,Onion,Dudhansadhan,3000.0
2026-07-22,Onion,Dudhansadhan,3000.0
2026-07-23,Onion,Dudhansadhan,3300.0
2026-07-25,Onion,Dudhansadhan,3300.0
2026-07-27,Onion,Dudhansadhan,2800.0
2026-07-29,Onion,Dudhansadhan,2800.0
2026-07-30,Onion,Dudhansadhan,2800.0
2026-07-31,Onion,Dudhansadhan,2800.0
2026-08-01,Onion,Dudhansadhan,2900.0
2026-08-02,Onion,Dudhansadhan,2500.0
2026-08-03,Onion,Dudhansadhan,2500.0
2026-08-04,Onion,Dudhansadhan,2700.0
2026-08-05,Onion,Dudhansadhan,2500.0
2026-08-06,Onion,Dudhansadhan,2500.0
2026-08-07,Onion,Dudhansadhan,2500.0
2026-08-08,Onion,Dudhansadhan,2500.0
2026-08-09,Onion,Dudhansadhan,2800.0
2026-08-10,Onion,Dudhansadhan,2800.0
2026-08-11,Onion,Dudhansadhan,2800.0
2026-08-12,Onion,Dudhansadhan,2800.0
2026-08-13,Onion,Dudhansadhan,2800.0
2026-08-14,Onion,Dudhansadhan,2800.0
2026-08-15,Onion,Dudhansadhan,2800.0
2026-08-16,Onion,Dudhansadhan,2800.0
2026-08-17,Onion,Dudhansadhan,3500.0
2026-08-18,Onion,Dudhansadhan,3500.0
2026-08-19,Onion,Dudhansadhan,3500.0
2026-08-20,Onion,Dudhansadhan,3500.0
2026-08-21,Onion,Dudhansadhan,3500.0
2026-08-22,Onion,Dudhansadhan,3500.0
2026-08-23,Onion,Dudhansadhan,3500.0
2026-08-24,Onion,Dudhansadhan,3500.0
2026-08-25,Onion,Dudhansadhan,3500.0
2026-08-26,Onion,Dudhansadhan,3500.0
2026-08-27,Onion,Dudhansadhan,3500.0
2026-08-28,Onion,Dudhansadhan,3500.0
2024-09-03,Onion,Gehri,2700.0
2024-11-13,Onion,Gehri,2500.0
2026-01-08,Onion,Gehri,1500.0
2026-02-15,Onion,Gehri,1500.0
2026-02-19,Onion,Gehri,1500.0
2026-05-07,Onion,Gehri,1200.0
2026-05-14,Onion,Gehri,1800.0
2026-08-08,Onion,Gehri,1500.0
2023-06-11,Onion,Gehri(Jandiala mandi),1000.0
2023-06-12,Onion,Gehri(Jandiala mandi),800.0
2023-06-15,Onion,Gehri(Jandiala mandi),900.0
2023-08-23,Onion,Gehri(Jandiala mandi),1500.0
2023-08-24,Onion,Gehri(Jandiala mandi),1200.0
2023-12-18,Onion,Gehri(Jandiala mandi),1200.0
2023-12-19,Onion,Gehri(Jandiala mandi),1200.0
2023-12-20,Onion,Gehri(Jandiala mandi),1000.0
2023-12-22,Onion,Gehri(Jandiala mandi),1200.0
2023-12-27,Onion,Gehri(Jandiala mandi),1500.0
2024-01-03,Onion,Gehri(Jandiala mandi),1500.0
2024-01-23,Onion,Gehri(Jandiala mandi),1000.0
2024-02-19,Onion,Gehri(Jandiala mandi),2000.0
2024-03-21,Onion,Gehri(Jandiala mandi),1200.0
2024-03-26,Onion,Gehri(Jandiala mandi),1100.0
2024-04-02,Onion,Gehri(Jandiala mandi),950.0
2024-04-04,Onion,Gehri(Jandiala mandi),1200.0
2024-04-10,Onion,Gehri(Jandiala mandi),1200.0
2024-05-24,Onion,Gehri(Jandiala mandi),1500.0
2024-05-28,Onion,Gehri(Jandiala mandi),1500.0
2024-11-10,Onion,Ghanaur,4500.0
2024-11-12,Onion,Ghanaur,5000.0
2024-11-13,Onion,Ghanaur,5000.0
2024-11-15,Onion,Ghanaur,4000.0
2024-11-16,Onion,Ghanaur,4000.0
2024-11-17,Onion,Ghanaur,4000.0
2024-11-18,Onion,Ghanaur,4000.0
2024-11-19,Onion,Ghanaur,3500.0
2024-11-20,Onion,Ghanaur,3500.0
2024-11-21,Onion,Ghanaur,3500.0
2024-11-22,Onion,Ghanaur,4000.0
2024-11-23,Onion,Ghanaur,3500.0
2024-11-24,Onion,Ghanaur,3500.0
2024-11-25,Onion,Ghanaur,3500.0
2024-11-26,Onion,Ghanaur,3200.0
2024-11-27,Onion,Ghanaur,3200.0
2024-11-28,Onion,Ghanaur,3800.0
2024-11-29,Onion,Ghanaur,3800.0
2025-02-06,Onion,Ghanaur,2700.0
2025-02-07,Onion,Ghanaur,2700.0
2025-02-10,Onion,Ghanaur,2500.0
2025-02-11,Onion,Ghanaur,2600.0
2025-02-12,Onion,Ghanaur,2700.0
2025-02-13,Onion,Ghanaur,2650.0
2025-02-14,Onion,Ghanaur,2600.0
2025-02-15,Onion,Ghanaur,2400.0
2025-02-16,Onion,Ghanaur,2500.0
2025-02-17,Onion,Ghanaur,2600.0
2025-02-20,Onion,Ghanaur,2600.0
2025-02-21,Onion,Ghanaur,2700.0
2025-02-27,Onion,Ghanaur,2900.0
2025-02-28,Onion,Ghanaur,2900.0
2025-03-03,Onion,Ghanaur,2800.0
2025-03-04,Onion,Ghanaur,3200.0
2025-03-05,Onion,Ghanaur,3200.0
2025-03-06,Onion,Ghanaur,2900.0
2025-03-08,Onion,Ghanaur,2900.0
2025-03-09,Onion,Ghanaur,2800.0
2025-03-10,Onion,Ghanaur,2800.0
2025-03-11,Onion,Ghanaur,2900.0
2025-03-16,Onion,Ghanaur,2400.0
2025-03-17,Onion,Ghanaur,2300.0
2025-03-19,Onion,Ghanaur,2300.0
2025-03-20,Onion,Ghanaur,2300.0
2025-04-01,Onion,Ghanaur,1800.0
2025-04-02,Onion,Ghanaur,1800.0
2025-04-03,Onion,Ghanaur,1800.0
2025-04-04,Onion,Ghanaur,1800.0
2025-04-05,Onion,Ghanaur,1800.0
2025-04-06,Onion,Ghanaur,1600.0
2025-04-07,Onion,Ghanaur,1600.0
2025-04-08,Onion,Ghanaur,1600.0
2025-04-09,Onion,Ghanaur,1600.0
2025-04-10,Onion,Ghanaur,1600.0
2025-04-11,Onion,Ghanaur,1600.0
2025-04-12,Onion,Ghanaur,1600.0
2025-04-13,Onion,Ghanaur,1600.0
2025-04-14,Onion,Ghanaur,1200.0
2025-04-15,Onion,Ghanaur,1200.0
2025-04-16,Onion,Ghanaur,1200.0
2025-04-18,Onion,Ghanaur,1100.0
2025-04-19,Onion,Ghanaur,1100.0
2025-04-20,Onion,Ghanaur,1100.0
2025-04-21,Onion,Ghanaur,1100.0
2025-04-22,Onion,Ghanaur,1100.0
2025-04-24,Onion,Ghanaur,1300.0
2025-04-25,Onion,Ghanaur,1200.0
2025-04-26,Onion,Ghanaur,1200.0
2025-04-27,Onion,Ghanaur,1300.0
2025-04-28,Onion,Ghanaur,1300.0
2025-04-29,Onion,Ghanaur,1300.0
2025-04-30,Onion,Ghanaur,1300.0
2025-05-01,Onion,Ghanaur,1300.0
2025-05-02,Onion,Ghanaur,1300.0
2025-05-03,Onion,Ghanaur,1300.0
2025-05-04,Onion,Ghanaur,800.0
2025-05-05,Onion,Ghanaur,1300.0
2025-05-06,Onion,Ghanaur,1100.0
2025-05-07,Onion,Ghanaur,1100.0
2025-05-08,Onion,Ghanaur,1100.0
2025-05-09,Onion,Ghanaur,1100.0
2025-05-10,Onion,Ghanaur,1100.0
2025-05-13,Onion,Ghanaur,1200.0
2025-05-14,Onion,Ghanaur,1200.0
2025-05-15,Onion,Ghanaur,1200.0
2025-05-16,Onion,Ghanaur,1300.0
2025-05-17,Onion,Ghanaur,1300.0
2025-05-18,Onion,Ghanaur,1300.0
2025-05-19,Onion,Ghanaur,1300.0
2025-05-21,Onion,Ghanaur,1300.0
2025-05-22,Onion,Ghanaur,1100.0
2025-05-23,Onion,Ghanaur,1100.0
2025-05-24,Onion,Ghanaur,800.0
2025-05-25,Onion,Ghanaur,1200.0
2025-05-26,Onion,Ghanaur,1100.0
2025-05-27,Onion,Ghanaur,1100.0
2025-05-28,Onion,Ghanaur,1000.0
2025-05-29,Onion,Ghanaur,1000.0
2025-06-04,Onion,Ghanaur,1100.0
2025-06-05,Onion,Ghanaur,1100.0
2025-06-06,Onion,Ghanaur,1100.0
2025-06-07,Onion,Ghanaur,1100.0
2025-06-09,Onion,Ghanaur,1400.0
2025-11-07,Onion,Ghanaur,1600.0
2025-11-10,Onion,Ghanaur,1500.0
2025-11-12,Onion,Ghanaur,1200.0
2025-11-13,Onion,Ghanaur,1200.0
2025-11-15,Onion,Ghanaur,1200.0
2025-11-16,Onion,Ghanaur,1200.0
2025-11-17,Onion,Ghanaur,1250.0
2025-11-18,Onion,Ghanaur,1250.0
2025-11-19,Onion,Ghanaur,1250.0
2025-11-20,Onion,Ghanaur,1250.0
2025-11-21,Onion,Ghanaur,1250.0
2025-11-23,Onion,Ghanaur,1300.0
2025-11-24,Onion,Ghanaur,1300.0
2025-11-25,Onion,Ghanaur,1300.0
2025-11-26,Onion,Ghanaur,1300.0
2025-11-28,Onion,Ghanaur,1300.0
2025-11-29,Onion,Ghanaur,1300.0
2025-12-01,Onion,Ghanaur,1200.0
2025-12-02,Onion,Ghanaur,1200.0
2025-12-03,Onion,Ghanaur,1300.0
2025-12-04,Onion,Ghanaur,1300.0
2025-12-05,Onion,Ghanaur,1300.0
2025-12-06,Onion,Ghanaur,1200.0
2025-12-07,Onion,Ghanaur,1200.0
2025-12-08,Onion,Ghanaur,1200.0
2025-12-09,Onion,Ghanaur,1100.0
2025-12-10,Onion,Ghanaur,1900.0
2025-12-11,Onion,Ghanaur,1900.0
2025-12-12,Onion,Ghanaur,1800.0
2025-12-13,Onion,Ghanaur,1800.0
2025-12-14,Onion,Ghanaur,1800.0
2025-12-15,Onion,Ghanaur,1800.0
2025-12-16,Onion,Ghanaur,1800.0
2025-12-17,Onion,Ghanaur,1800.0
2025-12-18,Onion,Ghanaur,1800.0
2025-12-19,Onion,Ghanaur,1800.0
2025-12-21,Onion,Ghanaur,1800.0
2025-12-22,Onion,Ghanaur,1800.0
2025-12-23,Onion,Ghanaur,1750.0
2025-12-25,Onion,Ghanaur,1800.0
2025-12-26,Onion,Ghanaur,1800.0
2025-12-28,Onion,Ghanaur,1800.0
2025-12-29,Onion,Ghanaur,1800.0
2025-12-30,Onion,Ghanaur,1800.0
2025-12-31,Onion,Ghanaur,1800.0
2026-01-01,Onion,Ghanaur,1700.0
2026-01-02,Onion,Ghanaur,2100.0
2026-01-03,Onion,Ghanaur,1800.0
2026-01-04,Onion,Ghanaur,2100.0
2026-01-05,Onion,Ghanaur,2100.0
2026-01-06,Onion,Ghanaur,2100.0
2026-01-09,Onion,Ghanaur,1800.0
2026-01-10,Onion,Ghanaur,1800.0
2026-01-11,Onion,Ghanaur,1800.0
2026-01-12,Onion,Ghanaur,1800.0
2026-01-13,Onion,Ghanaur,2100.0
2026-01-14,Onion,Ghanaur,2100.0
2026-01-15,Onion,Ghanaur,2100.0
2026-01-19,Onion,Ghanaur,2100.0
2026-01-20,Onion,Ghanaur,2100.0
2026-01-21,Onion,Ghanaur,2100.0
2026-01-23,Onion,Ghanaur,2100.0
2026-01-24,Onion,Ghanaur,2100.0
2026-01-26,Onion,Ghanaur,2200.0
2026-01-27,Onion,Ghanaur,2200.0
2026-01-28,Onion,Ghanaur,2100.0
2026-01-29,Onion,Ghanaur,2100.0
2026-01-30,Onion,Ghanaur,2100.0
2026-01-31,Onion,Ghanaur,2100.0
2026-02-01,Onion,Ghanaur,2100.0
2026-02-02,Onion,Ghanaur,2100.0
2026-02-03,Onion,Ghanaur,2100.0
2026-02-04,Onion,Ghanaur,2100.0
2026-02-05,Onion,Ghanaur,2100.0
2026-02-08,Onion,Ghanaur,2200.0
2026-02-09,Onion,Ghanaur,2200.0
2026-02-10,Onion,Ghanaur,2200.0
2026-02-11,Onion,Ghanaur,2100.0
2026-02-12,Onion,Ghanaur,2100.0
2026-02-15,Onion,Ghanaur,2000.0
2026-02-16,Onion,Ghanaur,2000.0
2026-02-17,Onion,Ghanaur,1900.0
2026-02-18,Onion,Ghanaur,1900.0
2026-02-25,Onion,Ghanaur,1900.0
2026-02-26,Onion,Ghanaur,1900.0
2026-02-27,Onion,Ghanaur,1900.0
2026-03-01,Onion,Ghanaur,1900.0
2026-03-02,Onion,Ghanaur,1900.0
2026-03-04,Onion,Ghanaur,1900.0
2026-03-05,Onion,Ghanaur,1900.0
2026-03-08,Onion,Ghanaur,1600.0
2026-03-09,Onion,Ghanaur,1600.0
2026-03-10,Onion,Ghanaur,1500.0
2026-03-11,Onion,Ghanaur,1500.0
2026-03-12,Onion,Ghanaur,1500.0
2026-03-13,Onion,Ghanaur,1500.0
2026-03-15,Onion,Ghanaur,1500.0
2026-03-16,Onion,Ghanaur,1500.0
2026-03-17,Onion,Ghanaur,1500.0
2026-03-18,Onion,Ghanaur,1500.0
2026-03-19,Onion,Ghanaur,1500.0
2026-03-20,Onion,Ghanaur,1500.0
2026-03-23,Onion,Ghanaur,1600.0
2026-03-24,Onion,Ghanaur,1609.0
2026-03-26,Onion,Ghanaur,1600.0
2026-03-27,Onion,Ghanaur,1600.0
2026-04-02,Onion,Ghanaur,1400.0
2026-04-03,Onion,Ghanaur,1400.0
2026-04-04,Onion,Ghanaur,1400.0
2026-04-05,Onion,Ghanaur,1400.0
2026-04-06,Onion,Ghanaur,1400.0
2026-04-07,Onion,Ghanaur,1400.0
2026-04-08,Onion,Ghanaur,1400.0
2026-04-09,Onion,Ghanaur,1400.0
2026-04-10,Onion,Ghanaur,1400.0
2026-04-12,Onion,Ghanaur,1400.0
2026-04-13,Onion,Ghanaur,1400.0
2026-04-14,Onion,Ghanaur,1400.0
2026-04-15,Onion,Ghanaur,1400.0
2026-04-16,Onion,Ghanaur,1400.0
2026-04-17,Onion,Ghanaur,1400.0
2026-04-18,Onion,Ghanaur,1400.0
2026-04-21,Onion,Ghanaur,1400.0
2026-04-22,Onion,Ghanaur,1400.0
2026-04-23,Onion,Ghanaur,1400.0
2026-04-24,Onion,Ghanaur,1300.0
2026-04-25,Onion,Ghanaur,1300.0
2026-04-26,Onion,Ghanaur,1400.0
2026-05-04,Onion,Ghanaur,1500.0
2026-05-05,Onion,Ghanaur,1500.0
2026-05-06,Onion,Ghanaur,1600.0
2026-05-14,Onion,Ghanaur,1600.0
2026-05-15,Onion,Ghanaur,1600.0
2026-05-18,Onion,Ghanaur,1600.0
2026-05-19,Onion,Ghanaur,1600.0
2026-05-21,Onion,Ghanaur,1600.0
2026-05-22,Onion,Ghanaur,1600.0
2026-05-26,Onion,Ghanaur,1600.0
2026-05-27,Onion,Ghanaur,1600.0
2026-06-02,Onion,Ghanaur,1300.0
2026-06-03,Onion,Ghanaur,1300.0
2026-06-08,Onion,Ghanaur,1500.0
2026-06-09,Onion,Ghanaur,1600.0
2026-06-10,Onion,Ghanaur,1500.0
2026-06-16,Onion,Ghanaur,1400.0
2026-06-17,Onion,Ghanaur,1400.0
2026-06-18,Onion,Ghanaur,2100.0
2026-06-19,Onion,Ghanaur,2100.0
2026-07-22,Onion,Ghanaur,2600.0
2026-07-23,Onion,Ghanaur,2600.0
2026-07-24,Onion,Ghanaur,2600.0
2026-07-26,Onion,Ghanaur,2600.0
2026-07-27,Onion,Ghanaur,2600.0
2026-07-28,Onion,Ghanaur,2600.0
2026-07-29,Onion,Ghanaur,2600.0
2026-07-30,Onion,Ghanaur,2600.0
2026-08-02,Onion,Ghanaur,2600.0
2026-08-03,Onion,Ghanaur,2600.0
2026-08-04,Onion,Ghanaur,2700.0
2026-08-05,Onion,Ghanaur,2300.0
2026-08-06,Onion,Ghanaur,2250.0
2026-08-07,Onion,Ghanaur,2600.0
2026-08-08,Onion,Ghanaur,2600.0
2026-08-09,Onion,Ghanaur,2600.0
2026-08-10,Onion,Ghanaur,2600.0
2026-08-11,Onion,Ghanaur,2500.0
2026-08-12,Onion,Ghanaur,2500.0
2026-08-13,Onion,Ghanaur,2500.0
2026-08-14,Onion,Ghanaur,2500.0
2026-08-15,Onion,Ghanaur,2500.0
2026-08-16,Onion,Ghanaur,2500.0
2026-08-17,Onion,Ghanaur,2500.0
2026-08-18,Onion,Ghanaur,2500.0
2026-08-20,Onion,Ghanaur,2500.0
2026-08-21,Onion,Ghanaur,2500.0
2026-08-23,Onion,Ghanaur,2500.0
2026-08-24,Onion,Ghanaur,2500.0
2026-08-25,Onion,Ghanaur,2500.0
2026-08-26,Onion,Ghanaur,2500.0
2026-08-28,Onion,Ghanaur,2500.0
2026-08-29,Onion,Ghanaur,2500.0
2023-07-27,Onion,Jagraon,1800.0
2023-08-02,Onion,Jagraon,1600.0
2023-08-14,Onion,Jagraon,1500.0
2023-08-23,Onion,Jagraon,2300.0
2023-08-24,Onion,Jagraon,1500.0
2023-09-01,Onion,Jagraon,1650.0
2023-09-02,Onion,Jagraon,1700.0
2023-09-04,Onion,Jagraon,1700.0
2023-09-05,Onion,Jagraon,1800.0
2023-09-08,Onion,Jagraon,1750.0
2023-09-09,Onion,Jagraon,1800.0
2023-09-11,Onion,Jagraon,1800.0
2023-09-12,Onion,Jagraon,2000.0
2023-09-13,Onion,Jagraon,2000.0
2023-09-19,Onion,Jagraon,1700.0
2023-09-22,Onion,Jagraon,1800.0
2023-09-23,Onion,Jagraon,2000.0
2023-09-26,Onion,Jagraon,2000.0
2023-09-27,Onion,Jagraon,2000.0
2023-09-28,Onion,Jagraon,2000.0
2023-09-29,Onion,Jagraon,3800.0
2023-09-30,Onion,Jagraon,2000.0
2023-10-03,Onion,Jagraon,2000.0
2023-10-04,Onion,Jagraon,2000.0
2023-10-05,Onion,Jagraon,2000.0
2023-10-06,Onion,Jagraon,2000.0
2023-10-07,Onion,Jagraon,4200.0
2023-10-10,Onion,Jagraon,2100.0
2023-10-11,Onion,Jagraon,2000.0
2023-10-12,Onion,Jagraon,2000.0
2023-10-13,Onion,Jagraon,2000.0
2023-10-14,Onion,Jagraon,2000.0
2023-10-17,Onion,Jagraon,2150.0
2023-10-19,Onion,Jagraon,2300.0
2023-10-20,Onion,Jagraon,2300.0
2023-10-21,Onion,Jagraon,2400.0
2023-10-23,Onion,Jagraon,2150.0
2023-12-04,Onion,Jagraon,4100.0
2023-12-06,Onion,Jagraon,4050.0
2023-12-07,Onion,Jagraon,4050.0
2023-12-08,Onion,Jagraon,4150.0
2023-12-09,Onion,Jagraon,4000.0
2023-12-12,Onion,Jagraon,3900.0
2023-12-13,Onion,Jagraon,3700.0
2023-12-14,Onion,Jagraon,3800.0
2023-12-15,Onion,Jagraon,4200.0
2023-12-16,Onion,Jagraon,3750.0
2023-12-18,Onion,Jagraon,3200.0
2023-12-20,Onion,Jagraon,3100.0
2023-12-26,Onion,Jagraon,1750.0
2023-12-27,Onion,Jagraon,1700.0
2024-01-01,Onion,Jagraon,1850.0
2024-01-02,Onion,Jagraon,1850.0
2024-01-05,Onion,Jagraon,2000.0
2024-01-06,Onion,Jagraon,2050.0
2024-01-08,Onion,Jagraon,1850.0
2024-01-09,Onion,Jagraon,2200.0
2024-01-10,Onion,Jagraon,2150.0
2024-01-11,Onion,Jagraon,2150.0
2024-01-12,Onion,Jagraon,2150.0
2024-01-13,Onion,Jagraon,2250.0
2024-01-15,Onion,Jagraon,2150.0
2024-01-24,Onion,Jagraon,2150.0
2024-01-25,Onion,Jagraon,2150.0
2024-01-26,Onion,Jagraon,2200.0
2024-01-27,Onion,Jagraon,2300.0
2024-01-29,Onion,Jagraon,2250.0
2024-02-01,Onion,Jagraon,1800.0
2024-02-02,Onion,Jagraon,1500.0
2024-02-03,Onion,Jagraon,1500.0
2024-02-05,Onion,Jagraon,1200.0
2024-02-07,Onion,Jagraon,2000.0
2024-02-08,Onion,Jagraon,1500.0
2024-02-10,Onion,Jagraon,1600.0
2024-04-01,Onion,Jagraon,1400.0
2024-04-02,Onion,Jagraon,2100.0
2024-04-03,Onion,Jagraon,1500.0
2024-04-04,Onion,Jagraon,1500.0
2024-04-22,Onion,Jagraon,1500.0
2024-04-23,Onion,Jagraon,1750.0
2024-04-24,Onion,Jagraon,1750.0
2024-04-25,Onion,Jagraon,1750.0
2024-04-26,Onion,Jagraon,1750.0
2024-04-27,Onion,Jagraon,1950.0
2024-04-29,Onion,Jagraon,1850.0
2024-05-01,Onion,Jagraon,1900.0
2024-05-02,Onion,Jagraon,2150.0
2024-05-03,Onion,Jagraon,1950.0
2024-05-04,Onion,Jagraon,2000.0
2024-05-06,Onion,Jagraon,2150.0
2024-05-07,Onion,Jagraon,1900.0
2024-05-08,Onion,Jagraon,2000.0
2024-05-14,Onion,Jagraon,1850.0
2024-05-15,Onion,Jagraon,1950.0
2024-05-16,Onion,Jagraon,2050.0
2024-05-17,Onion,Jagraon,1900.0
2024-05-20,Onion,Jagraon,1850.0
2024-05-21,Onion,Jagraon,1700.0
2024-05-22,Onion,Jagraon,1750.0
2024-05-24,Onion,Jagraon,1500.0
2024-05-25,Onion,Jagraon,1700.0
2024-05-27,Onion,Jagraon,2050.0
2024-05-29,Onion,Jagraon,1850.0
2024-05-30,Onion,Jagraon,2150.0
2024-06-03,Onion,Jagraon,2150.0
2024-06-05,Onion,Jagraon,2150.0
2024-06-06,Onion,Jagraon,2700.0
2024-07-06,Onion,Jagraon,3000.0
2024-07-08,Onion,Jagraon,3000.0
2024-07-09,Onion,Jagraon,3100.0
2024-07-15,Onion,Jagraon,3100.0
2024-07-31,Onion,Jagraon,3100.0
2024-08-01,Onion,Jagraon,3000.0
2024-08-05,Onion,Jagraon,2800.0
2024-08-07,Onion,Jagraon,2800.0
2024-08-19,Onion,Jagraon,3000.0
2024-08-20,Onion,Jagraon,3000.0
2024-08-21,Onion,Jagraon,2800.0
2024-08-22,Onion,Jagraon,2500.0
2024-08-27,Onion,Jagraon,2500.0
2024-09-03,Onion,Jagraon,2500.0
2024-09-04,Onion,Jagraon,2500.0
2024-09-05,Onion,Jagraon,3500.0
2024-09-06,Onion,Jagraon,3200.0
2024-09-11,Onion,Jagraon,4200.0
2024-09-12,Onion,Jagraon,4200.0
2024-09-19,Onion,Jagraon,4000.0
2024-09-20,Onion,Jagraon,4000.0
2024-09-26,Onion,Jagraon,3500.0
2024-09-30,Onion,Jagraon,3500.0
2024-10-15,Onion,Jagraon,3700.0
2024-10-16,Onion,Jagraon,3800.0
2024-11-13,Onion,Jagraon,3700.0
2024-11-14,Onion,Jagraon,3500.0
2025-02-06,Onion,Jagraon,2100.0
2025-02-07,Onion,Jagraon,2500.0
2025-02-08,Onion,Jagraon,2300.0
2025-02-13,Onion,Jagraon,2500.0
2025-02-14,Onion,Jagraon,2200.0
2025-02-17,Onion,Jagraon,2600.0
2025-02-18,Onion,Jagraon,2500.0
2025-03-07,Onion,Jagraon,2150.0
2025-03-08,Onion,Jagraon,2500.0
2025-03-10,Onion,Jagraon,2200.0
2025-03-11,Onion,Jagraon,2200.0
2025-03-12,Onion,Jagraon,2200.0
2025-03-13,Onion,Jagraon,2100.0
2025-03-14,Onion,Jagraon,2200.0
2025-03-15,Onion,Jagraon,2150.0
2025-03-17,Onion,Jagraon,2100.0
2025-03-18,Onion,Jagraon,2200.0
2025-03-20,Onion,Jagraon,2200.0
2025-03-21,Onion,Jagraon,2200.0
2025-03-22,Onion,Jagraon,2200.0
2025-03-24,Onion,Jagraon,2200.0
2025-03-25,Onion,Jagraon,2100.0
2025-03-26,Onion,Jagraon,2200.0
2025-03-27,Onion,Jagraon,2500.0
2025-04-07,Onion,Jagraon,1400.0
2025-04-08,Onion,Jagraon,1400.0
2025-04-09,Onion,Jagraon,1300.0
2025-04-12,Onion,Jagraon,1200.0
2025-04-14,Onion,Jagraon,1300.0
2025-04-15,Onion,Jagraon,1200.0
2025-04-18,Onion,Jagraon,1400.0
2025-04-19,Onion,Jagraon,1200.0
2025-04-21,Onion,Jagraon,1200.0
2025-04-22,Onion,Jagraon,1400.0
2025-04-23,Onion,Jagraon,1500.0
2025-04-24,Onion,Jagraon,2000.0
2025-04-29,Onion,Jagraon,1400.0
2025-04-30,Onion,Jagraon,1400.0
2025-05-01,Onion,Jagraon,1700.0
2025-05-02,Onion,Jagraon,1200.0
2025-05-03,Onion,Jagraon,1200.0
2025-05-05,Onion,Jagraon,1300.0
2025-05-06,Onion,Jagraon,850.0
2025-05-07,Onion,Jagraon,950.0
2025-05-08,Onion,Jagraon,950.0
2025-05-09,Onion,Jagraon,1000.0
2025-05-12,Onion,Jagraon,1600.0
2025-05-13,Onion,Jagraon,1000.0
2025-05-14,Onion,Jagraon,800.0
2025-05-15,Onion,Jagraon,1000.0
2025-05-16,Onion,Jagraon,900.0
2025-05-19,Onion,Jagraon,1200.0
2025-05-21,Onion,Jagraon,1500.0
2025-05-22,Onion,Jagraon,1200.0
2025-05-23,Onion,Jagraon,1200.0
2025-05-24,Onion,Jagraon,1400.0
2025-05-26,Onion,Jagraon,1400.0
2025-06-02,Onion,Jagraon,1400.0
2025-06-03,Onion,Jagraon,1400.0
2025-06-06,Onion,Jagraon,1400.0
2025-06-07,Onion,Jagraon,1200.0
2025-06-09,Onion,Jagraon,1400.0
2025-06-10,Onion,Jagraon,1800.0
2026-04-16,Onion,Jagraon,1800.0
2026-04-17,Onion,Jagraon,1000.0
2026-04-20,Onion,Jagraon,1100.0
2026-04-21,Onion,Jagraon,1100.0
2026-04-22,Onion,Jagraon,1200.0
2026-04-23,Onion,Jagraon,1100.0
2026-04-24,Onion,Jagraon,1200.0
2026-05-04,Onion,Jagraon,1600.0
2026-05-06,Onion,Jagraon,1100.0
2026-05-12,Onion,Jagraon,1100.0
2026-05-13,Onion,Jagraon,1100.0
2026-05-18,Onion,Jagraon,1100.0
2026-05-19,Onion,Jagraon,1100.0
2026-05-20,Onion,Jagraon,1100.0
2026-05-21,Onion,Jagraon,1100.0
2026-05-22,Onion,Jagraon,1100.0
2026-05-23,Onion,Jagraon,1100.0
2026-05-25,Onion,Jagraon,1100.0
2026-05-26,Onion,Jagraon,1100.0
2026-05-27,Onion,Jagraon,1100.0
2026-05-29,Onion,Jagraon,1100.0
2026-05-30,Onion,Jagraon,1100.0
2026-06-01,Onion,Jagraon,1100.0
2026-06-02,Onion,Jagraon,1100.0
2026-06-03,Onion,Jagraon,1100.0
2026-06-04,Onion,Jagraon,1100.0
2026-06-06,Onion,Jagraon,1100.0
2026-06-08,Onion,Jagraon,1100.0
2026-06-09,Onion,Jagraon,1500.0
2026-06-10,Onion,Jagraon,1500.0
2026-06-11,Onion,Jagraon,1500.0
2026-06-13,Onion,Jagraon,1500.0
2026-06-15,Onion,Jagraon,1300.0
2026-06-16,Onion,Jagraon,1400.0
2026-06-17,Onion,Jagraon,1500.0
2026-06-19,Onion,Jagraon,1500.0
2026-06-20,Onion,Jagraon,1500.0
2026-06-22,Onion,Jagraon,1400.0
2026-06-23,Onion,Jagraon,1500.0
2026-06-24,Onion,Jagraon,1500.0
2026-06-25,Onion,Jagraon,1500.0
2026-06-29,Onion,Jagraon,2000.0
2026-06-30,Onion,Jagraon,1500.0
2026-07-01,Onion,Jagraon,1600.0
2026-07-03,Onion,Jagraon,1500.0
2026-07-04,Onion,Jagraon,1500.0
2026-07-06,Onion,Jagraon,1600.0
2026-07-08,Onion,Jagraon,1600.0
2026-07-09,Onion,Jagraon,1800.0
2026-07-10,Onion,Jagraon,1500.0
2026-07-11,Onion,Jagraon,1800.0
2026-07-15,Onion,Jagraon,2100.0
2026-07-16,Onion,Jagraon,2000.0
2026-07-20,Onion,Jagraon,2000.0
2026-07-21,Onion,Jagraon,1800.0
2026-07-22,Onion,Jagraon,1900.0
2026-07-23,Onion,Jagraon,1900.0
2026-07-27,Onion,Jagraon,2000.0
2026-07-28,Onion,Jagraon,1900.0
2026-07-29,Onion,Jagraon,1900.0
2026-07-30,Onion,Jagraon,1900.0
2026-07-31,Onion,Jagraon,1900.0
2026-08-01,Onion,Jagraon,1900.0
2026-08-03,Onion,Jagraon,1900.0
2026-08-04,Onion,Jagraon,1900.0
2026-08-05,Onion,Jagraon,1900.0
2026-08-06,Onion,Jagraon,1900.0
2026-08-07,Onion,Jagraon,2000.0
2026-08-10,Onion,Jagraon,1900.0
2026-08-11,Onion,Jagraon,1900.0
2026-08-13,Onion,Jagraon,1900.0
2026-08-14,Onion,Jagraon,1900.0
2026-08-17,Onion,Jagraon,2000.0
2026-08-18,Onion,Jagraon,2100.0
2026-08-19,Onion,Jagraon,1900.0
2026-08-20,Onion,Jagraon,1900.0
2026-08-21,Onion,Jagraon,2000.0
2026-08-22,Onion,Jagraon,1900.0
2026-08-24,Onion,Jagraon,2000.0
2026-08-25,Onion,Jagraon,2000.0
2026-08-26,Onion,Jagraon,1900.0
2026-08-28,Onion,Jagraon,1900.0
2023-06-06,Onion,Khanna,700.0
2023-06-07,Onion,Khanna,800.0
2023-06-09,Onion,Khanna,800.0
2023-06-10,Onion,Khanna,800.0
2023-06-12,Onion,Khanna,800.0
2023-06-13,Onion,Khanna,800.0
2023-06-14,Onion,Khanna,800.0
2023-06-15,Onion,Khanna,800.0
2023-06-16,Onion,Khanna,800.0
2023-06-17,Onion,Khanna,800.0
2023-06-19,Onion,Khanna,800.0
2023-06-20,Onion,Khanna,800.0
2023-06-21,Onion,Khanna,800.0
2023-06-22,Onion,Khanna,800.0
2023-06-26,Onion,Khanna,800.0
2023-06-27,Onion,Khanna,800.0
2023-06-28,Onion,Khanna,800.0
2023-06-29,Onion,Khanna,800.0
2023-06-30,Onion,Khanna,800.0
2023-07-01,Onion,Khanna,800.0
2023-07-04,Onion,Khanna,1500.0
2023-07-05,Onion,Khanna,1500.0
2023-07-06,Onion,Khanna,1400.0
2023-07-10,Onion,Khanna,1300.0
2023-07-11,Onion,Khanna,1500.0
2023-07-12,Onion,Khanna,1500.0
2023-07-13,Onion,Khanna,1500.0
2023-07-17,Onion,Khanna,1400.0
2023-07-18,Onion,Khanna,1200.0
2023-07-19,Onion,Khanna,1400.0
2023-07-20,Onion,Khanna,1400.0
2023-07-21,Onion,Khanna,1200.0
2023-07-24,Onion,Khanna,1500.0
2023-07-31,Onion,Khanna,1500.0
2023-08-01,Onion,Khanna,1300.0
2023-08-02,Onion,Khanna,1300.0
2023-08-04,Onion,Khanna,1300.0
2023-08-07,Onion,Khanna,1400.0
2023-08-08,Onion,Khanna,1300.0
2023-08-09,Onion,Khanna,1300.0
2023-08-10,Onion,Khanna,1400.0
2023-08-11,Onion,Khanna,1400.0
2023-08-12,Onion,Khanna,1500.0
2023-08-14,Onion,Khanna,1400.0
2023-08-15,Onion,Khanna,1200.0
2023-08-16,Onion,Khanna,1500.0
2023-08-17,Onion,Khanna,1500.0
2023-08-18,Onion,Khanna,1400.0
2023-08-19,Onion,Khanna,1300.0
2023-08-22,Onion,Khanna,1400.0
2023-08-23,Onion,Khanna,1400.0
2023-08-24,Onion,Khanna,1300.0
2023-08-25,Onion,Khanna,1500.0
2023-08-26,Onion,Khanna,1400.0
2023-08-28,Onion,Khanna,1500.0
2023-08-30,Onion,Khanna,1500.0
2023-08-31,Onion,Khanna,1500.0
2023-09-01,Onion,Khanna,1500.0
2023-09-02,Onion,Khanna,1500.0
2023-09-04,Onion,Khanna,2000.0
2023-09-06,Onion,Khanna,1500.0
2023-09-07,Onion,Khanna,2000.0
2023-09-08,Onion,Khanna,2000.0
2023-09-11,Onion,Khanna,2000.0
2023-09-12,Onion,Khanna,2000.0
2023-09-13,Onion,Khanna,2000.0
2023-09-14,Onion,Khanna,2000.0
2023-09-15,Onion,Khanna,1500.0
2023-09-16,Onion,Khanna,1500.0
2023-09-18,Onion,Khanna,1500.0
2023-09-21,Onion,Khanna,1500.0
2023-09-22,Onion,Khanna,1500.0
2023-09-23,Onion,Khanna,2000.0
2023-09-25,Onion,Khanna,1500.0
2023-09-28,Onion,Khanna,1500.0
2023-09-29,Onion,Khanna,2000.0
2023-09-30,Onion,Khanna,2000.0
2023-10-02,Onion,Khanna,2000.0
2023-10-03,Onion,Khanna,2000.0
2023-10-06,Onion,Khanna,1500.0
2023-10-07,Onion,Khanna,1500.0
2023-10-09,Onion,Khanna,2000.0
2023-10-10,Onion,Khanna,1500.0
2023-10-11,Onion,Khanna,2000.0
2023-10-12,Onion,Khanna,1500.0
2023-10-13,Onion,Khanna,1500.0
2023-10-14,Onion,Khanna,1500.0
2023-10-17,Onion,Khanna,1500.0
2023-10-18,Onion,Khanna,1500.0
2023-10-20,Onion,Khanna,1500.0
2023-10-21,Onion,Khanna,1500.0
2023-10-23,Onion,Khanna,1500.0
2023-10-24,Onion,Khanna,1500.0
2023-10-25,Onion,Khanna,1500.0
2023-10-26,Onion,Khanna,1500.0
2023-10-28,Onion,Khanna,1700.0
2023-10-31,Onion,Khanna,3000.0
2023-11-01,Onion,Khanna,3500.0
2023-11-03,Onion,Khanna,2000.0
2023-11-04,Onion,Khanna,3000.0
2023-11-06,Onion,Khanna,3000.0
2023-11-07,Onion,Khanna,3000.0
2023-11-09,Onion,Khanna,3000.0
2023-11-13,Onion,Khanna,3000.0
2023-11-14,Onion,Khanna,3000.0
2023-11-15,Onion,Khanna,3000.0
2023-11-17,Onion,Khanna,3000.0
2023-11-18,Onion,Khanna,3000.0
2023-11-20,Onion,Khanna,3000.0
2023-11-21,Onion,Khanna,3000.0
2023-11-22,Onion,Khanna,3000.0
2023-11-23,Onion,Khanna,3000.0
2023-11-24,Onion,Khanna,3000.0
2023-11-25,Onion,Khanna,3000.0
2023-11-27,Onion,Khanna,3000.0
2023-11-28,Onion,Khanna,3000.0
2023-11-29,Onion,Khanna,3500.0
2023-11-30,Onion,Khanna,3500.0
2023-12-01,Onion,Khanna,3000.0
2023-12-02,Onion,Khanna,2500.0
2023-12-04,Onion,Khanna,3000.0
2023-12-05,Onion,Khanna,3000.0
2023-12-06,Onion,Khanna,3000.0
2023-12-07,Onion,Khanna,3000.0
2023-12-08,Onion,Khanna,3000.0
2023-12-09,Onion,Khanna,3000.0
2023-12-11,Onion,Khanna,2500.0
2023-12-12,Onion,Khanna,2500.0
2023-12-13,Onion,Khanna,2000.0
2023-12-14,Onion,Khanna,2000.0
2023-12-15,Onion,Khanna,2000.0
2023-12-16,Onion,Khanna,2000.0
2023-12-18,Onion,Khanna,2000.0
2023-12-19,Onion,Khanna,2000.0
2023-12-20,Onion,Khanna,2000.0
2023-12-21,Onion,Khanna,2000.0
2023-12-22,Onion,Khanna,2000.0
2023-12-23,Onion,Khanna,2000.0
2023-12-25,Onion,Khanna,1500.0
2023-12-26,Onion,Khanna,1500.0
2023-12-27,Onion,Khanna,1500.0
2023-12-28,Onion,Khanna,1500.0
2023-12-29,Onion,Khanna,1700.0
2023-12-30,Onion,Khanna,1500.0
2024-01-04,Onion,Khanna,1500.0
2024-01-05,Onion,Khanna,1500.0
2024-01-06,Onion,Khanna,1500.0
2024-01-08,Onion,Khanna,1500.0
2024-01-09,Onion,Khanna,1500.0
2024-01-10,Onion,Khanna,2000.0
2024-01-11,Onion,Khanna,2000.0
2024-01-12,Onion,Khanna,1500.0
2024-01-13,Onion,Khanna,1500.0
2024-01-15,Onion,Khanna,2000.0
2024-01-16,Onion,Khanna,1800.0
2024-01-17,Onion,Khanna,2000.0
2024-01-18,Onion,Khanna,1500.0
2024-01-19,Onion,Khanna,1500.0
2024-01-20,Onion,Khanna,1500.0
2024-01-22,Onion,Khanna,1500.0
2024-01-23,Onion,Khanna,1500.0
2024-01-24,Onion,Khanna,1500.0
2024-01-25,Onion,Khanna,1200.0
2024-01-26,Onion,Khanna,1500.0
2024-01-27,Onion,Khanna,1200.0
2024-01-29,Onion,Khanna,1200.0
2024-01-30,Onion,Khanna,1200.0
2024-01-31,Onion,Khanna,1200.0
2024-02-02,Onion,Khanna,1200.0
2024-02-03,Onion,Khanna,1200.0
2024-02-05,Onion,Khanna,1300.0
2024-02-06,Onion,Khanna,1300.0
2024-02-07,Onion,Khanna,1300.0
2024-02-08,Onion,Khanna,1300.0
2024-02-09,Onion,Khanna,1300.0
2024-02-10,Onion,Khanna,1300.0
2024-02-12,Onion,Khanna,1200.0
2024-02-13,Onion,Khanna,1200.0
2024-02-14,Onion,Khanna,1200.0
2024-02-15,Onion,Khanna,1200.0
2024-02-16,Onion,Khanna,1200.0
2024-02-17,Onion,Khanna,1200.0
2024-02-19,Onion,Khanna,1200.0
2024-02-20,Onion,Khanna,1200.0
2024-02-21,Onion,Khanna,1200.0
2024-02-22,Onion,Khanna,1200.0
2024-02-23,Onion,Khanna,1200.0
2024-02-26,Onion,Khanna,1200.0
2024-02-27,Onion,Khanna,1200.0
2024-02-28,Onion,Khanna,1300.0
2024-02-29,Onion,Khanna,1200.0
2024-03-01,Onion,Khanna,1200.0
2024-03-02,Onion,Khanna,1200.0
2024-03-04,Onion,Khanna,1200.0
2024-03-05,Onion,Khanna,1500.0
2024-03-06,Onion,Khanna,1500.0
2024-03-07,Onion,Khanna,1500.0
2024-03-08,Onion,Khanna,1500.0
2024-03-09,Onion,Khanna,1500.0
2024-03-11,Onion,Khanna,1500.0
2024-03-12,Onion,Khanna,1500.0
2024-03-13,Onion,Khanna,1500.0
2024-03-14,Onion,Khanna,1500.0
2024-03-15,Onion,Khanna,1500.0
2024-03-16,Onion,Khanna,1700.0
2024-03-18,Onion,Khanna,1500.0
2024-03-20,Onion,Khanna,1700.0
2024-03-21,Onion,Khanna,1600.0
2024-03-22,Onion,Khanna,1500.0
2024-03-23,Onion,Khanna,1500.0
2024-03-25,Onion,Khanna,1500.0
2024-03-26,Onion,Khanna,1500.0
2024-03-27,Onion,Khanna,1500.0
2024-03-28,Onion,Khanna,1500.0
2024-03-30,Onion,Khanna,1200.0
2024-04-01,Onion,Khanna,1200.0
2024-04-04,Onion,Khanna,1300.0
2024-04-05,Onion,Khanna,1500.0
2024-04-06,Onion,Khanna,1500.0
2024-04-08,Onion,Khanna,1500.0
2024-04-09,Onion,Khanna,1500.0
2024-04-10,Onion,Khanna,1500.0
2024-04-11,Onion,Khanna,1500.0
2024-04-12,Onion,Khanna,1300.0
2024-04-15,Onion,Khanna,1500.0
2024-04-16,Onion,Khanna,1500.0
2024-04-17,Onion,Khanna,1500.0
2024-04-18,Onion,Khanna,1500.0
2024-04-20,Onion,Khanna,1500.0
2024-04-22,Onion,Khanna,1500.0
2024-04-23,Onion,Khanna,1500.0
2024-04-24,Onion,Khanna,1500.0
2024-04-25,Onion,Khanna,1500.0
2024-04-26,Onion,Khanna,1300.0
2024-04-27,Onion,Khanna,1300.0
2024-04-29,Onion,Khanna,1300.0
2024-04-30,Onion,Khanna,1200.0
2024-05-01,Onion,Khanna,1200.0
2024-05-02,Onion,Khanna,1200.0
2024-05-03,Onion,Khanna,1500.0
2024-05-04,Onion,Khanna,1300.0
2024-05-06,Onion,Khanna,1200.0
2024-05-07,Onion,Khanna,1300.0
2024-05-08,Onion,Khanna,1200.0
2024-05-09,Onion,Khanna,1200.0
2024-05-10,Onion,Khanna,1200.0
2024-05-11,Onion,Khanna,1300.0
2024-05-13,Onion,Khanna,1200.0
2024-05-14,Onion,Khanna,1200.0
2024-05-15,Onion,Khanna,1000.0
2024-05-16,Onion,Khanna,1000.0
2024-05-17,Onion,Khanna,1000.0
2024-05-18,Onion,Khanna,1000.0
2024-05-20,Onion,Khanna,1000.0
2024-05-21,Onion,Khanna,1000.0
2024-05-22,Onion,Khanna,1000.0
2024-05-23,Onion,Khanna,1000.0
2024-05-24,Onion,Khanna,1200.0
2024-05-25,Onion,Khanna,1200.0
2024-05-27,Onion,Khanna,1200.0
2024-05-28,Onion,Khanna,1200.0
2024-05-29,Onion,Khanna,1200.0
2024-05-30,Onion,Khanna,1200.0
2024-05-31,Onion,Khanna,1200.0
2024-06-01,Onion,Khanna,1200.0
2024-06-03,Onion,Khanna,1200.0
2024-06-04,Onion,Khanna,1000.0
2024-06-05,Onion,Khanna,1200.0
2024-06-06,Onion,Khanna,1200.0
2024-07-06,Onion,Khanna,2500.0
2024-07-08,Onion,Khanna,2500.0
2024-07-09,Onion,Khanna,2500.0
2024-07-10,Onion,Khanna,2500.0
2024-07-11,Onion,Khanna,2000.0
2024-07-12,Onion,Khanna,2000.0
2024-07-13,Onion,Khanna,2000.0
2024-07-15,Onion,Khanna,2500.0
2024-07-16,Onion,Khanna,2000.0
2024-07-18,Onion,Khanna,2500.0
2024-07-20,Onion,Khanna,2500.0
2024-07-22,Onion,Khanna,2500.0
2024-07-24,Onion,Khanna,2500.0
2024-07-25,Onion,Khanna,1500.0
2024-07-26,Onion,Khanna,2500.0
2024-07-27,Onion,Khanna,2000.0
2024-07-29,Onion,Khanna,2500.0
2024-07-30,Onion,Khanna,2500.0
2024-07-31,Onion,Khanna,2000.0
2024-08-01,Onion,Khanna,2000.0
2024-08-02,Onion,Khanna,2000.0
2024-08-03,Onion,Khanna,2000.0
2024-08-05,Onion,Khanna,2000.0
2024-08-07,Onion,Khanna,2000.0
2024-08-09,Onion,Khanna,2000.0
2024-08-10,Onion,Khanna,2000.0
2024-08-12,Onion,Khanna,2000.0
2024-08-13,Onion,Khanna,2000.0
2024-08-14,Onion,Khanna,2000.0
2024-08-15,Onion,Khanna,2000.0
2024-08-17,Onion,Khanna,2500.0
2024-08-19,Onion,Khanna,2500.0
2024-08-20,Onion,Khanna,2500.0
2024-08-21,Onion,Khanna,2500.0
2024-08-22,Onion,Khanna,2500.0
2024-08-23,Onion,Khanna,3000.0
2024-08-24,Onion,Khanna,3000.0
2024-08-26,Onion,Khanna,3000.0
2024-08-27,Onion,Khanna,3000.0
2024-08-28,Onion,Khanna,3000.0
2024-08-29,Onion,Khanna,3000.0
2024-08-30,Onion,Khanna,3000.0
2024-08-31,Onion,Khanna,2500.0
2024-09-02,Onion,Khanna,3000.0
2024-09-03,Onion,Khanna,3200.0
2024-09-04,Onion,Khanna,3000.0
2024-09-05,Onion,Khanna,3500.0
2024-09-06,Onion,Khanna,3500.0
2024-09-07,Onion,Khanna,3500.0
2024-09-09,Onion,Khanna,3000.0
2024-09-10,Onion,Khanna,2500.0
2024-09-12,Onion,Khanna,3500.0
2024-09-13,Onion,Khanna,3500.0
2024-09-14,Onion,Khanna,3000.0
2024-09-16,Onion,Khanna,3000.0
2024-09-17,Onion,Khanna,3500.0
2024-09-18,Onion,Khanna,3500.0
2024-09-19,Onion,Khanna,3500.0
2024-09-20,Onion,Khanna,3500.0
2024-09-21,Onion,Khanna,3500.0
2024-09-23,Onion,Khanna,3500.0
2024-09-24,Onion,Khanna,4000.0
2024-09-25,Onion,Khanna,3500.0
2024-09-26,Onion,Khanna,3500.0
2024-09-27,Onion,Khanna,3500.0
2024-09-28,Onion,Khanna,3500.0
2024-09-30,Onion,Khanna,3500.0
2024-10-01,Onion,Khanna,3500.0
2024-10-02,Onion,Khanna,3500.0
2024-10-03,Onion,Khanna,3500.0
2024-10-04,Onion,Khanna,3500.0
2024-10-05,Onion,Khanna,3500.0
2024-10-07,Onion,Khanna,3500.0
2024-10-08,Onion,Khanna,3500.0
2024-10-09,Onion,Khanna,3500.0
2024-10-10,Onion,Khanna,3500.0
2024-10-11,Onion,Khanna,3500.0
2024-10-14,Onion,Khanna,3500.0
2024-10-15,Onion,Khanna,3500.0
2024-10-16,Onion,Khanna,3500.0
2024-10-17,Onion,Khanna,3500.0
2024-10-18,Onion,Khanna,3500.0
2024-10-19,Onion,Khanna,3500.0
2024-10-21,Onion,Khanna,3500.0
2024-10-22,Onion,Khanna,3500.0
2024-10-24,Onion,Khanna,3500.0
2024-10-25,Onion,Khanna,3500.0
2024-10-26,Onion,Khanna,3500.0
2024-10-28,Onion,Khanna,3500.0
2024-10-29,Onion,Khanna,4000.0
2024-10-30,Onion,Khanna,4000.0
2024-11-01,Onion,Khanna,3500.0
2024-11-02,Onion,Khanna,4000.0
2024-11-04,Onion,Khanna,4000.0
2024-11-05,Onion,Khanna,4000.0
2024-11-06,Onion,Khanna,4000.0
2024-11-07,Onion,Khanna,4000.0
2024-11-08,Onion,Khanna,4000.0
2024-11-09,Onion,Khanna,4000.0
2024-11-11,Onion,Khanna,4500.0
2024-11-12,Onion,Khanna,4500.0
2024-11-13,Onion,Khanna,3500.0
2024-11-20,Onion,Khanna,4000.0
2024-11-27,Onion,Khanna,2500.0
2024-11-28,Onion,Khanna,2500.0
2024-11-29,Onion,Khanna,2500.0
2024-11-30,Onion,Khanna,4000.0
2024-12-02,Onion,Khanna,4000.0
2024-12-03,Onion,Khanna,4000.0
2024-12-04,Onion,Khanna,4000.0
2024-12-05,Onion,Khanna,4000.0
2024-12-06,Onion,Khanna,4000.0
2025-02-06,Onion,Khanna,1500.0
2025-02-07,Onion,Khanna,1500.0
2025-02-08,Onion,Khanna,1500.0
2025-02-10,Onion,Khanna,1500.0
2025-02-11,Onion,Khanna,1500.0
2025-02-13,Onion,Khanna,2000.0
2025-02-14,Onion,Khanna,2500.0
2025-02-15,Onion,Khanna,2500.0
2025-02-17,Onion,Khanna,2500.0
2025-02-18,Onion,Khanna,2500.0
2025-02-19,Onion,Khanna,2000.0
2025-02-21,Onion,Khanna,2000.0
2025-02-22,Onion,Khanna,2000.0
2025-02-24,Onion,Khanna,2000.0
2025-02-25,Onion,Khanna,2000.0
2025-02-26,Onion,Khanna,2000.0
2025-02-27,Onion,Khanna,2000.0
2025-02-28,Onion,Khanna,2000.0
2025-03-01,Onion,Khanna,2000.0
2025-03-03,Onion,Khanna,2000.0
2025-03-04,Onion,Khanna,2000.0
2025-03-05,Onion,Khanna,2000.0
2025-03-06,Onion,Khanna,2000.0
2025-03-07,Onion,Khanna,2200.0
2025-03-08,Onion,Khanna,1500.0
2025-03-10,Onion,Khanna,2200.0
2025-03-12,Onion,Khanna,2000.0
2025-03-13,Onion,Khanna,2000.0
2025-03-14,Onion,Khanna,2000.0
2025-03-15,Onion,Khanna,2000.0
2025-03-17,Onion,Khanna,2000.0
2025-03-18,Onion,Khanna,2000.0
2025-03-19,Onion,Khanna,2000.0
2025-03-21,Onion,Khanna,2000.0
2025-03-22,Onion,Khanna,2000.0
2025-03-24,Onion,Khanna,2000.0
2025-03-25,Onion,Khanna,2000.0
2025-03-26,Onion,Khanna,2000.0
2025-03-27,Onion,Khanna,2000.0
2025-03-28,Onion,Khanna,2000.0
2025-03-31,Onion,Khanna,1500.0
2025-04-01,Onion,Khanna,1500.0
2025-04-02,Onion,Khanna,1500.0
2025-04-03,Onion,Khanna,1500.0
2025-04-04,Onion,Khanna,1500.0
2025-04-08,Onion,Khanna,1500.0
2025-04-09,Onion,Khanna,1500.0
2025-04-10,Onion,Khanna,1500.0
2025-04-11,Onion,Khanna,1500.0
2025-04-12,Onion,Khanna,1500.0
2025-04-14,Onion,Khanna,1500.0
2025-04-15,Onion,Khanna,1500.0
2025-04-16,Onion,Khanna,1100.0
2025-04-17,Onion,Khanna,1100.0
2025-04-18,Onion,Khanna,1100.0
2025-04-19,Onion,Khanna,1100.0
2025-04-21,Onion,Khanna,1100.0
2025-04-22,Onion,Khanna,1100.0
2025-04-23,Onion,Khanna,800.0
2025-04-24,Onion,Khanna,800.0
2025-04-25,Onion,Khanna,800.0
2025-04-28,Onion,Khanna,1100.0
2025-05-01,Onion,Khanna,1100.0
2025-05-02,Onion,Khanna,1100.0
2025-05-03,Onion,Khanna,1100.0
2025-05-05,Onion,Khanna,1100.0
2025-05-06,Onion,Khanna,1000.0
2025-05-07,Onion,Khanna,1000.0
2025-05-08,Onion,Khanna,1000.0
2025-05-09,Onion,Khanna,1000.0
2025-05-10,Onion,Khanna,1200.0
2025-05-12,Onion,Khanna,1200.0
2025-05-13,Onion,Khanna,1200.0
2025-05-14,Onion,Khanna,1200.0
2025-05-15,Onion,Khanna,1200.0
2025-05-16,Onion,Khanna,1200.0
2025-05-17,Onion,Khanna,1200.0
2025-05-19,Onion,Khanna,1200.0
2025-05-20,Onion,Khanna,1200.0
2025-05-21,Onion,Khanna,1200.0
2025-05-22,Onion,Khanna,1200.0
2025-05-23,Onion,Khanna,1200.0
2025-05-24,Onion,Khanna,1200.0
2025-05-26,Onion,Khanna,1200.0
2025-06-03,Onion,Khanna,1000.0
2025-06-04,Onion,Khanna,1000.0
2025-06-05,Onion,Khanna,1000.0
2025-06-09,Onion,Khanna,1000.0
2025-11-07,Onion,Khanna,1200.0
2025-11-08,Onion,Khanna,1200.0
2025-11-10,Onion,Khanna,1200.0
2025-11-11,Onion,Khanna,1200.0
2025-11-12,Onion,Khanna,1200.0
2025-11-13,Onion,Khanna,1200.0
2025-11-14,Onion,Khanna,1200.0
2025-11-15,Onion,Khanna,1200.0
2025-11-17,Onion,Khanna,1200.0
2025-11-19,Onion,Khanna,1200.0
2025-11-20,Onion,Khanna,1200.0
2025-11-21,Onion,Khanna,1200.0
2025-11-22,Onion,Khanna,1200.0
2025-11-24,Onion,Khanna,1200.0
2025-11-25,Onion,Khanna,1000.0
2025-11-26,Onion,Khanna,1000.0
2025-11-27,Onion,Khanna,1000.0
2025-11-28,Onion,Khanna,1000.0
2025-12-01,Onion,Khanna,1000.0
2025-12-02,Onion,Khanna,1000.0
2025-12-03,Onion,Khanna,1000.0
2025-12-05,Onion,Khanna,1000.0
2025-12-06,Onion,Khanna,1000.0
2025-12-08,Onion,Khanna,1000.0
2025-12-09,Onion,Khanna,1200.0
2025-12-11,Onion,Khanna,1000.0
2025-12-12,Onion,Khanna,1400.0
2025-12-13,Onion,Khanna,1400.0
2025-12-15,Onion,Khanna,1500.0
2025-12-16,Onion,Khanna,1500.0
2025-12-17,Onion,Khanna,1500.0
2025-12-18,Onion,Khanna,1500.0
2025-12-19,Onion,Khanna,1500.0
2025-12-20,Onion,Khanna,1500.0
2025-12-22,Onion,Khanna,1500.0
2025-12-23,Onion,Khanna,1500.0
2025-12-24,Onion,Khanna,2500.0
2025-12-25,Onion,Khanna,2000.0
2025-12-26,Onion,Khanna,2000.0
2025-12-27,Onion,Khanna,2000.0
2025-12-29,Onion,Khanna,2000.0
2025-12-30,Onion,Khanna,2000.0
2025-12-31,Onion,Khanna,2000.0
2026-01-01,Onion,Khanna,1500.0
2026-01-02,Onion,Khanna,1500.0
2026-01-03,Onion,Khanna,1500.0
2026-01-05,Onion,Khanna,1500.0
2026-01-06,Onion,Khanna,1500.0
2026-01-07,Onion,Khanna,1800.0
2026-01-10,Onion,Khanna,1400.0
2026-01-12,Onion,Khanna,1400.0
2026-01-13,Onion,Khanna,1400.0
2026-01-14,Onion,Khanna,1400.0
2026-01-15,Onion,Khanna,1600.0
2026-01-16,Onion,Khanna,1600.0
2026-01-17,Onion,Khanna,1600.0
2026-01-19,Onion,Khanna,1800.0
2026-01-20,Onion,Khanna,1800.0
2026-01-21,Onion,Khanna,1800.0
2026-01-22,Onion,Khanna,1800.0
2026-01-23,Onion,Khanna,1800.0
2026-01-24,Onion,Khanna,1800.0
2026-01-26,Onion,Khanna,1800.0
2026-01-27,Onion,Khanna,1800.0
2026-01-28,Onion,Khanna,1800.0
2026-01-29,Onion,Khanna,1600.0
2026-01-30,Onion,Khanna,1800.0
2026-01-31,Onion,Khanna,1800.0
2026-02-02,Onion,Khanna,1800.0
2026-02-03,Onion,Khanna,1800.0
2026-02-04,Onion,Khanna,1800.0
2026-02-05,Onion,Khanna,1500.0
2026-02-06,Onion,Khanna,1600.0
2026-02-07,Onion,Khanna,1600.0
2026-02-09,Onion,Khanna,1600.0
2026-02-11,Onion,Khanna,1600.0
2026-02-12,Onion,Khanna,1500.0
2026-02-13,Onion,Khanna,1500.0
2026-02-16,Onion,Khanna,1500.0
2026-02-17,Onion,Khanna,1500.0
2026-02-18,Onion,Khanna,1800.0
2026-02-19,Onion,Khanna,1500.0
2026-02-20,Onion,Khanna,1500.0
2026-02-21,Onion,Khanna,1500.0
2026-02-23,Onion,Khanna,1500.0
2026-02-24,Onion,Khanna,1500.0
2026-02-25,Onion,Khanna,1500.0
2026-02-26,Onion,Khanna,1500.0
2026-02-27,Onion,Khanna,1400.0
2026-02-28,Onion,Khanna,1400.0
2026-03-02,Onion,Khanna,1400.0
2026-03-03,Onion,Khanna,1400.0
2026-03-04,Onion,Khanna,1400.0
2026-03-05,Onion,Khanna,1300.0
2026-03-06,Onion,Khanna,1300.0
2026-03-07,Onion,Khanna,1331.19
2026-03-09,Onion,Khanna,1500.0
2026-03-11,Onion,Khanna,1500.0
2026-03-12,Onion,Khanna,1500.0
2026-03-13,Onion,Khanna,1500.0
2026-03-14,Onion,Khanna,1400.0
2026-03-16,Onion,Khanna,1500.0
2026-03-17,Onion,Khanna,1500.0
2026-03-18,Onion,Khanna,1500.0
2026-03-19,Onion,Khanna,1400.0
2026-03-20,Onion,Khanna,1400.0
2026-03-23,Onion,Khanna,1400.0
2026-03-26,Onion,Khanna,1400.0
2026-03-27,Onion,Khanna,1400.0
2026-03-28,Onion,Khanna,1400.0
2026-03-30,Onion,Khanna,1400.0
2026-03-31,Onion,Khanna,1400.0
2026-04-01,Onion,Khanna,1400.0
2026-04-02,Onion,Khanna,1200.0
2026-04-03,Onion,Khanna,1200.0
2026-04-04,Onion,Khanna,1200.0
2026-04-06,Onion,Khanna,1200.0
2026-04-07,Onion,Khanna,1200.0
2026-04-08,Onion,Khanna,1200.0
2026-04-09,Onion,Khanna,1200.0
2026-04-10,Onion,Khanna,1200.0
2026-04-11,Onion,Khanna,1200.0
2026-04-13,Onion,Khanna,1200.0
2026-04-14,Onion,Khanna,1200.0
2026-04-15,Onion,Khanna,1200.0
2026-04-16,Onion,Khanna,1200.0
2026-04-17,Onion,Khanna,1200.0
2026-04-18,Onion,Khanna,1200.0
2026-04-20,Onion,Khanna,1200.0
2026-04-21,Onion,Khanna,1200.0
2026-04-22,Onion,Khanna,1200.0
2026-04-23,Onion,Khanna,1200.0
2026-04-24,Onion,Khanna,1200.0
2026-04-25,Onion,Khanna,1200.0
2026-04-27,Onion,Khanna,1200.0
2026-04-28,Onion,Khanna,1200.0
2026-04-29,Onion,Khanna,1200.0
2026-04-30,Onion,Khanna,1200.0
2026-05-01,Onion,Khanna,1200.0
2026-05-02,Onion,Khanna,1200.0
2026-05-04,Onion,Khanna,1200.0
2026-05-05,Onion,Khanna,1200.0
2026-05-06,Onion,Khanna,1300.0
2026-05-07,Onion,Khanna,1400.0
2026-05-08,Onion,Khanna,1400.0
2026-05-09,Onion,Khanna,1400.0
2026-05-11,Onion,Khanna,1400.0
2026-05-12,Onion,Khanna,1400.0
2026-05-13,Onion,Khanna,1400.0
2026-05-14,Onion,Khanna,1400.0
2026-05-15,Onion,Khanna,1400.0
2026-05-16,Onion,Khanna,1400.0
2026-05-18,Onion,Khanna,1400.0
2026-05-19,Onion,Khanna,1400.0
2026-05-20,Onion,Khanna,1400.0
2026-05-21,Onion,Khanna,800.0
2026-05-22,Onion,Khanna,1400.0
2026-05-23,Onion,Khanna,1400.0
2026-05-25,Onion,Khanna,1500.0
2026-05-26,Onion,Khanna,1400.0
2026-05-27,Onion,Khanna,1400.0
2026-05-28,Onion,Khanna,1500.0
2026-05-29,Onion,Khanna,1400.0
2026-05-30,Onion,Khanna,1400.0
2026-06-01,Onion,Khanna,1400.0
2026-06-03,Onion,Khanna,1600.0
2026-06-04,Onion,Khanna,1600.0
2026-06-05,Onion,Khanna,1600.0
2026-06-06,Onion,Khanna,1600.0
2026-06-09,Onion,Khanna,1600.0
2026-06-10,Onion,Khanna,1600.0
2026-06-11,Onion,Khanna,1600.0
2026-06-12,Onion,Khanna,1600.0
2026-06-13,Onion,Khanna,1600.0
2026-06-15,Onion,Khanna,1600.0
2026-06-16,Onion,Khanna,1006.0
2026-06-17,Onion,Khanna,1600.0
2026-06-18,Onion,Khanna,1600.0
2026-06-19,Onion,Khanna,1600.0
2026-06-20,Onion,Khanna,1500.0
2026-06-23,Onion,Khanna,1500.0
2026-06-24,Onion,Khanna,1600.0
2026-06-25,Onion,Khanna,1600.0
2026-06-26,Onion,Khanna,1800.0
2026-06-27,Onion,Khanna,1800.0
2026-06-29,Onion,Khanna,1800.0
2026-06-30,Onion,Khanna,1800.0
2026-07-01,Onion,Khanna,1800.0
2026-07-02,Onion,Khanna,1800.0
2026-07-03,Onion,Khanna,1800.0
2026-07-04,Onion,Khanna,2000.0
2026-07-06,Onion,Khanna,2000.0
2026-07-08,Onion,Khanna,2000.0
2026-07-09,Onion,Khanna,2000.0
2026-07-10,Onion,Khanna,2000.0
2026-07-13,Onion,Khanna,2000.0
2026-07-14,Onion,Khanna,2000.0
2026-07-15,Onion,Khanna,2000.0
2026-07-16,Onion,Khanna,2000.0
2026-07-17,Onion,Khanna,2000.0
2026-07-18,Onion,Khanna,2000.0
2026-07-21,Onion,Khanna,2000.0
2026-07-22,Onion,Khanna,2000.0
2026-07-23,Onion,Khanna,2200.0
2026-07-25,Onion,Khanna,1800.0
2026-07-27,Onion,Khanna,2200.0
2026-07-28,Onion,Khanna,2200.0
2026-07-29,Onion,Khanna,2200.0
2026-07-30,Onion,Khanna,2200.0
2026-07-31,Onion,Khanna,2200.0
2026-08-01,Onion,Khanna,2200.0
2026-08-03,Onion,Khanna,2200.0
2026-08-04,Onion,Khanna,2200.0
2026-08-05,Onion,Khanna,2200.0
2026-08-06,Onion,Khanna,2200.0
2026-08-07,Onion,Khanna,2200.0
2026-08-08,Onion,Khanna,2200.0
2026-08-10,Onion,Khanna,2200.0
2026-08-11,Onion,Khanna,2200.0
2026-08-12,Onion,Khanna,2200.0
2026-08-13,Onion,Khanna,2200.0
2026-08-14,Onion,Khanna,2200.0
2026-08-15,Onion,Khanna,2200.0
2026-08-17,Onion,Khanna,2200.0
2026-08-18,Onion,Khanna,2200.0
2026-08-19,Onion,Khanna,2200.0
2026-08-21,Onion,Khanna,2200.0
2026-08-22,Onion,Khanna,3000.0
2026-08-24,Onion,Khanna,3000.0
2026-08-25,Onion,Khanna,3000.0
2026-08-26,Onion,Khanna,3000.0
2026-08-27,Onion,Khanna,3000.0
2026-08-28,Onion,Khanna,3000.0
2026-08-29,Onion,Khanna,3000.0
2023-06-06,Onion,Ludhiana,900.0
2023-06-07,Onion,Ludhiana,900.0
2023-06-08,Onion,Ludhiana,900.0
2023-06-09,Onion,Ludhiana,900.0
2023-06-10,Onion,Ludhiana,900.0
2023-06-12,Onion,Ludhiana,1000.0
2023-06-13,Onion,Ludhiana,1000.0
2023-06-14,Onion,Ludhiana,900.0
2023-06-15,Onion,Ludhiana,800.0
2023-06-16,Onion,Ludhiana,900.0
2023-06-17,Onion,Ludhiana,1000.0
2023-06-19,Onion,Ludhiana,900.0
2023-06-20,Onion,Ludhiana,900.0
2023-06-21,Onion,Ludhiana,1000.0
2023-06-22,Onion,Ludhiana,1000.0
2023-06-23,Onion,Ludhiana,900.0
2023-06-24,Onion,Ludhiana,1000.0
2023-06-26,Onion,Ludhiana,1000.0
2023-06-27,Onion,Ludhiana,950.0
2023-09-05,Onion,Ludhiana,1759.0
2023-09-06,Onion,Ludhiana,1759.0
2023-09-07,Onion,Ludhiana,1750.0
2023-09-08,Onion,Ludhiana,1750.0
2023-09-09,Onion,Ludhiana,1750.0
2023-09-11,Onion,Ludhiana,1900.0
2023-09-12,Onion,Ludhiana,1900.0
2023-09-14,Onion,Ludhiana,1750.0
2023-09-15,Onion,Ludhiana,1750.0
2023-09-16,Onion,Ludhiana,1750.0
2023-09-18,Onion,Ludhiana,1650.0
2023-09-19,Onion,Ludhiana,1650.0
2023-09-20,Onion,Ludhiana,1650.0
2023-09-21,Onion,Ludhiana,1650.0
2023-09-22,Onion,Ludhiana,1700.0
2023-09-23,Onion,Ludhiana,1700.0
2023-09-25,Onion,Ludhiana,1700.0
2023-09-26,Onion,Ludhiana,1800.0
2023-09-27,Onion,Ludhiana,1800.0
2023-09-28,Onion,Ludhiana,1950.0
2023-09-29,Onion,Ludhiana,1950.0
2023-09-30,Onion,Ludhiana,2000.0
2023-10-02,Onion,Ludhiana,2000.0
2023-10-03,Onion,Ludhiana,2050.0
2023-10-04,Onion,Ludhiana,2050.0
2023-10-05,Onion,Ludhiana,2050.0
2023-10-06,Onion,Ludhiana,2000.0
2023-10-07,Onion,Ludhiana,2000.0
2023-10-09,Onion,Ludhiana,2000.0
2023-10-10,Onion,Ludhiana,2000.0
2023-10-11,Onion,Ludhiana,2000.0
2023-10-12,Onion,Ludhiana,2000.0
2023-10-13,Onion,Ludhiana,2050.0
2023-10-14,Onion,Ludhiana,2050.0
2023-10-16,Onion,Ludhiana,2000.0
2023-10-17,Onion,Ludhiana,2000.0
2023-10-18,Onion,Ludhiana,2000.0
2023-10-19,Onion,Ludhiana,2200.0
2023-10-20,Onion,Ludhiana,2200.0
2023-10-21,Onion,Ludhiana,2500.0
2023-10-23,Onion,Ludhiana,2500.0
2023-10-24,Onion,Ludhiana,2500.0
2023-10-25,Onion,Ludhiana,2900.0
2023-10-26,Onion,Ludhiana,3000.0
2023-10-27,Onion,Ludhiana,3200.0
2023-10-28,Onion,Ludhiana,3300.0
2023-10-30,Onion,Ludhiana,3300.0
2023-10-31,Onion,Ludhiana,3200.0
2023-11-01,Onion,Ludhiana,3200.0
2023-11-02,Onion,Ludhiana,3200.0
2023-11-03,Onion,Ludhiana,3200.0
2023-11-04,Onion,Ludhiana,3200.0
2023-11-06,Onion,Ludhiana,2900.0
2023-11-07,Onion,Ludhiana,2900.0
2023-11-08,Onion,Ludhiana,2800.0
2023-11-09,Onion,Ludhiana,2800.0
2023-11-10,Onion,Ludhiana,2900.0
2023-11-11,Onion,Ludhiana,3100.0
2023-11-14,Onion,Ludhiana,3100.0
2023-11-15,Onion,Ludhiana,3100.0
2023-11-16,Onion,Ludhiana,3100.0
2023-11-17,Onion,Ludhiana,3100.0
2023-11-18,Onion,Ludhiana,3100.0
2023-11-19,Onion,Ludhiana,3100.0
2023-11-20,Onion,Ludhiana,3100.0
2023-11-21,Onion,Ludhiana,3100.0
2023-11-22,Onion,Ludhiana,3100.0
2023-11-23,Onion,Ludhiana,3100.0
2023-11-24,Onion,Ludhiana,3100.0
2023-11-25,Onion,Ludhiana,3100.0
2023-11-27,Onion,Ludhiana,3100.0
2023-11-28,Onion,Ludhiana,3100.0
2023-11-29,Onion,Ludhiana,3100.0
2023-11-30,Onion,Ludhiana,3300.0
2023-12-01,Onion,Ludhiana,3300.0
2023-12-02,Onion,Ludhiana,3100.0
2023-12-04,Onion,Ludhiana,3100.0
2023-12-05,Onion,Ludhiana,2800.0
2023-12-06,Onion,Ludhiana,2800.0
2023-12-07,Onion,Ludhiana,2800.0
2023-12-08,Onion,Ludhiana,2600.0
2023-12-09,Onion,Ludhiana,2600.0
2023-12-11,Onion,Ludhiana,2600.0
2023-12-12,Onion,Ludhiana,2400.0
2023-12-13,Onion,Ludhiana,2400.0
2023-12-14,Onion,Ludhiana,2300.0
2023-12-15,Onion,Ludhiana,2200.0
2023-12-16,Onion,Ludhiana,2100.0
2023-12-18,Onion,Ludhiana,2200.0
2023-12-19,Onion,Ludhiana,2100.0
2023-12-20,Onion,Ludhiana,2100.0
2023-12-22,Onion,Ludhiana,2000.0
2023-12-23,Onion,Ludhiana,2000.0
2023-12-25,Onion,Ludhiana,1550.0
2023-12-26,Onion,Ludhiana,1550.0
2023-12-27,Onion,Ludhiana,1600.0
2023-12-28,Onion,Ludhiana,1600.0
2023-12-29,Onion,Ludhiana,1600.0
2023-12-30,Onion,Ludhiana,1600.0
2024-01-01,Onion,Ludhiana,1500.0
2024-01-02,Onion,Ludhiana,1500.0
2024-01-03,Onion,Ludhiana,1500.0
2024-01-04,Onion,Ludhiana,1500.0
2024-01-05,Onion,Ludhiana,1500.0
2024-01-06,Onion,Ludhiana,1500.0
2024-01-08,Onion,Ludhiana,1800.0
2024-01-09,Onion,Ludhiana,1800.0
2024-01-10,Onion,Ludhiana,1800.0
2024-01-11,Onion,Ludhiana,1850.0
2024-01-12,Onion,Ludhiana,1850.0
2024-01-13,Onion,Ludhiana,1850.0
2024-01-15,Onion,Ludhiana,1900.0
2024-01-16,Onion,Ludhiana,1800.0
2024-01-17,Onion,Ludhiana,1800.0
2024-01-18,Onion,Ludhiana,1800.0
2024-01-19,Onion,Ludhiana,1800.0
2024-01-20,Onion,Ludhiana,1800.0
2024-01-22,Onion,Ludhiana,1650.0
2024-01-23,Onion,Ludhiana,1650.0
2024-01-24,Onion,Ludhiana,1600.0
2024-01-25,Onion,Ludhiana,1450.0
2024-01-26,Onion,Ludhiana,1450.0
2024-01-27,Onion,Ludhiana,1450.0
2024-01-29,Onion,Ludhiana,1450.0
2024-01-30,Onion,Ludhiana,1400.0
2024-01-31,Onion,Ludhiana,1400.0
2024-02-01,Onion,Ludhiana,1400.0
2024-02-02,Onion,Ludhiana,1400.0
2024-02-03,Onion,Ludhiana,1450.0
2024-02-05,Onion,Ludhiana,1450.0
2024-02-06,Onion,Ludhiana,1300.0
2024-02-07,Onion,Ludhiana,1300.0
2024-02-08,Onion,Ludhiana,1300.0
2024-02-09,Onion,Ludhiana,1300.0
2024-02-10,Onion,Ludhiana,1300.0
2024-02-12,Onion,Ludhiana,1300.0
2024-02-13,Onion,Ludhiana,1300.0
2024-02-14,Onion,Ludhiana,1300.0
2024-02-15,Onion,Ludhiana,1300.0
2024-02-16,Onion,Ludhiana,1300.0
2024-02-17,Onion,Ludhiana,1350.0
2024-02-19,Onion,Ludhiana,1400.0
2024-02-20,Onion,Ludhiana,1500.0
2024-02-21,Onion,Ludhiana,1500.0
2024-02-22,Onion,Ludhiana,1500.0
2024-02-23,Onion,Ludhiana,1500.0
2024-02-24,Onion,Ludhiana,1500.0
2024-02-26,Onion,Ludhiana,1500.0
2024-02-27,Onion,Ludhiana,1500.0
2024-02-28,Onion,Ludhiana,1600.0
2024-02-29,Onion,Ludhiana,1600.0
2024-03-01,Onion,Ludhiana,1600.0
2024-03-02,Onion,Ludhiana,1600.0
2024-03-04,Onion,Ludhiana,1600.0
2024-03-05,Onion,Ludhiana,1600.0
2024-03-06,Onion,Ludhiana,1600.0
2024-03-07,Onion,Ludhiana,1600.0
2024-03-08,Onion,Ludhiana,1600.0
2024-03-09,Onion,Ludhiana,1600.0
2024-03-11,Onion,Ludhiana,1600.0
2024-03-12,Onion,Ludhiana,1600.0
2024-03-13,Onion,Ludhiana,1600.0
2024-03-14,Onion,Ludhiana,1600.0
2024-03-16,Onion,Ludhiana,1600.0
2024-03-18,Onion,Ludhiana,1600.0
2024-03-19,Onion,Ludhiana,1600.0
2024-03-20,Onion,Ludhiana,1600.0
2024-03-21,Onion,Ludhiana,1600.0
2024-03-22,Onion,Ludhiana,1600.0
2024-03-23,Onion,Ludhiana,1600.0
2024-03-25,Onion,Ludhiana,1600.0
2024-03-26,Onion,Ludhiana,1600.0
2024-03-27,Onion,Ludhiana,1600.0
2024-03-28,Onion,Ludhiana,1600.0
2024-03-29,Onion,Ludhiana,1600.0
2024-03-30,Onion,Ludhiana,1600.0
2024-04-01,Onion,Ludhiana,1400.0
2024-04-02,Onion,Ludhiana,1400.0
2024-04-03,Onion,Ludhiana,1400.0
2024-04-04,Onion,Ludhiana,1450.0
2024-04-05,Onion,Ludhiana,1450.0
2024-04-06,Onion,Ludhiana,1450.0
2024-04-08,Onion,Ludhiana,1500.0
2024-04-09,Onion,Ludhiana,1500.0
2024-04-10,Onion,Ludhiana,1500.0
2024-04-11,Onion,Ludhiana,1500.0
2024-04-12,Onion,Ludhiana,1500.0
2024-04-13,Onion,Ludhiana,1500.0
2024-04-15,Onion,Ludhiana,1500.0
2024-04-16,Onion,Ludhiana,1500.0
2024-04-18,Onion,Ludhiana,1400.0
2024-04-20,Onion,Ludhiana,1400.0
2024-04-22,Onion,Ludhiana,1450.0
2024-04-23,Onion,Ludhiana,1450.0
2024-04-24,Onion,Ludhiana,1450.0
2024-04-25,Onion,Ludhiana,1450.0
2024-04-26,Onion,Ludhiana,1450.0
2024-04-27,Onion,Ludhiana,1450.0
2024-04-29,Onion,Ludhiana,1500.0
2024-04-30,Onion,Ludhiana,1400.0
2024-05-01,Onion,Ludhiana,1400.0
2024-05-02,Onion,Ludhiana,1400.0
2024-05-03,Onion,Ludhiana,1400.0
2024-05-04,Onion,Ludhiana,1400.0
2024-05-06,Onion,Ludhiana,1550.0
2024-05-07,Onion,Ludhiana,1550.0
2024-05-08,Onion,Ludhiana,1550.0
2024-05-09,Onion,Ludhiana,1550.0
2024-05-10,Onion,Ludhiana,1550.0
2024-05-11,Onion,Ludhiana,1550.0
2024-05-13,Onion,Ludhiana,1550.0
2024-05-14,Onion,Ludhiana,1550.0
2024-05-15,Onion,Ludhiana,1550.0
2024-05-16,Onion,Ludhiana,1550.0
2024-05-17,Onion,Ludhiana,1550.0
2024-05-18,Onion,Ludhiana,1550.0
2024-05-20,Onion,Ludhiana,1550.0
2024-05-21,Onion,Ludhiana,1550.0
2024-05-22,Onion,Ludhiana,1550.0
2024-05-23,Onion,Ludhiana,1550.0
2024-05-24,Onion,Ludhiana,1550.0
2024-05-25,Onion,Ludhiana,1550.0
2024-05-27,Onion,Ludhiana,1550.0
2024-05-28,Onion,Ludhiana,1550.0
2024-05-29,Onion,Ludhiana,1550.0
2024-05-30,Onion,Ludhiana,1550.0
2024-05-31,Onion,Ludhiana,1550.0
2024-06-01,Onion,Ludhiana,1600.0
2024-06-03,Onion,Ludhiana,1600.0
2024-06-04,Onion,Ludhiana,1600.0
2024-06-05,Onion,Ludhiana,1600.0
2024-06-06,Onion,Ludhiana,1700.0
2024-07-06,Onion,Ludhiana,2200.0
2024-07-08,Onion,Ludhiana,2300.0
2024-07-09,Onion,Ludhiana,2300.0
2024-07-10,Onion,Ludhiana,2300.0
2024-07-11,Onion,Ludhiana,2300.0
2024-07-12,Onion,Ludhiana,2300.0
2024-07-13,Onion,Ludhiana,2300.0
2024-07-15,Onion,Ludhiana,2300.0
2024-07-16,Onion,Ludhiana,2300.0
2024-07-17,Onion,Ludhiana,2300.0
2024-07-18,Onion,Ludhiana,2300.0
2024-07-19,Onion,Ludhiana,2300.0
2024-07-20,Onion,Ludhiana,2300.0
2024-07-22,Onion,Ludhiana,2200.0
2024-07-23,Onion,Ludhiana,2200.0
2024-07-24,Onion,Ludhiana,2200.0
2024-07-25,Onion,Ludhiana,2200.0
2024-07-26,Onion,Ludhiana,2200.0
2024-07-27,Onion,Ludhiana,2200.0
2024-07-29,Onion,Ludhiana,2300.0
2024-07-30,Onion,Ludhiana,2300.0
2024-07-31,Onion,Ludhiana,2300.0
2024-08-01,Onion,Ludhiana,2300.0
2024-08-02,Onion,Ludhiana,2300.0
2024-08-03,Onion,Ludhiana,2300.0
2024-08-05,Onion,Ludhiana,2400.0
2024-08-06,Onion,Ludhiana,2400.0
2024-08-07,Onion,Ludhiana,2400.0
2024-08-08,Onion,Ludhiana,2400.0
2024-08-09,Onion,Ludhiana,2500.0
2024-08-10,Onion,Ludhiana,2500.0
2024-08-12,Onion,Ludhiana,2700.0
2024-08-13,Onion,Ludhiana,2700.0
2024-08-14,Onion,Ludhiana,2800.0
2024-08-15,Onion,Ludhiana,2800.0
2024-08-16,Onion,Ludhiana,2800.0
2024-08-17,Onion,Ludhiana,2700.0
2024-08-19,Onion,Ludhiana,2800.0
2024-08-20,Onion,Ludhiana,2800.0
2024-08-21,Onion,Ludhiana,2800.0
2024-08-22,Onion,Ludhiana,2900.0
2024-08-23,Onion,Ludhiana,3000.0
2024-08-24,Onion,Ludhiana,3000.0
2024-08-26,Onion,Ludhiana,3200.0
2024-08-27,Onion,Ludhiana,3200.0
2024-08-28,Onion,Ludhiana,3200.0
2024-08-29,Onion,Ludhiana,3200.0
2024-08-30,Onion,Ludhiana,3500.0
2024-08-31,Onion,Ludhiana,3500.0
2024-09-02,Onion,Ludhiana,3500.0
2024-09-03,Onion,Ludhiana,3500.0
2024-09-04,Onion,Ludhiana,3500.0
2024-09-05,Onion,Ludhiana,3500.0
2024-09-06,Onion,Ludhiana,3500.0
2024-09-07,Onion,Ludhiana,3500.0
2024-09-09,Onion,Ludhiana,3500.0
2024-09-10,Onion,Ludhiana,3500.0
2024-09-11,Onion,Ludhiana,3500.0
2024-09-12,Onion,Ludhiana,3500.0
2024-09-13,Onion,Ludhiana,3500.0
2024-09-14,Onion,Ludhiana,3800.0
2024-09-16,Onion,Ludhiana,3800.0
2024-09-17,Onion,Ludhiana,3900.0
2024-09-18,Onion,Ludhiana,3900.0
2024-09-19,Onion,Ludhiana,3900.0
2024-09-20,Onion,Ludhiana,3800.0
2024-09-21,Onion,Ludhiana,3800.0
2024-09-23,Onion,Ludhiana,3900.0
2024-09-24,Onion,Ludhiana,3900.0
2024-09-25,Onion,Ludhiana,3900.0
2024-09-26,Onion,Ludhiana,3900.0
2024-09-27,Onion,Ludhiana,3900.0
2024-09-28,Onion,Ludhiana,2900.0
2024-09-30,Onion,Ludhiana,3900.0
2024-10-01,Onion,Ludhiana,3700.0
2024-10-02,Onion,Ludhiana,3700.0
2024-10-03,Onion,Ludhiana,3700.0
2024-10-04,Onion,Ludhiana,3700.0
2024-10-05,Onion,Ludhiana,3700.0
2024-10-07,Onion,Ludhiana,3700.0
2024-10-08,Onion,Ludhiana,3700.0
2024-10-09,Onion,Ludhiana,3700.0
2024-10-10,Onion,Ludhiana,3700.0
2024-10-11,Onion,Ludhiana,3800.0
2024-10-12,Onion,Ludhiana,3800.0
2024-10-14,Onion,Ludhiana,3800.0
2024-10-15,Onion,Ludhiana,3800.0
2024-10-16,Onion,Ludhiana,3800.0
2024-10-17,Onion,Ludhiana,3800.0
2024-10-18,Onion,Ludhiana,3800.0
2024-10-19,Onion,Ludhiana,3800.0
2024-10-21,Onion,Ludhiana,3700.0
2024-10-22,Onion,Ludhiana,3700.0
2024-10-23,Onion,Ludhiana,3700.0
2024-10-24,Onion,Ludhiana,3600.0
2024-10-25,Onion,Ludhiana,3600.0
2024-10-26,Onion,Ludhiana,3600.0
2024-10-28,Onion,Ludhiana,3600.0
2024-10-29,Onion,Ludhiana,3600.0
2024-10-30,Onion,Ludhiana,3600.0
2024-10-31,Onion,Ludhiana,3600.0
2024-11-01,Onion,Ludhiana,3600.0
2024-11-02,Onion,Ludhiana,1000.0
2024-11-04,Onion,Ludhiana,3600.0
2024-11-05,Onion,Ludhiana,3600.0
2024-11-06,Onion,Ludhiana,3600.0
2024-11-07,Onion,Ludhiana,3600.0
2024-11-08,Onion,Ludhiana,3700.0
2024-11-09,Onion,Ludhiana,3800.0
2024-11-11,Onion,Ludhiana,3800.0
2024-11-12,Onion,Ludhiana,3800.0
2024-11-13,Onion,Ludhiana,3800.0
2024-11-14,Onion,Ludhiana,3300.0
2024-11-15,Onion,Ludhiana,3300.0
2024-11-16,Onion,Ludhiana,3300.0
2024-11-18,Onion,Ludhiana,3300.0
2024-11-19,Onion,Ludhiana,3300.0
2024-11-20,Onion,Ludhiana,3100.0
2024-11-21,Onion,Ludhiana,3100.0
2024-11-22,Onion,Ludhiana,3100.0
2024-11-23,Onion,Ludhiana,3100.0
2024-11-25,Onion,Ludhiana,3100.0
2024-11-26,Onion,Ludhiana,3100.0
2024-11-27,Onion,Ludhiana,2800.0
2024-11-28,Onion,Ludhiana,2800.0
2024-11-29,Onion,Ludhiana,2800.0
2024-11-30,Onion,Ludhiana,3000.0
2024-12-02,Onion,Ludhiana,3200.0
2024-12-03,Onion,Ludhiana,3200.0
2024-12-04,Onion,Ludhiana,3200.0
2024-12-05,Onion,Ludhiana,3200.0
2024-12-06,Onion,Ludhiana,3200.0
2025-02-06,Onion,Ludhiana,1700.0
2025-02-07,Onion,Ludhiana,1700.0
2025-02-08,Onion,Ludhiana,1900.0
2025-02-10,Onion,Ludhiana,1900.0
2025-02-11,Onion,Ludhiana,1900.0
2025-02-12,Onion,Ludhiana,1900.0
2025-02-13,Onion,Ludhiana,2100.0
2025-02-14,Onion,Ludhiana,2100.0
2025-02-15,Onion,Ludhiana,2200.0
2025-02-17,Onion,Ludhiana,2300.0
2025-02-18,Onion,Ludhiana,2300.0
2025-02-19,Onion,Ludhiana,2300.0
2025-02-20,Onion,Ludhiana,2200.0
2025-02-21,Onion,Ludhiana,2200.0
2025-02-22,Onion,Ludhiana,2200.0
2025-02-24,Onion,Ludhiana,2200.0
2025-02-25,Onion,Ludhiana,2200.0
2025-02-26,Onion,Ludhiana,2200.0
2025-02-27,Onion,Ludhiana,2100.0
2025-02-28,Onion,Ludhiana,2100.0
2025-03-01,Onion,Ludhiana,2100.0
2025-03-03,Onion,Ludhiana,2100.0
2025-03-04,Onion,Ludhiana,2100.0
2025-03-05,Onion,Ludhiana,2100.0
2025-03-06,Onion,Ludhiana,2100.0
2025-03-07,Onion,Ludhiana,2100.0
2025-03-08,Onion,Ludhiana,2100.0
2025-03-10,Onion,Ludhiana,2100.0
2025-03-11,Onion,Ludhiana,2100.0
2025-03-12,Onion,Ludhiana,1900.0
2025-03-13,Onion,Ludhiana,1900.0
2025-03-14,Onion,Ludhiana,1900.0
2025-03-15,Onion,Ludhiana,1900.0
2025-03-17,Onion,Ludhiana,1800.0
2025-03-18,Onion,Ludhiana,1800.0
2025-03-19,Onion,Ludhiana,1500.0
2025-03-20,Onion,Ludhiana,1500.0
2025-03-21,Onion,Ludhiana,1500.0
2025-03-22,Onion,Ludhiana,1500.0
2025-03-24,Onion,Ludhiana,1500.0
2025-03-25,Onion,Ludhiana,1500.0
2025-03-26,Onion,Ludhiana,1500.0
2025-03-27,Onion,Ludhiana,1500.0
2025-03-28,Onion,Ludhiana,1500.0
2025-03-29,Onion,Ludhiana,1400.0
2025-03-31,Onion,Ludhiana,1400.0
2025-04-01,Onion,Ludhiana,1300.0
2025-04-02,Onion,Ludhiana,1300.0
2025-04-03,Onion,Ludhiana,1300.0
2025-04-04,Onion,Ludhiana,1300.0
2025-04-05,Onion,Ludhiana,1300.0
2025-04-07,Onion,Ludhiana,1300.0
2025-04-08,Onion,Ludhiana,1300.0
2025-04-09,Onion,Ludhiana,1300.0
2025-04-10,Onion,Ludhiana,1300.0
2025-04-11,Onion,Ludhiana,1200.0
2025-04-12,Onion,Ludhiana,1200.0
2025-04-14,Onion,Ludhiana,1100.0
2025-04-15,Onion,Ludhiana,1100.0
2025-04-16,Onion,Ludhiana,1100.0
2025-04-17,Onion,Ludhiana,1100.0
2025-04-18,Onion,Ludhiana,1100.0
2025-04-19,Onion,Ludhiana,1100.0
2025-04-21,Onion,Ludhiana,900.0
2025-04-22,Onion,Ludhiana,900.0
2025-04-23,Onion,Ludhiana,900.0
2025-04-24,Onion,Ludhiana,900.0
2025-04-25,Onion,Ludhiana,900.0
2025-04-26,Onion,Ludhiana,900.0
2025-04-28,Onion,Ludhiana,900.0
2025-04-29,Onion,Ludhiana,900.0
2025-04-30,Onion,Ludhiana,900.0
2025-05-01,Onion,Ludhiana,900.0
2025-05-02,Onion,Ludhiana,800.0
2025-05-03,Onion,Ludhiana,800.0
2025-05-05,Onion,Ludhiana,800.0
2025-05-06,Onion,Ludhiana,800.0
2025-05-07,Onion,Ludhiana,800.0
2025-05-08,Onion,Ludhiana,800.0
2025-05-09,Onion,Ludhiana,800.0
2025-05-10,Onion,Ludhiana,800.0
2025-05-12,Onion,Ludhiana,900.0
2025-05-13,Onion,Ludhiana,900.0
2025-05-14,Onion,Ludhiana,900.0
2025-05-15,Onion,Ludhiana,900.0
2025-05-16,Onion,Ludhiana,900.0
2025-05-17,Onion,Ludhiana,900.0
2025-05-19,Onion,Ludhiana,800.0
2025-05-20,Onion,Ludhiana,800.0
2025-05-21,Onion,Ludhiana,800.0
2025-05-22,Onion,Ludhiana,700.0
2025-05-23,Onion,Ludhiana,650.0
2025-05-24,Onion,Ludhiana,650.0
2025-05-26,Onion,Ludhiana,650.0
2025-05-27,Onion,Ludhiana,650.0
2025-05-28,Onion,Ludhiana,650.0
2025-05-29,Onion,Ludhiana,900.0
2025-05-30,Onion,Ludhiana,900.0
2025-05-31,Onion,Ludhiana,900.0
2025-06-02,Onion,Ludhiana,900.0
2025-06-03,Onion,Ludhiana,900.0
2025-06-04,Onion,Ludhiana,900.0
2025-06-05,Onion,Ludhiana,900.0
2025-06-07,Onion,Ludhiana,900.0
2025-06-09,Onion,Ludhiana,900.0
2025-06-10,Onion,Ludhiana,900.0
2025-06-11,Onion,Ludhiana,900.0
2025-11-07,Onion,Ludhiana,1100.0
2025-11-08,Onion,Ludhiana,1100.0
2025-11-10,Onion,Ludhiana,1000.0
2025-11-11,Onion,Ludhiana,1000.0
2025-11-12,Onion,Ludhiana,1000.0
2025-11-13,Onion,Ludhiana,900.0
2025-11-14,Onion,Ludhiana,900.0
2025-11-15,Onion,Ludhiana,900.0
2025-11-17,Onion,Ludhiana,900.0
2025-11-18,Onion,Ludhiana,900.0
2025-11-19,Onion,Ludhiana,900.0
2025-11-20,Onion,Ludhiana,900.0
2025-11-21,Onion,Ludhiana,900.0
2025-11-22,Onion,Ludhiana,900.0
2025-11-24,Onion,Ludhiana,900.0
2025-11-25,Onion,Ludhiana,1100.0
2025-11-26,Onion,Ludhiana,1100.0
2025-11-28,Onion,Ludhiana,1200.0
2025-11-29,Onion,Ludhiana,1200.0
2025-12-01,Onion,Ludhiana,1200.0
2025-12-02,Onion,Ludhiana,1200.0
2025-12-03,Onion,Ludhiana,1200.0
2025-12-04,Onion,Ludhiana,1000.0
2025-12-05,Onion,Ludhiana,1000.0
2025-12-06,Onion,Ludhiana,1100.0
2025-12-08,Onion,Ludhiana,1100.0
2025-12-09,Onion,Ludhiana,1300.0
2025-12-10,Onion,Ludhiana,1300.0
2025-12-11,Onion,Ludhiana,1500.0
2025-12-12,Onion,Ludhiana,1500.0
2025-12-13,Onion,Ludhiana,1500.0
2025-12-15,Onion,Ludhiana,1500.0
2025-12-16,Onion,Ludhiana,1600.0
2025-12-17,Onion,Ludhiana,1600.0
2025-12-18,Onion,Ludhiana,1600.0
2025-12-19,Onion,Ludhiana,1500.0
2025-12-20,Onion,Ludhiana,1500.0
2025-12-22,Onion,Ludhiana,1500.0
2025-12-23,Onion,Ludhiana,1500.0
2025-12-24,Onion,Ludhiana,1500.0
2025-12-25,Onion,Ludhiana,1500.0
2025-12-26,Onion,Ludhiana,1500.0
2025-12-27,Onion,Ludhiana,1500.0
2025-12-29,Onion,Ludhiana,1500.0
2025-12-30,Onion,Ludhiana,1950.0
2025-12-31,Onion,Ludhiana,1950.0
2026-01-01,Onion,Ludhiana,1950.0
2026-01-02,Onion,Ludhiana,1950.0
2026-01-03,Onion,Ludhiana,2000.0
2026-01-05,Onion,Ludhiana,2000.0
2026-01-06,Onion,Ludhiana,1800.0
2026-01-07,Onion,Ludhiana,1800.0
2026-01-08,Onion,Ludhiana,1700.0
2026-01-09,Onion,Ludhiana,1700.0
2026-01-10,Onion,Ludhiana,1700.0
2026-01-12,Onion,Ludhiana,1700.0
2026-01-13,Onion,Ludhiana,1700.0
2026-01-14,Onion,Ludhiana,1700.0
2026-01-15,Onion,Ludhiana,1700.0
2026-01-16,Onion,Ludhiana,1700.0
2026-01-17,Onion,Ludhiana,1600.0
2026-01-19,Onion,Ludhiana,1500.0
2026-01-20,Onion,Ludhiana,1500.0
2026-01-21,Onion,Ludhiana,1600.0
2026-01-22,Onion,Ludhiana,1600.0
2026-01-23,Onion,Ludhiana,1600.0
2026-01-24,Onion,Ludhiana,1600.0
2026-01-26,Onion,Ludhiana,1750.0
2026-01-27,Onion,Ludhiana,1750.0
2026-01-28,Onion,Ludhiana,1750.0
2026-01-29,Onion,Ludhiana,1900.0
2026-01-30,Onion,Ludhiana,1750.0
2026-01-31,Onion,Ludhiana,1900.0
2026-02-02,Onion,Ludhiana,2000.0
2026-02-03,Onion,Ludhiana,1700.0
2026-02-04,Onion,Ludhiana,1600.0
2026-02-05,Onion,Ludhiana,1300.0
2026-02-06,Onion,Ludhiana,1600.0
2026-02-07,Onion,Ludhiana,1300.0
2026-02-09,Onion,Ludhiana,1300.0
2026-02-10,Onion,Ludhiana,1300.0
2026-02-11,Onion,Ludhiana,1300.0
2026-02-12,Onion,Ludhiana,1300.0
2026-02-13,Onion,Ludhiana,1300.0
2026-02-14,Onion,Ludhiana,1300.0
2026-02-16,Onion,Ludhiana,1300.0
2026-02-17,Onion,Ludhiana,1300.0
2026-02-18,Onion,Ludhiana,1300.0
2026-02-19,Onion,Ludhiana,1300.0
2026-02-20,Onion,Ludhiana,1300.0
2026-02-21,Onion,Ludhiana,1300.0
2026-02-23,Onion,Ludhiana,1300.0
2026-02-24,Onion,Ludhiana,1200.0
2026-02-25,Onion,Ludhiana,1200.0
2026-02-26,Onion,Ludhiana,1200.0
2026-02-27,Onion,Ludhiana,1200.0
2026-02-28,Onion,Ludhiana,1200.0
2026-03-02,Onion,Ludhiana,1200.0
2026-03-03,Onion,Ludhiana,1200.0
2026-03-04,Onion,Ludhiana,1200.0
2026-03-05,Onion,Ludhiana,1200.0
2026-03-06,Onion,Ludhiana,1200.0
2026-03-07,Onion,Ludhiana,1200.0
2026-03-09,Onion,Ludhiana,1200.0
2026-03-10,Onion,Ludhiana,1200.0
2026-03-11,Onion,Ludhiana,1200.0
2026-03-12,Onion,Ludhiana,1200.0
2026-03-13,Onion,Ludhiana,1200.0
2026-03-14,Onion,Ludhiana,1200.0
2026-03-16,Onion,Ludhiana,1200.0
2026-03-17,Onion,Ludhiana,1200.0
2026-03-18,Onion,Ludhiana,1200.0
2026-03-19,Onion,Ludhiana,1200.0
2026-03-20,Onion,Ludhiana,1200.0
2026-03-21,Onion,Ludhiana,1200.0
2026-03-23,Onion,Ludhiana,1100.0
2026-03-24,Onion,Ludhiana,1100.0
2026-03-25,Onion,Ludhiana,1100.0
2026-03-26,Onion,Ludhiana,1100.0
2026-03-27,Onion,Ludhiana,1100.0
2026-03-30,Onion,Ludhiana,1100.0
2026-03-31,Onion,Ludhiana,1100.0
2026-04-01,Onion,Ludhiana,1100.0
2026-04-02,Onion,Ludhiana,1100.0
2026-04-03,Onion,Ludhiana,1100.0
2026-04-04,Onion,Ludhiana,1100.0
2026-04-06,Onion,Ludhiana,1100.0
2026-04-07,Onion,Ludhiana,1100.0
2026-04-08,Onion,Ludhiana,1100.0
2026-04-09,Onion,Ludhiana,1100.0
2026-04-10,Onion,Ludhiana,1100.0
2026-04-11,Onion,Ludhiana,1100.0
2026-04-13,Onion,Ludhiana,1100.0
2026-04-14,Onion,Ludhiana,1100.0
2026-04-15,Onion,Ludhiana,1100.0
2026-04-16,Onion,Ludhiana,1100.0
2026-04-17,Onion,Ludhiana,1100.0
2026-04-18,Onion,Ludhiana,1100.0
2026-04-20,Onion,Ludhiana,1100.0
2026-04-21,Onion,Ludhiana,1100.0
2026-04-22,Onion,Ludhiana,1100.0
2026-04-23,Onion,Ludhiana,1100.0
2026-04-24,Onion,Ludhiana,1100.0
2026-04-25,Onion,Ludhiana,1100.0
2026-04-27,Onion,Ludhiana,1100.0
2026-04-28,Onion,Ludhiana,1100.0
2026-04-29,Onion,Ludhiana,1100.0
2026-04-30,Onion,Ludhiana,1100.0
2026-05-01,Onion,Ludhiana,1100.0
2026-05-02,Onion,Ludhiana,1100.0
2026-05-04,Onion,Ludhiana,1100.0
2026-05-05,Onion,Ludhiana,1100.0
2026-05-06,Onion,Ludhiana,1100.0
2026-05-07,Onion,Ludhiana,1100.0
2026-05-08,Onion,Ludhiana,1100.0
2026-05-09,Onion,Ludhiana,1100.0
2026-05-11,Onion,Ludhiana,1100.0
2026-05-12,Onion,Ludhiana,1100.0
2026-05-13,Onion,Ludhiana,1100.0
2026-05-14,Onion,Ludhiana,1100.0
2026-05-16,Onion,Ludhiana,1100.0
2026-05-18,Onion,Ludhiana,1100.0
2026-05-19,Onion,Ludhiana,1100.0
2026-05-20,Onion,Ludhiana,1100.0
2026-05-21,Onion,Ludhiana,1100.0
2026-05-22,Onion,Ludhiana,1100.0
2026-05-23,Onion,Ludhiana,1100.0
2026-05-25,Onion,Ludhiana,1100.0
2026-05-26,Onion,Ludhiana,1100.0
2026-05-27,Onion,Ludhiana,1100.0
2026-05-28,Onion,Ludhiana,1100.0
2026-05-29,Onion,Ludhiana,1100.0
2026-05-30,Onion,Ludhiana,1100.0
2026-06-01,Onion,Ludhiana,1100.0
2026-06-02,Onion,Ludhiana,1100.0
2026-06-03,Onion,Ludhiana,1100.0
2026-06-04,Onion,Ludhiana,1100.0
2026-06-05,Onion,Ludhiana,1100.0
2026-06-06,Onion,Ludhiana,1300.0
2026-06-08,Onion,Ludhiana,1300.0
2026-06-09,Onion,Ludhiana,1300.0
2026-06-10,Onion,Ludhiana,1300.0
2026-06-11,Onion,Ludhiana,1300.0
2026-06-12,Onion,Ludhiana,1300.0
2026-06-13,Onion,Ludhiana,1300.0
2026-06-15,Onion,Ludhiana,1300.0
2026-06-16,Onion,Ludhiana,1300.0
2026-06-17,Onion,Ludhiana,1300.0
2026-06-18,Onion,Ludhiana,1300.0
2026-06-19,Onion,Ludhiana,1300.0
2026-06-20,Onion,Ludhiana,1300.0
2026-06-22,Onion,Ludhiana,1500.0
2026-06-23,Onion,Ludhiana,1500.0
2026-06-24,Onion,Ludhiana,1500.0
2026-06-25,Onion,Ludhiana,1500.0
2026-06-26,Onion,Ludhiana,1500.0
2026-06-27,Onion,Ludhiana,1500.0
2026-06-29,Onion,Ludhiana,1500.0
2026-06-30,Onion,Ludhiana,1700.0
2026-07-01,Onion,Ludhiana,1700.0
2026-07-02,Onion,Ludhiana,1700.0
2026-07-03,Onion,Ludhiana,1700.0
2026-07-04,Onion,Ludhiana,1700.0
2026-07-06,Onion,Ludhiana,1700.0
2026-07-07,Onion,Ludhiana,1700.0
2026-07-08,Onion,Ludhiana,1700.0
2026-07-09,Onion,Ludhiana,1700.0
2026-07-10,Onion,Ludhiana,1700.0
2026-07-11,Onion,Ludhiana,1700.0
2026-07-13,Onion,Ludhiana,1700.0
2026-07-14,Onion,Ludhiana,1700.0
2026-07-15,Onion,Ludhiana,1700.0
2026-07-16,Onion,Ludhiana,1700.0
2026-07-17,Onion,Ludhiana,1700.0
2026-07-18,Onion,Ludhiana,1700.0
2026-07-20,Onion,Ludhiana,1700.0
2026-07-21,Onion,Ludhiana,1700.0
2026-07-22,Onion,Ludhiana,1700.0
2026-07-23,Onion,Ludhiana,1700.0
2026-07-24,Onion,Ludhiana,1700.0
2026-07-25,Onion,Ludhiana,1700.0
2026-07-27,Onion,Ludhiana,1700.0
2026-07-28,Onion,Ludhiana,1700.0
2026-07-29,Onion,Ludhiana,1700.0
2026-07-30,Onion,Ludhiana,1700.0
2026-07-31,Onion,Ludhiana,1700.0
2026-08-01,Onion,Ludhiana,1700.0
2026-08-03,Onion,Ludhiana,1700.0
2026-08-04,Onion,Ludhiana,1700.0
2026-08-05,Onion,Ludhiana,1700.0
2026-08-06,Onion,Ludhiana,1700.0
2026-08-07,Onion,Ludhiana,1700.0
2026-08-08,Onion,Ludhiana,1700.0
2026-08-10,Onion,Ludhiana,1700.0
2026-08-11,Onion,Ludhiana,1700.0
2026-08-12,Onion,Ludhiana,1700.0
2026-08-13,Onion,Ludhiana,1700.0
2026-08-14,Onion,Ludhiana,1700.0
2026-08-15,Onion,Ludhiana,1700.0
2026-08-17,Onion,Ludhiana,1700.0
2026-08-18,Onion,Ludhiana,2200.0
2026-08-19,Onion,Ludhiana,2500.0
2026-08-20,Onion,Ludhiana,2700.0
2026-08-21,Onion,Ludhiana,2700.0
2026-08-22,Onion,Ludhiana,2700.0
2026-08-24,Onion,Ludhiana,2700.0
2026-08-25,Onion,Ludhiana,2700.0
2026-08-26,Onion,Ludhiana,2700.0
2026-08-28,Onion,Ludhiana,2900.0
2026-08-29,Onion,Ludhiana,3000.0
2023-06-06,Onion,Machhiwara,1400.0
2023-06-07,Onion,Machhiwara,1500.0
2023-06-08,Onion,Machhiwara,1500.0
2023-06-09,Onion,Machhiwara,1500.0
2023-06-10,Onion,Machhiwara,1600.0
2023-06-12,Onion,Machhiwara,1400.0
2023-06-13,Onion,Machhiwara,1300.0
2023-06-14,Onion,Machhiwara,1300.0
2023-06-15,Onion,Machhiwara,1400.0
2023-06-16,Onion,Machhiwara,1400.0
2023-06-17,Onion,Machhiwara,1400.0
2023-06-19,Onion,Machhiwara,1400.0
2023-06-20,Onion,Machhiwara,1400.0
2023-06-21,Onion,Machhiwara,1400.0
2023-06-22,Onion,Machhiwara,1400.0
2023-06-23,Onion,Machhiwara,1400.0
2023-06-24,Onion,Machhiwara,1400.0
2023-06-26,Onion,Machhiwara,1600.0
2023-06-27,Onion,Machhiwara,1400.0
2023-06-28,Onion,Machhiwara,1400.0
2023-06-29,Onion,Machhiwara,1400.0
2023-06-30,Onion,Machhiwara,1400.0
2023-07-01,Onion,Machhiwara,1400.0
2023-07-03,Onion,Machhiwara,1300.0
2023-07-04,Onion,Machhiwara,1500.0
2023-07-07,Onion,Machhiwara,2000.0
2023-07-08,Onion,Machhiwara,2000.0
2023-07-10,Onion,Machhiwara,2000.0
2023-07-11,Onion,Machhiwara,2000.0
2023-07-12,Onion,Machhiwara,2000.0
2023-07-13,Onion,Machhiwara,2000.0
2023-07-14,Onion,Machhiwara,2000.0
2023-07-17,Onion,Machhiwara,2000.0
2023-07-18,Onion,Machhiwara,2100.0
2023-07-19,Onion,Machhiwara,2200.0
2023-07-20,Onion,Machhiwara,1800.0
2023-07-21,Onion,Machhiwara,1600.0
2023-07-22,Onion,Machhiwara,1800.0
2023-07-24,Onion,Machhiwara,1900.0
2023-07-25,Onion,Machhiwara,1800.0
2023-07-26,Onion,Machhiwara,1800.0
2023-07-27,Onion,Machhiwara,1800.0
2023-07-28,Onion,Machhiwara,1800.0
2023-07-29,Onion,Machhiwara,1800.0
2023-07-31,Onion,Machhiwara,1800.0
2023-08-01,Onion,Machhiwara,1800.0
2023-08-02,Onion,Machhiwara,1800.0
2023-08-03,Onion,Machhiwara,1800.0
2023-08-04,Onion,Machhiwara,1800.0
2023-08-05,Onion,Machhiwara,1800.0
2023-08-07,Onion,Machhiwara,1800.0
2023-08-08,Onion,Machhiwara,1800.0
2023-08-10,Onion,Machhiwara,1800.0
2023-08-11,Onion,Machhiwara,1800.0
2023-08-12,Onion,Machhiwara,1800.0
2023-08-14,Onion,Machhiwara,2000.0
2023-08-16,Onion,Machhiwara,2000.0
2023-08-17,Onion,Machhiwara,2000.0
2023-08-18,Onion,Machhiwara,2000.0
2023-08-19,Onion,Machhiwara,2300.0
2023-08-22,Onion,Machhiwara,2200.0
2023-08-23,Onion,Machhiwara,2500.0
2023-08-25,Onion,Machhiwara,2300.0
2023-08-28,Onion,Machhiwara,2300.0
2023-08-29,Onion,Machhiwara,2300.0
2023-08-30,Onion,Machhiwara,2300.0
2023-08-31,Onion,Machhiwara,2300.0
2023-09-01,Onion,Machhiwara,2200.0
2023-09-06,Onion,Machhiwara,2400.0
2023-09-08,Onion,Machhiwara,2300.0
2023-09-09,Onion,Machhiwara,2400.0
2023-09-19,Onion,Machhiwara,2400.0
2023-09-22,Onion,Machhiwara,2300.0
2023-09-29,Onion,Machhiwara,2400.0
2023-09-30,Onion,Machhiwara,2400.0
2023-10-06,Onion,Machhiwara,2500.0
2023-11-29,Onion,Machhiwara,4100.0
2023-12-13,Onion,Machhiwara,3600.0
2023-12-20,Onion,Machhiwara,2500.0
2023-12-21,Onion,Machhiwara,2500.0
2023-12-22,Onion,Machhiwara,2500.0
2023-12-26,Onion,Machhiwara,2000.0
2023-12-27,Onion,Machhiwara,2500.0
2023-12-28,Onion,Machhiwara,2300.0
2023-12-29,Onion,Machhiwara,2200.0
2023-12-30,Onion,Machhiwara,2200.0
2024-01-01,Onion,Machhiwara,2100.0
2024-01-05,Onion,Machhiwara,2300.0
2024-01-08,Onion,Machhiwara,2300.0
2024-01-10,Onion,Machhiwara,2200.0
2024-01-11,Onion,Machhiwara,2300.0
2024-01-19,Onion,Machhiwara,2300.0
2024-01-23,Onion,Machhiwara,2300.0
2024-01-24,Onion,Machhiwara,2300.0
2024-01-29,Onion,Machhiwara,2300.0
2024-03-27,Onion,Machhiwara,2100.0
2024-03-29,Onion,Machhiwara,2100.0
2024-05-01,Onion,Machhiwara,2000.0
2024-09-07,Onion,Machhiwara,4200.0
2024-09-09,Onion,Machhiwara,4100.0
2024-09-10,Onion,Machhiwara,4100.0
2024-09-11,Onion,Machhiwara,4100.0
2024-09-12,Onion,Machhiwara,4100.0
2024-09-13,Onion,Machhiwara,4100.0
2024-09-14,Onion,Machhiwara,4100.0
2024-09-16,Onion,Machhiwara,4100.0
2024-09-17,Onion,Machhiwara,4500.0
2024-09-19,Onion,Machhiwara,4500.0
2024-09-20,Onion,Machhiwara,4500.0
2024-09-21,Onion,Machhiwara,4600.0
2024-09-25,Onion,Machhiwara,4300.0
2024-10-01,Onion,Machhiwara,4500.0
2024-11-01,Onion,Machhiwara,4500.0
2025-03-19,Onion,Machhiwara,2200.0
2025-03-20,Onion,Machhiwara,2200.0
2025-03-21,Onion,Machhiwara,2000.0
2025-03-25,Onion,Machhiwara,2000.0
2025-04-03,Onion,Machhiwara,1800.0
2025-04-04,Onion,Machhiwara,2000.0
2025-05-14,Onion,Machhiwara,1500.0
2026-05-18,Onion,Machhiwara,1800.0
2026-05-19,Onion,Machhiwara,1600.0
2026-05-20,Onion,Machhiwara,1800.0
2026-05-21,Onion,Machhiwara,1600.0
2026-05-25,Onion,Machhiwara,1600.0
2026-05-26,Onion,Machhiwara,1600.0
2026-05-28,Onion,Machhiwara,1500.0
2026-06-01,Onion,Machhiwara,1500.0
2026-06-02,Onion,Machhiwara,1500.0
2026-06-03,Onion,Machhiwara,1800.0
2026-06-08,Onion,Machhiwara,1800.0
2026-06-10,Onion,Machhiwara,1800.0
2026-06-11,Onion,Machhiwara,1800.0
2026-06-12,Onion,Machhiwara,1800.0
2026-06-15,Onion,Machhiwara,1800.0
2026-06-16,Onion,Machhiwara,1800.0
2026-06-22,Onion,Machhiwara,1800.0
2026-06-24,Onion,Machhiwara,1800.0
2026-06-25,Onion,Machhiwara,2300.0
2026-06-26,Onion,Machhiwara,2500.0
2026-07-01,Onion,Machhiwara,2800.0
2026-07-02,Onion,Machhiwara,2800.0
2026-07-14,Onion,Machhiwara,2700.0
2026-07-20,Onion,Machhiwara,2800.0
2026-07-21,Onion,Machhiwara,2800.0
2026-07-23,Onion,Machhiwara,2800.0
2026-07-27,Onion,Machhiwara,2800.0
2026-07-29,Onion,Machhiwara,2800.0
2026-07-30,Onion,Machhiwara,2800.0
2026-07-31,Onion,Machhiwara,2800.0
2026-08-03,Onion,Machhiwara,2800.0
2026-08-04,Onion,Machhiwara,2800.0
2026-08-05,Onion,Machhiwara,2500.0
2026-08-06,Onion,Machhiwara,2800.0
2026-08-07,Onion,Machhiwara,2800.0
2026-08-10,Onion,Machhiwara,2800.0
2026-08-11,Onion,Machhiwara,2800.0
2026-08-12,Onion,Machhiwara,2700.0
2026-08-13,Onion,Machhiwara,2800.0
2026-08-17,Onion,Machhiwara,2800.0
2026-08-18,Onion,Machhiwara,2800.0
2026-08-19,Onion,Machhiwara,3000.0
2026-08-20,Onion,Machhiwara,3800.0
2026-08-22,Onion,Machhiwara,3200.0
2026-08-24,Onion,Machhiwara,3800.0
2026-08-25,Onion,Machhiwara,3800.0
2026-08-26,Onion,Machhiwara,4100.0
2026-08-28,Onion,Machhiwara,4200.0
2026-08-29,Onion,Machhiwara,4000.0
2023-06-06,Onion,Nabha,1280.0
2023-06-07,Onion,Nabha,1000.0
2023-06-08,Onion,Nabha,1100.0
2023-06-09,Onion,Nabha,1100.0
2023-06-10,Onion,Nabha,970.0
2023-06-12,Onion,Nabha,880.0
2023-06-13,Onion,Nabha,1000.0
2023-06-14,Onion,Nabha,900.0
2023-06-15,Onion,Nabha,1050.0
2023-06-16,Onion,Nabha,1600.0
2023-06-17,Onion,Nabha,1150.0
2023-06-19,Onion,Nabha,900.0
2023-06-20,Onion,Nabha,1000.0
2023-06-21,Onion,Nabha,1000.0
2023-06-22,Onion,Nabha,1100.0
2023-06-23,Onion,Nabha,1100.0
2023-06-24,Onion,Nabha,1200.0
2023-06-26,Onion,Nabha,1200.0
2023-06-27,Onion,Nabha,1200.0
2023-06-28,Onion,Nabha,1280.0
2023-06-30,Onion,Nabha,1200.0
2023-07-01,Onion,Nabha,1200.0
2023-07-03,Onion,Nabha,1300.0
2023-07-08,Onion,Nabha,1380.0
2023-07-10,Onion,Nabha,1600.0
2023-07-11,Onion,Nabha,1290.0
2023-07-12,Onion,Nabha,1380.0
2023-07-13,Onion,Nabha,1400.0
2023-07-14,Onion,Nabha,1500.0
2023-07-15,Onion,Nabha,1700.0
2023-07-17,Onion,Nabha,1470.0
2023-07-18,Onion,Nabha,1700.0
2023-07-21,Onion,Nabha,1350.0
2023-07-22,Onion,Nabha,1450.0
2023-07-24,Onion,Nabha,1200.0
2023-07-25,Onion,Nabha,1160.0
2023-07-26,Onion,Nabha,1200.0
2023-07-27,Onion,Nabha,1300.0
2023-07-28,Onion,Nabha,1150.0
2023-07-29,Onion,Nabha,1170.0
2023-07-31,Onion,Nabha,1170.0
2023-08-01,Onion,Nabha,1000.0
2023-08-02,Onion,Nabha,1100.0
2023-08-03,Onion,Nabha,1100.0
2023-08-05,Onion,Nabha,1500.0
2023-08-07,Onion,Nabha,1600.0
2023-08-08,Onion,Nabha,1900.0
2023-08-09,Onion,Nabha,1600.0
2023-08-10,Onion,Nabha,1900.0
2023-08-11,Onion,Nabha,1500.0
2023-08-12,Onion,Nabha,1800.0
2023-08-14,Onion,Nabha,2000.0
2023-08-15,Onion,Nabha,1870.0
2023-08-16,Onion,Nabha,1700.0
2023-08-17,Onion,Nabha,1800.0
2023-08-18,Onion,Nabha,1780.0
2023-08-19,Onion,Nabha,1800.0
2023-08-21,Onion,Nabha,1800.0
2023-08-23,Onion,Nabha,1800.0
2023-08-24,Onion,Nabha,1700.0
2023-08-25,Onion,Nabha,1700.0
2023-08-26,Onion,Nabha,1600.0
2023-08-28,Onion,Nabha,1970.0
2023-08-29,Onion,Nabha,1800.0
2023-08-30,Onion,Nabha,2100.0
2023-08-31,Onion,Nabha,2000.0
2023-09-01,Onion,Nabha,2200.0
2023-09-02,Onion,Nabha,1900.0
2023-09-04,Onion,Nabha,1700.0
2023-09-05,Onion,Nabha,1970.0
2023-09-06,Onion,Nabha,2100.0
2023-09-07,Onion,Nabha,2250.0
2023-09-08,Onion,Nabha,2000.0
2023-09-09,Onion,Nabha,2000.0
2023-09-11,Onion,Nabha,1800.0
2023-09-12,Onion,Nabha,1800.0
2023-09-14,Onion,Nabha,1650.0
2023-09-15,Onion,Nabha,1580.0
2023-09-16,Onion,Nabha,1600.0
2023-09-18,Onion,Nabha,1560.0
2023-09-19,Onion,Nabha,1600.0
2023-09-20,Onion,Nabha,1560.0
2023-09-21,Onion,Nabha,1600.0
2023-09-22,Onion,Nabha,1700.0
2023-09-23,Onion,Nabha,1700.0
2023-09-25,Onion,Nabha,1860.0
2023-09-26,Onion,Nabha,2000.0
2023-09-27,Onion,Nabha,2170.0
2023-09-28,Onion,Nabha,2200.0
2023-09-29,Onion,Nabha,2100.0
2023-09-30,Onion,Nabha,2000.0
2023-10-02,Onion,Nabha,2300.0
2023-10-03,Onion,Nabha,2300.0
2023-10-04,Onion,Nabha,2600.0
2023-10-06,Onion,Nabha,1850.0
2023-10-10,Onion,Nabha,1900.0
2023-10-17,Onion,Nabha,2100.0
2023-10-18,Onion,Nabha,2600.0
2023-10-19,Onion,Nabha,2400.0
2023-10-20,Onion,Nabha,2200.0
2023-10-21,Onion,Nabha,2200.0
2023-10-23,Onion,Nabha,3300.0
2023-10-26,Onion,Nabha,3800.0
2023-10-27,Onion,Nabha,3500.0
2023-11-07,Onion,Nabha,3800.0
2023-11-08,Onion,Nabha,3800.0
2023-11-09,Onion,Nabha,3900.0
2023-11-10,Onion,Nabha,3400.0
2023-11-14,Onion,Nabha,3800.0
2023-11-15,Onion,Nabha,3600.0
2023-11-20,Onion,Nabha,3600.0
2023-11-21,Onion,Nabha,3500.0
2023-11-22,Onion,Nabha,3600.0
2023-11-23,Onion,Nabha,3400.0
2023-11-27,Onion,Nabha,2900.0
2023-11-28,Onion,Nabha,4200.0
2023-11-30,Onion,Nabha,4300.0
2023-12-01,Onion,Nabha,4400.0
2023-12-06,Onion,Nabha,3200.0
2023-12-07,Onion,Nabha,3300.0
2023-12-08,Onion,Nabha,3100.0
2023-12-09,Onion,Nabha,3000.0
2023-12-11,Onion,Nabha,2700.0
2023-12-12,Onion,Nabha,2300.0
2023-12-13,Onion,Nabha,2300.0
2023-12-14,Onion,Nabha,2100.0
2023-12-15,Onion,Nabha,1550.0
2023-12-16,Onion,Nabha,2000.0
2023-12-18,Onion,Nabha,1900.0
2023-12-19,Onion,Nabha,2100.0
2023-12-20,Onion,Nabha,2000.0
2023-12-21,Onion,Nabha,2200.0
2023-12-22,Onion,Nabha,2050.0
2023-12-26,Onion,Nabha,1900.0
2023-12-27,Onion,Nabha,1800.0
2023-12-28,Onion,Nabha,1700.0
2023-12-29,Onion,Nabha,1600.0
2023-12-30,Onion,Nabha,1500.0
2024-01-01,Onion,Nabha,1500.0
2024-01-02,Onion,Nabha,1650.0
2024-01-03,Onion,Nabha,2100.0
2024-01-04,Onion,Nabha,2100.0
2024-01-05,Onion,Nabha,2100.0
2024-01-12,Onion,Nabha,2300.0
2024-01-18,Onion,Nabha,2000.0
2024-01-23,Onion,Nabha,1680.0
2024-01-24,Onion,Nabha,1570.0
2024-01-25,Onion,Nabha,1400.0
2024-01-26,Onion,Nabha,1400.0
2024-01-27,Onion,Nabha,1460.0
2024-01-29,Onion,Nabha,1570.0
2024-01-30,Onion,Nabha,1450.0
2024-01-31,Onion,Nabha,1400.0
2024-02-01,Onion,Nabha,1400.0
2024-02-02,Onion,Nabha,1370.0
2024-02-05,Onion,Nabha,1380.0
2024-02-06,Onion,Nabha,1300.0
2024-02-07,Onion,Nabha,1600.0
2024-02-08,Onion,Nabha,1300.0
2024-02-09,Onion,Nabha,1200.0
2024-02-10,Onion,Nabha,1300.0
2024-02-12,Onion,Nabha,1300.0
2024-02-13,Onion,Nabha,1300.0
2024-02-14,Onion,Nabha,1400.0
2024-02-15,Onion,Nabha,1300.0
2024-02-17,Onion,Nabha,1300.0
2024-02-19,Onion,Nabha,1450.0
2024-02-23,Onion,Nabha,1300.0
2024-02-26,Onion,Nabha,1470.0
2024-02-27,Onion,Nabha,1600.0
2024-02-28,Onion,Nabha,1700.0
2024-02-29,Onion,Nabha,1600.0
2024-03-01,Onion,Nabha,1670.0
2024-03-04,Onion,Nabha,1600.0
2024-03-05,Onion,Nabha,1800.0
2024-03-08,Onion,Nabha,1500.0
2024-03-09,Onion,Nabha,1800.0
2024-03-11,Onion,Nabha,1700.0
2024-03-12,Onion,Nabha,1800.0
2024-03-14,Onion,Nabha,2000.0
2024-03-18,Onion,Nabha,1750.0
2024-03-19,Onion,Nabha,1550.0
2024-03-20,Onion,Nabha,1400.0
2024-03-25,Onion,Nabha,1450.0
2024-03-26,Onion,Nabha,1600.0
2024-03-27,Onion,Nabha,1660.0
2024-03-28,Onion,Nabha,1600.0
2024-04-02,Onion,Nabha,1650.0
2024-04-04,Onion,Nabha,1600.0
2024-04-05,Onion,Nabha,1660.0
2024-04-09,Onion,Nabha,1570.0
2024-04-10,Onion,Nabha,1500.0
2024-04-16,Onion,Nabha,1400.0
2024-04-17,Onion,Nabha,1300.0
2024-04-18,Onion,Nabha,1440.0
2024-04-22,Onion,Nabha,1530.0
2024-04-23,Onion,Nabha,1560.0
2024-04-24,Onion,Nabha,1600.0
2024-04-25,Onion,Nabha,1600.0
2024-04-26,Onion,Nabha,1500.0
2024-04-27,Onion,Nabha,1500.0
2024-04-29,Onion,Nabha,1400.0
2024-04-30,Onion,Nabha,1540.0
2024-05-01,Onion,Nabha,1400.0
2024-05-02,Onion,Nabha,1340.0
2024-05-15,Onion,Nabha,1500.0
2024-05-16,Onion,Nabha,1500.0
2024-05-17,Onion,Nabha,1500.0
2024-05-18,Onion,Nabha,1300.0
2024-05-20,Onion,Nabha,1400.0
2024-05-22,Onion,Nabha,1500.0
2024-05-24,Onion,Nabha,1400.0
2024-05-28,Onion,Nabha,1450.0
2024-05-29,Onion,Nabha,1550.0
2024-05-30,Onion,Nabha,1530.0
2024-05-31,Onion,Nabha,1500.0
2024-06-01,Onion,Nabha,1500.0
2024-06-03,Onion,Nabha,1500.0
2024-07-06,Onion,Nabha,2800.0
2024-07-08,Onion,Nabha,2500.0
2024-07-09,Onion,Nabha,3000.0
2024-07-10,Onion,Nabha,3000.0
2024-07-11,Onion,Nabha,2700.0
2024-07-16,Onion,Nabha,2970.0
2024-07-17,Onion,Nabha,2860.0
2024-07-18,Onion,Nabha,2800.0
2024-07-19,Onion,Nabha,2100.0
2024-07-20,Onion,Nabha,2500.0
2024-07-25,Onion,Nabha,2760.0
2024-07-26,Onion,Nabha,2410.0
2024-07-27,Onion,Nabha,2500.0
2024-07-29,Onion,Nabha,2600.0
2024-07-30,Onion,Nabha,2760.0
2024-07-31,Onion,Nabha,2760.0
2024-08-01,Onion,Nabha,2350.0
2024-08-03,Onion,Nabha,2700.0
2024-08-05,Onion,Nabha,2700.0
2024-08-06,Onion,Nabha,2980.0
2024-08-07,Onion,Nabha,2870.0
2024-08-08,Onion,Nabha,3200.0
2024-08-09,Onion,Nabha,3300.0
2024-08-12,Onion,Nabha,3200.0
2024-08-14,Onion,Nabha,3600.0
2024-08-15,Onion,Nabha,3590.0
2024-08-16,Onion,Nabha,3400.0
2024-08-20,Onion,Nabha,3200.0
2024-08-21,Onion,Nabha,3180.0
2024-08-22,Onion,Nabha,3600.0
2024-08-23,Onion,Nabha,2800.0
2024-08-26,Onion,Nabha,3480.0
2024-08-27,Onion,Nabha,4100.0
2024-08-28,Onion,Nabha,3400.0
2024-08-29,Onion,Nabha,3760.0
2024-08-30,Onion,Nabha,3700.0
2024-08-31,Onion,Nabha,3750.0
2024-09-02,Onion,Nabha,3100.0
2024-09-03,Onion,Nabha,3800.0
2024-09-04,Onion,Nabha,4000.0
2024-09-05,Onion,Nabha,3940.0
2024-09-06,Onion,Nabha,3900.0
2024-09-11,Onion,Nabha,3800.0
2024-09-12,Onion,Nabha,3800.0
2024-09-13,Onion,Nabha,3560.0
2024-09-14,Onion,Nabha,3550.0
2024-09-16,Onion,Nabha,4000.0
2024-09-17,Onion,Nabha,4000.0
2024-09-19,Onion,Nabha,4340.0
2024-09-20,Onion,Nabha,4400.0
2024-09-21,Onion,Nabha,4450.0
2024-09-23,Onion,Nabha,4350.0
2024-09-24,Onion,Nabha,4400.0
2024-09-25,Onion,Nabha,4300.0
2024-09-26,Onion,Nabha,4350.0
2024-09-27,Onion,Nabha,4320.0
2024-09-28,Onion,Nabha,4050.0
2024-09-30,Onion,Nabha,4000.0
2024-10-01,Onion,Nabha,3700.0
2024-10-02,Onion,Nabha,3900.0
2024-10-03,Onion,Nabha,3800.0
2024-10-04,Onion,Nabha,4000.0
2024-10-05,Onion,Nabha,4000.0
2024-10-07,Onion,Nabha,4400.0
2024-10-08,Onion,Nabha,4300.0
2024-10-09,Onion,Nabha,4400.0
2024-10-10,Onion,Nabha,4490.0
2024-10-11,Onion,Nabha,4200.0
2024-10-12,Onion,Nabha,4170.0
2024-10-14,Onion,Nabha,4000.0
2024-10-15,Onion,Nabha,4240.0
2024-10-16,Onion,Nabha,4100.0
2024-10-17,Onion,Nabha,4500.0
2024-10-18,Onion,Nabha,4040.0
2024-10-19,Onion,Nabha,3100.0
2024-10-21,Onion,Nabha,4000.0
2024-10-22,Onion,Nabha,3800.0
2024-10-23,Onion,Nabha,3800.0
2024-10-24,Onion,Nabha,3970.0
2024-10-25,Onion,Nabha,3950.0
2024-10-26,Onion,Nabha,3870.0
2024-10-28,Onion,Nabha,4100.0
2024-10-29,Onion,Nabha,4000.0
2024-10-30,Onion,Nabha,4560.0
2024-11-01,Onion,Nabha,4400.0
2024-11-02,Onion,Nabha,4400.0
2024-11-04,Onion,Nabha,4300.0
2024-11-05,Onion,Nabha,4400.0
2024-11-07,Onion,Nabha,4800.0
2024-11-08,Onion,Nabha,4300.0
2024-11-09,Onion,Nabha,4600.0
2024-11-11,Onion,Nabha,4700.0
2024-11-12,Onion,Nabha,4560.0
2024-11-14,Onion,Nabha,3500.0
2024-11-15,Onion,Nabha,3100.0
2024-11-18,Onion,Nabha,3260.0
2024-11-19,Onion,Nabha,3600.0
2024-11-20,Onion,Nabha,3700.0
2024-11-21,Onion,Nabha,3200.0
2024-11-22,Onion,Nabha,3800.0
2024-11-23,Onion,Nabha,3100.0
2024-11-25,Onion,Nabha,2900.0
2024-11-26,Onion,Nabha,2400.0
2024-11-27,Onion,Nabha,2800.0
2024-11-28,Onion,Nabha,2980.0
2024-11-29,Onion,Nabha,3000.0
2024-11-30,Onion,Nabha,3200.0
2024-12-02,Onion,Nabha,3250.0
2024-12-03,Onion,Nabha,3550.0
2024-12-06,Onion,Nabha,3600.0
2025-02-06,Onion,Nabha,2300.0
2025-02-07,Onion,Nabha,2200.0
2025-02-08,Onion,Nabha,2100.0
2025-02-10,Onion,Nabha,2200.0
2025-02-11,Onion,Nabha,2200.0
2025-02-13,Onion,Nabha,2400.0
2025-02-14,Onion,Nabha,2500.0
2025-02-15,Onion,Nabha,2700.0
2025-02-17,Onion,Nabha,3000.0
2025-02-18,Onion,Nabha,2750.0
2025-02-19,Onion,Nabha,2450.0
2025-02-20,Onion,Nabha,2500.0
2025-02-21,Onion,Nabha,2300.0
2025-02-24,Onion,Nabha,2500.0
2025-02-25,Onion,Nabha,2500.0
2025-02-26,Onion,Nabha,2100.0
2025-02-27,Onion,Nabha,2150.0
2025-02-28,Onion,Nabha,2300.0
2025-03-01,Onion,Nabha,2700.0
2025-03-03,Onion,Nabha,2300.0
2025-03-04,Onion,Nabha,1700.0
2025-03-06,Onion,Nabha,2050.0
2025-03-07,Onion,Nabha,2200.0
2025-03-10,Onion,Nabha,2100.0
2025-03-11,Onion,Nabha,1700.0
2025-03-12,Onion,Nabha,1600.0
2025-03-13,Onion,Nabha,1550.0
2025-03-14,Onion,Nabha,1500.0
2025-03-15,Onion,Nabha,1400.0
2025-03-17,Onion,Nabha,1600.0
2025-03-18,Onion,Nabha,1500.0
2025-03-19,Onion,Nabha,1500.0
2025-03-20,Onion,Nabha,1300.0
2025-03-21,Onion,Nabha,1250.0
2025-03-22,Onion,Nabha,1280.0
2025-03-24,Onion,Nabha,1480.0
2025-03-25,Onion,Nabha,1230.0
2025-03-26,Onion,Nabha,1150.0
2025-03-27,Onion,Nabha,1100.0
2025-03-28,Onion,Nabha,1050.0
2025-04-03,Onion,Nabha,1070.0
2025-04-04,Onion,Nabha,1200.0
2025-04-05,Onion,Nabha,1200.0
2025-04-07,Onion,Nabha,1000.0
2025-04-08,Onion,Nabha,1250.0
2025-04-10,Onion,Nabha,1250.0
2025-04-11,Onion,Nabha,1100.0
2025-04-12,Onion,Nabha,930.0
2025-04-14,Onion,Nabha,1130.0
2025-04-15,Onion,Nabha,1100.0
2025-04-16,Onion,Nabha,1000.0
2025-04-17,Onion,Nabha,900.0
2025-04-18,Onion,Nabha,1000.0
2025-04-19,Onion,Nabha,1000.0
2025-04-21,Onion,Nabha,900.0
2025-04-22,Onion,Nabha,900.0
2025-04-23,Onion,Nabha,800.0
2025-04-24,Onion,Nabha,1000.0
2025-04-25,Onion,Nabha,900.0
2025-04-26,Onion,Nabha,900.0
2025-04-28,Onion,Nabha,900.0
2025-04-29,Onion,Nabha,800.0
2025-04-30,Onion,Nabha,800.0
2025-05-01,Onion,Nabha,880.0
2025-05-02,Onion,Nabha,800.0
2025-05-03,Onion,Nabha,900.0
2025-05-05,Onion,Nabha,700.0
2025-05-06,Onion,Nabha,1000.0
2025-05-09,Onion,Nabha,1100.0
2025-05-10,Onion,Nabha,1270.0
2025-05-12,Onion,Nabha,1280.0
2025-05-13,Onion,Nabha,1100.0
2025-05-15,Onion,Nabha,1100.0
2025-05-16,Onion,Nabha,1000.0
2025-05-20,Onion,Nabha,1100.0
2025-05-21,Onion,Nabha,900.0
2025-05-22,Onion,Nabha,900.0
2025-05-26,Onion,Nabha,870.0
2025-06-02,Onion,Nabha,800.0
2025-06-03,Onion,Nabha,1000.0
2025-06-04,Onion,Nabha,880.0
2025-06-05,Onion,Nabha,1000.0
2025-06-06,Onion,Nabha,1000.0
2025-06-07,Onion,Nabha,1000.0
2025-06-09,Onion,Nabha,900.0
2025-12-03,Onion,Nabha,680.0
2025-12-05,Onion,Nabha,700.0
2025-12-16,Onion,Nabha,1500.0
2025-12-22,Onion,Nabha,970.0
2025-12-24,Onion,Nabha,1000.0
2025-12-30,Onion,Nabha,1800.0
2025-12-31,Onion,Nabha,1500.0
2026-01-01,Onion,Nabha,1100.0
2026-01-05,Onion,Nabha,2200.0
2026-01-06,Onion,Nabha,1550.0
2026-01-07,Onion,Nabha,1600.0
2026-01-08,Onion,Nabha,1600.0
2026-01-09,Onion,Nabha,1800.0
2026-01-12,Onion,Nabha,1670.0
2026-01-13,Onion,Nabha,1600.0
2026-01-14,Onion,Nabha,1700.0
2026-01-15,Onion,Nabha,1500.0
2026-01-16,Onion,Nabha,1400.0
2026-01-17,Onion,Nabha,1600.0
2026-01-19,Onion,Nabha,1600.0
2026-01-20,Onion,Nabha,1500.0
2026-01-21,Onion,Nabha,1700.0
2026-01-22,Onion,Nabha,1600.0
2026-01-23,Onion,Nabha,1640.0
2026-01-24,Onion,Nabha,1770.0
2026-01-26,Onion,Nabha,1680.0
2026-01-27,Onion,Nabha,1600.0
2026-01-28,Onion,Nabha,1600.0
2026-01-29,Onion,Nabha,2300.0
2026-01-30,Onion,Nabha,1750.0
2026-01-31,Onion,Nabha,1600.0
2026-02-02,Onion,Nabha,1800.0
2026-02-03,Onion,Nabha,1500.0
2026-02-04,Onion,Nabha,1460.0
2026-02-05,Onion,Nabha,1400.0
2026-02-06,Onion,Nabha,1300.0
2026-02-07,Onion,Nabha,1400.0
2026-02-09,Onion,Nabha,1350.0
2026-02-10,Onion,Nabha,1300.0
2026-02-11,Onion,Nabha,1000.0
2026-02-12,Onion,Nabha,1300.0
2026-02-13,Onion,Nabha,1400.0
2026-02-14,Onion,Nabha,1400.0
2026-02-16,Onion,Nabha,1400.0
2026-02-17,Onion,Nabha,1300.0
2026-02-18,Onion,Nabha,1200.0
2026-02-19,Onion,Nabha,1300.0
2026-02-20,Onion,Nabha,1300.0
2026-02-21,Onion,Nabha,1100.0
2026-02-23,Onion,Nabha,1250.0
2026-02-24,Onion,Nabha,1300.0
2026-02-25,Onion,Nabha,1200.0
2026-02-26,Onion,Nabha,1200.0
2026-02-27,Onion,Nabha,1200.0
2026-02-28,Onion,Nabha,1250.0
2026-03-02,Onion,Nabha,1170.0
2026-03-03,Onion,Nabha,1170.0
2026-03-04,Onion,Nabha,1170.0
2026-03-05,Onion,Nabha,1100.0
2026-03-06,Onion,Nabha,960.0
2026-03-07,Onion,Nabha,1000.0
2026-03-09,Onion,Nabha,1060.0
2026-03-10,Onion,Nabha,1000.0
2026-03-11,Onion,Nabha,1000.0
2026-03-12,Onion,Nabha,840.0
2026-03-13,Onion,Nabha,880.0
2026-03-14,Onion,Nabha,1000.0
2026-03-16,Onion,Nabha,1000.0
2026-03-17,Onion,Nabha,1080.0
2026-03-18,Onion,Nabha,900.0
2026-03-19,Onion,Nabha,900.0
2026-03-20,Onion,Nabha,900.0
2026-03-23,Onion,Nabha,1050.0
2026-03-24,Onion,Nabha,900.0
2026-03-25,Onion,Nabha,900.0
2026-03-26,Onion,Nabha,1000.0
2026-03-27,Onion,Nabha,900.0
2026-03-30,Onion,Nabha,800.0
2026-03-31,Onion,Nabha,900.0
2026-04-01,Onion,Nabha,900.0
2026-04-02,Onion,Nabha,1000.0
2026-04-03,Onion,Nabha,850.0
2026-04-04,Onion,Nabha,1000.0
2026-04-06,Onion,Nabha,1300.0
2026-04-07,Onion,Nabha,1000.0
2026-04-08,Onion,Nabha,900.0
2026-04-09,Onion,Nabha,900.0
2026-04-10,Onion,Nabha,1050.0
2026-04-11,Onion,Nabha,1100.0
2026-04-13,Onion,Nabha,1000.0
2026-04-14,Onion,Nabha,1000.0
2026-04-15,Onion,Nabha,1100.0
2026-04-16,Onion,Nabha,900.0
2026-04-17,Onion,Nabha,1000.0
2026-04-18,Onion,Nabha,900.0
2026-04-20,Onion,Nabha,1100.0
2026-04-21,Onion,Nabha,900.0
2026-04-22,Onion,Nabha,1000.0
2026-04-23,Onion,Nabha,700.0
2026-04-24,Onion,Nabha,1100.0
2026-04-25,Onion,Nabha,1100.0
2026-04-27,Onion,Nabha,860.0
2026-04-28,Onion,Nabha,800.0
2026-04-29,Onion,Nabha,700.0
2026-05-08,Onion,Nabha,700.0
2026-05-09,Onion,Nabha,700.0
2026-05-11,Onion,Nabha,1100.0
2026-05-12,Onion,Nabha,1100.0
2026-05-14,Onion,Nabha,1100.0
2026-05-15,Onion,Nabha,1200.0
2026-05-19,Onion,Nabha,1200.0
2026-05-21,Onion,Nabha,1050.0
2026-05-22,Onion,Nabha,1100.0
2026-05-23,Onion,Nabha,1100.0
2026-05-25,Onion,Nabha,1200.0
2026-05-26,Onion,Nabha,1300.0
2026-05-27,Onion,Nabha,1100.0
2026-05-28,Onion,Nabha,1200.0
2026-05-30,Onion,Nabha,1500.0
2026-06-01,Onion,Nabha,1400.0
2026-06-02,Onion,Nabha,1300.0
2026-06-03,Onion,Nabha,1500.0
2026-06-04,Onion,Nabha,2000.0
2026-06-05,Onion,Nabha,1600.0
2026-06-06,Onion,Nabha,1700.0
2026-06-08,Onion,Nabha,1600.0
2026-06-09,Onion,Nabha,1700.0
2026-06-10,Onion,Nabha,1400.0
2026-06-11,Onion,Nabha,1480.0
2026-06-12,Onion,Nabha,1560.0
2026-06-13,Onion,Nabha,1500.0
2026-06-15,Onion,Nabha,1600.0
2026-06-16,Onion,Nabha,1600.0
2026-06-17,Onion,Nabha,1700.0
2026-06-18,Onion,Nabha,1850.0
2026-06-19,Onion,Nabha,1700.0
2026-06-20,Onion,Nabha,1600.0
2026-06-22,Onion,Nabha,1600.0
2026-06-23,Onion,Nabha,1800.0
2026-06-24,Onion,Nabha,1600.0
2026-06-25,Onion,Nabha,1800.0
2026-06-26,Onion,Nabha,2000.0
2026-06-27,Onion,Nabha,2100.0
2026-06-29,Onion,Nabha,1600.0
2026-06-30,Onion,Nabha,2000.0
2026-07-01,Onion,Nabha,2400.0
2026-07-02,Onion,Nabha,2200.0
2026-07-03,Onion,Nabha,2400.0
2026-07-04,Onion,Nabha,2200.0
2026-07-06,Onion,Nabha,2200.0
2026-07-07,Onion,Nabha,2200.0
2026-07-08,Onion,Nabha,2400.0
2026-07-09,Onion,Nabha,2400.0
2026-07-10,Onion,Nabha,2300.0
2026-07-11,Onion,Nabha,2300.0
2026-07-13,Onion,Nabha,2300.0
2026-07-14,Onion,Nabha,2300.0
2026-07-15,Onion,Nabha,2050.0
2026-07-16,Onion,Nabha,1900.0
2026-07-17,Onion,Nabha,2200.0
2026-07-18,Onion,Nabha,2100.0
2026-07-20,Onion,Nabha,2300.0
2026-07-21,Onion,Nabha,2450.0
2026-07-22,Onion,Nabha,2200.0
2026-07-23,Onion,Nabha,2100.0
2026-07-24,Onion,Nabha,2200.0
2026-07-25,Onion,Nabha,2400.0
2026-07-27,Onion,Nabha,2200.0
2026-07-28,Onion,Nabha,2450.0
2026-07-29,Onion,Nabha,2400.0
2026-07-30,Onion,Nabha,2200.0
2026-07-31,Onion,Nabha,2080.0
2026-08-01,Onion,Nabha,2300.0
2026-08-03,Onion,Nabha,2350.0
2026-08-04,Onion,Nabha,2300.0
2026-08-05,Onion,Nabha,2400.0
2026-08-06,Onion,Nabha,2500.0
2026-08-07,Onion,Nabha,2500.0
2026-08-08,Onion,Nabha,2200.0
2026-08-10,Onion,Nabha,2400.0
2026-08-11,Onion,Nabha,2400.0
2026-08-12,Onion,Nabha,2400.0
2026-08-13,Onion,Nabha,2600.0
2026-08-14,Onion,Nabha,2600.0
2026-08-15,Onion,Nabha,2600.0
2026-08-17,Onion,Nabha,2800.0
2026-08-18,Onion,Nabha,2800.0
2026-08-19,Onion,Nabha,3000.0
2026-08-21,Onion,Nabha,3900.0
2026-08-22,Onion,Nabha,3800.0
2026-08-24,Onion,Nabha,2600.0
2026-08-25,Onion,Nabha,4000.0
2026-08-26,Onion,Nabha,3800.0
2026-08-27,Onion,Nabha,4300.0
2024-09-10,Onion,Patiala,3500.0
2024-09-11,Onion,Patiala,3500.0
2024-09-12,Onion,Patiala,3500.0
2024-09-16,Onion,Patiala,4700.0
2024-09-17,Onion,Patiala,4700.0
2024-09-18,Onion,Patiala,4700.0
2024-09-19,Onion,Patiala,4700.0
2024-09-20,Onion,Patiala,4700.0
2024-09-21,Onion,Patiala,4700.0
2024-09-23,Onion,Patiala,4700.0
2024-09-24,Onion,Patiala,4700.0
2024-09-25,Onion,Patiala,4700.0
2024-09-26,Onion,Patiala,4900.0
2024-09-27,Onion,Patiala,4900.0
2024-09-28,Onion,Patiala,4900.0
2024-09-30,Onion,Patiala,4900.0
2024-10-01,Onion,Patiala,4900.0
2024-10-02,Onion,Patiala,4900.0
2024-10-03,Onion,Patiala,4900.0
2024-10-04,Onion,Patiala,4900.0
2024-10-07,Onion,Patiala,4900.0
2024-10-08,Onion,Patiala,4900.0
2024-10-09,Onion,Patiala,4500.0
2024-10-10,Onion,Patiala,4500.0
2024-10-11,Onion,Patiala,4500.0
2024-10-14,Onion,Patiala,4500.0
2024-10-15,Onion,Patiala,4500.0
2024-10-16,Onion,Patiala,4500.0
2024-10-17,Onion,Patiala,4500.0
2024-10-19,Onion,Patiala,4500.0
2024-10-28,Onion,Patiala,4500.0
2024-10-29,Onion,Patiala,4500.0
2024-11-05,Onion,Patiala,4000.0
2024-11-06,Onion,Patiala,4000.0
2024-11-07,Onion,Patiala,4000.0
2024-11-09,Onion,Patiala,4000.0
2024-11-11,Onion,Patiala,4500.0
2024-11-13,Onion,Patiala,4500.0
2024-11-14,Onion,Patiala,4500.0
2024-11-15,Onion,Patiala,4500.0
2024-11-18,Onion,Patiala,4500.0
2024-11-19,Onion,Patiala,4500.0
2024-11-20,Onion,Patiala,4500.0
2024-11-21,Onion,Patiala,4500.0
2024-11-22,Onion,Patiala,4000.0
2024-11-25,Onion,Patiala,4500.0
2024-11-26,Onion,Patiala,4500.0
2024-11-27,Onion,Patiala,4500.0
2024-11-28,Onion,Patiala,4500.0
2024-11-29,Onion,Patiala,4500.0
2024-11-30,Onion,Patiala,4500.0
2024-12-02,Onion,Patiala,4500.0
2024-12-03,Onion,Patiala,4500.0
2024-12-04,Onion,Patiala,4500.0
2024-12-05,Onion,Patiala,4500.0
2024-12-06,Onion,Patiala,4500.0
2025-02-06,Onion,Patiala,2600.0
2025-02-07,Onion,Patiala,2600.0
2025-02-08,Onion,Patiala,2600.0
2025-02-10,Onion,Patiala,2500.0
2025-02-13,Onion,Patiala,2500.0
2025-02-17,Onion,Patiala,2600.0
2025-02-18,Onion,Patiala,2600.0
2025-02-19,Onion,Patiala,2600.0
2025-02-21,Onion,Patiala,2600.0
2025-02-27,Onion,Patiala,2600.0
2025-02-28,Onion,Patiala,2600.0
2025-03-07,Onion,Patiala,3500.0
2025-03-11,Onion,Patiala,2300.0
2025-03-12,Onion,Patiala,2300.0
2025-03-15,Onion,Patiala,2300.0
2025-03-17,Onion,Patiala,2200.0
2025-03-18,Onion,Patiala,2200.0
2025-03-19,Onion,Patiala,2200.0
2025-03-20,Onion,Patiala,2200.0
2025-03-21,Onion,Patiala,2200.0
2025-03-22,Onion,Patiala,3500.0
2025-03-24,Onion,Patiala,2200.0
2025-03-25,Onion,Patiala,2200.0
2025-03-26,Onion,Patiala,2200.0
2025-03-27,Onion,Patiala,2200.0
2025-03-28,Onion,Patiala,2200.0
2025-03-31,Onion,Patiala,2200.0
2025-04-03,Onion,Patiala,1500.0
2025-04-04,Onion,Patiala,1500.0
2025-04-05,Onion,Patiala,1500.0
2025-04-09,Onion,Patiala,1500.0
2025-04-10,Onion,Patiala,1500.0
2025-04-11,Onion,Patiala,1500.0
2025-04-12,Onion,Patiala,1500.0
2025-04-15,Onion,Patiala,1500.0
2025-04-16,Onion,Patiala,1500.0
2025-04-17,Onion,Patiala,1500.0
2025-04-19,Onion,Patiala,1500.0
2025-04-21,Onion,Patiala,1500.0
2025-04-23,Onion,Patiala,1500.0
2025-04-24,Onion,Patiala,1500.0
2025-04-25,Onion,Patiala,1500.0
2025-04-26,Onion,Patiala,1500.0
2025-05-07,Onion,Patiala,800.0
2025-05-08,Onion,Patiala,800.0
2025-05-09,Onion,Patiala,800.0
2025-05-12,Onion,Patiala,800.0
2025-05-13,Onion,Patiala,800.0
2025-05-14,Onion,Patiala,800.0
2025-05-16,Onion,Patiala,800.0
2025-05-17,Onion,Patiala,800.0
2025-05-19,Onion,Patiala,800.0
2025-05-21,Onion,Patiala,1200.0
2025-05-22,Onion,Patiala,1200.0
2025-05-23,Onion,Patiala,1200.0
2025-05-26,Onion,Patiala,1200.0
2025-05-27,Onion,Patiala,1200.0
2025-05-28,Onion,Patiala,1200.0
2025-05-29,Onion,Patiala,1200.0
2025-05-31,Onion,Patiala,1200.0
2025-06-04,Onion,Patiala,1200.0
2025-06-05,Onion,Patiala,1200.0
2025-06-06,Onion,Patiala,1200.0
2025-06-07,Onion,Patiala,1200.0
2025-06-09,Onion,Patiala,1200.0
2025-06-10,Onion,Patiala,1200.0
2025-11-19,Onion,Patiala,1600.0
2025-11-20,Onion,Patiala,1600.0
2025-11-21,Onion,Patiala,1600.0
2025-11-24,Onion,Patiala,1200.0
2025-11-25,Onion,Patiala,1200.0
2025-11-26,Onion,Patiala,1200.0
2025-11-27,Onion,Patiala,1000.0
2025-11-28,Onion,Patiala,1000.0
2025-11-29,Onion,Patiala,1000.0
2025-12-01,Onion,Patiala,1000.0
2025-12-02,Onion,Patiala,1000.0
2025-12-03,Onion,Patiala,1200.0
2025-12-04,Onion,Patiala,1000.0
2025-12-05,Onion,Patiala,1200.0
2025-12-06,Onion,Patiala,950.0
2025-12-08,Onion,Patiala,1000.0
2025-12-09,Onion,Patiala,1200.0
2025-12-10,Onion,Patiala,1000.0
2025-12-11,Onion,Patiala,1000.0
2025-12-12,Onion,Patiala,600.0
2025-12-13,Onion,Patiala,800.0
2025-12-15,Onion,Patiala,1200.0
2025-12-16,Onion,Patiala,700.0
2025-12-17,Onion,Patiala,600.0
2025-12-18,Onion,Patiala,1500.0
2025-12-19,Onion,Patiala,600.0
2025-12-20,Onion,Patiala,600.0
2025-12-22,Onion,Patiala,600.0
2025-12-23,Onion,Patiala,400.0
2025-12-24,Onion,Patiala,600.0
2025-12-25,Onion,Patiala,500.0
2025-12-26,Onion,Patiala,500.0
2025-12-27,Onion,Patiala,500.0
2025-12-29,Onion,Patiala,300.0
2025-12-30,Onion,Patiala,500.0
2026-01-01,Onion,Patiala,400.0
2026-01-03,Onion,Patiala,600.0
2026-01-05,Onion,Patiala,600.0
2026-01-06,Onion,Patiala,300.0
2026-01-07,Onion,Patiala,300.0
2026-01-08,Onion,Patiala,300.0
2026-01-09,Onion,Patiala,300.0
2026-01-10,Onion,Patiala,400.0
2026-01-12,Onion,Patiala,400.0
2026-01-13,Onion,Patiala,300.0
2026-01-14,Onion,Patiala,400.0
2026-01-16,Onion,Patiala,300.0
2026-01-17,Onion,Patiala,300.0
2026-01-19,Onion,Patiala,300.0
2026-01-20,Onion,Patiala,400.0
2026-01-21,Onion,Patiala,400.0
2026-01-22,Onion,Patiala,300.0
2026-01-23,Onion,Patiala,400.0
2026-01-24,Onion,Patiala,300.0
2026-01-26,Onion,Patiala,400.0
2026-01-27,Onion,Patiala,300.0
2026-01-28,Onion,Patiala,300.0
2026-01-29,Onion,Patiala,350.0
2026-01-30,Onion,Patiala,200.0
2026-01-31,Onion,Patiala,400.0
2026-02-02,Onion,Patiala,300.0
2026-02-03,Onion,Patiala,300.0
2026-02-04,Onion,Patiala,300.0
2026-02-05,Onion,Patiala,200.0
2026-02-06,Onion,Patiala,300.0
2026-02-07,Onion,Patiala,200.0
2026-02-09,Onion,Patiala,200.0
2026-02-10,Onion,Patiala,300.0
2026-02-11,Onion,Patiala,300.0
2026-02-12,Onion,Patiala,200.0
2026-02-13,Onion,Patiala,400.0
2026-02-14,Onion,Patiala,200.0
2026-02-16,Onion,Patiala,400.0
2026-02-17,Onion,Patiala,400.0
2026-02-18,Onion,Patiala,200.0
2026-02-19,Onion,Patiala,300.0
2026-02-20,Onion,Patiala,1400.0
2026-02-21,Onion,Patiala,1400.0
2026-02-23,Onion,Patiala,1200.0
2026-02-24,Onion,Patiala,1400.0
2026-02-25,Onion,Patiala,1200.0
2026-02-26,Onion,Patiala,1200.0
2026-02-27,Onion,Patiala,1200.0
2026-02-28,Onion,Patiala,1000.0
2026-03-02,Onion,Patiala,1200.0
2026-03-03,Onion,Patiala,1200.0
2026-03-04,Onion,Patiala,1100.0
2026-03-05,Onion,Patiala,1100.0
2026-03-06,Onion,Patiala,1000.0
2026-03-07,Onion,Patiala,1200.0
2026-03-09,Onion,Patiala,1400.0
2026-03-10,Onion,Patiala,1200.0
2026-03-11,Onion,Patiala,1400.0
2026-03-12,Onion,Patiala,1200.0
2026-03-13,Onion,Patiala,1200.0
2026-03-14,Onion,Patiala,1400.0
2026-03-16,Onion,Patiala,1200.0
2026-03-17,Onion,Patiala,1400.0
2026-03-18,Onion,Patiala,1800.0
2026-03-19,Onion,Patiala,1400.0
2026-03-20,Onion,Patiala,1200.0
2026-03-21,Onion,Patiala,1200.0
2026-03-23,Onion,Patiala,1200.0
2026-03-24,Onion,Patiala,1200.0
2026-03-25,Onion,Patiala,1200.0
2026-03-26,Onion,Patiala,1300.0
2026-03-27,Onion,Patiala,1200.0
2026-03-28,Onion,Patiala,1200.0
2026-03-30,Onion,Patiala,1200.0
2026-03-31,Onion,Patiala,1400.0
2026-04-01,Onion,Patiala,1200.0
2026-04-02,Onion,Patiala,1200.0
2026-04-03,Onion,Patiala,1200.0
2026-04-04,Onion,Patiala,1200.0
2026-04-06,Onion,Patiala,1200.0
2026-04-07,Onion,Patiala,1200.0
2026-04-08,Onion,Patiala,1500.0
2026-04-09,Onion,Patiala,1400.0
2026-04-10,Onion,Patiala,1400.0
2026-04-11,Onion,Patiala,1500.0
2026-04-13,Onion,Patiala,1300.0
2026-04-14,Onion,Patiala,1500.0
2026-04-15,Onion,Patiala,1400.0
2026-04-16,Onion,Patiala,1400.0
2026-04-17,Onion,Patiala,1600.0
2026-04-18,Onion,Patiala,1400.0
2026-04-20,Onion,Patiala,1400.0
2026-04-21,Onion,Patiala,1400.0
2026-04-22,Onion,Patiala,1400.0
2026-04-23,Onion,Patiala,1400.0
2026-04-24,Onion,Patiala,1300.0
2026-04-27,Onion,Patiala,1200.0
2026-04-28,Onion,Patiala,1300.0
2026-04-29,Onion,Patiala,1300.0
2026-04-30,Onion,Patiala,1200.0
2026-05-01,Onion,Patiala,1000.0
2026-05-02,Onion,Patiala,1000.0
2026-05-05,Onion,Patiala,1000.0
2026-05-06,Onion,Patiala,1400.0
2026-05-07,Onion,Patiala,1400.0
2026-05-08,Onion,Patiala,1300.0
2026-05-09,Onion,Patiala,1200.0
2026-05-11,Onion,Patiala,1100.0
2026-05-12,Onion,Patiala,1600.0
2026-05-13,Onion,Patiala,1200.0
2026-05-14,Onion,Patiala,1400.0
2026-05-15,Onion,Patiala,1400.0
2026-05-16,Onion,Patiala,1300.0
2026-05-18,Onion,Patiala,1600.0
2026-05-19,Onion,Patiala,1400.0
2026-05-20,Onion,Patiala,1600.0
2026-05-21,Onion,Patiala,2000.0
2026-05-22,Onion,Patiala,1400.0
2026-05-23,Onion,Patiala,1800.0
2026-05-25,Onion,Patiala,1500.0
2026-05-26,Onion,Patiala,1400.0
2026-05-27,Onion,Patiala,1300.0
2026-05-28,Onion,Patiala,1400.0
2026-05-29,Onion,Patiala,1300.0
2026-05-30,Onion,Patiala,1400.0
2026-06-01,Onion,Patiala,1300.0
2026-06-02,Onion,Patiala,1200.0
2026-06-03,Onion,Patiala,1300.0
2026-06-04,Onion,Patiala,1300.0
2026-06-05,Onion,Patiala,1300.0
2026-06-06,Onion,Patiala,1300.0
2026-06-08,Onion,Patiala,1200.0
2026-06-09,Onion,Patiala,1500.0
2026-06-10,Onion,Patiala,1300.0
2026-06-11,Onion,Patiala,1300.0
2026-06-12,Onion,Patiala,1300.0
2026-06-13,Onion,Patiala,1300.0
2026-06-15,Onion,Patiala,1300.0
2026-06-16,Onion,Patiala,1300.0
2026-06-17,Onion,Patiala,1200.0
2026-06-18,Onion,Patiala,1200.0
2026-06-19,Onion,Patiala,1200.0
2026-06-20,Onion,Patiala,1100.0
2026-06-22,Onion,Patiala,1200.0
2026-06-23,Onion,Patiala,1300.0
2026-06-24,Onion,Patiala,1200.0
2026-06-25,Onion,Patiala,1200.0
2026-06-26,Onion,Patiala,1200.0
2026-06-27,Onion,Patiala,1600.0
2026-06-30,Onion,Patiala,1200.0
2026-07-01,Onion,Patiala,1100.0
2026-07-02,Onion,Patiala,1100.0
2026-07-03,Onion,Patiala,1100.0
2026-07-04,Onion,Patiala,1000.0
2026-07-06,Onion,Patiala,1000.0
2026-07-07,Onion,Patiala,1000.0
2026-07-08,Onion,Patiala,1000.0
2026-07-09,Onion,Patiala,1000.0
2026-07-10,Onion,Patiala,1000.0
2026-07-11,Onion,Patiala,1000.0
2026-07-13,Onion,Patiala,1000.0
2026-07-14,Onion,Patiala,900.0
2026-07-15,Onion,Patiala,800.0
2026-07-16,Onion,Patiala,800.0
2026-07-17,Onion,Patiala,900.0
2026-07-18,Onion,Patiala,900.0
2026-07-20,Onion,Patiala,900.0
2026-07-21,Onion,Patiala,800.0
2026-07-22,Onion,Patiala,800.0
2026-07-23,Onion,Patiala,800.0
2026-07-27,Onion,Patiala,800.0
2026-07-28,Onion,Patiala,800.0
2026-07-29,Onion,Patiala,800.0
2026-07-30,Onion,Patiala,800.0
2026-07-31,Onion,Patiala,800.0
2026-08-01,Onion,Patiala,800.0
2026-08-03,Onion,Patiala,800.0
2026-08-04,Onion,Patiala,800.0
2026-08-05,Onion,Patiala,800.0
2026-08-06,Onion,Patiala,800.0
2026-08-07,Onion,Patiala,800.0
2026-08-08,Onion,Patiala,800.0
2026-08-10,Onion,Patiala,800.0
2026-08-11,Onion,Patiala,800.0
2026-08-12,Onion,Patiala,800.0
2026-08-13,Onion,Patiala,800.0
2026-08-14,Onion,Patiala,800.0
2026-08-15,Onion,Patiala,800.0
2026-08-17,Onion,Patiala,800.0
2026-08-18,Onion,Patiala,800.0
2026-08-19,Onion,Patiala,3000.0
2026-08-20,Onion,Patiala,3400.0
2026-08-21,Onion,Patiala,3200.0
2026-08-22,Onion,Patiala,3000.0
2026-08-24,Onion,Patiala,2500.0
2026-08-25,Onion,Patiala,2800.0
2026-08-26,Onion,Patiala,3100.0
2026-08-27,Onion,Patiala,2700.0
2026-08-28,Onion,Patiala,3900.0
2026-08-29,Onion,Patiala,4100.0
2023-06-06,Onion,Patran,810.0
2023-06-07,Onion,Patran,870.0
2023-06-09,Onion,Patran,890.0
2023-06-10,Onion,Patran,820.0
2023-06-12,Onion,Patran,890.0
2023-06-13,Onion,Patran,1130.0
2023-06-14,Onion,Patran,830.0
2023-06-15,Onion,Patran,820.0
2023-06-20,Onion,Patran,800.0
2023-06-23,Onion,Patran,900.0
2023-06-24,Onion,Patran,930.0
2023-06-26,Onion,Patran,980.0
2023-06-27,Onion,Patran,1040.0
2023-06-28,Onion,Patran,1010.0
2023-06-29,Onion,Patran,1060.0
2023-06-30,Onion,Patran,920.0
2023-07-01,Onion,Patran,3970.0
2023-07-03,Onion,Patran,1360.0
2023-07-04,Onion,Patran,1110.0
2023-07-05,Onion,Patran,1190.0
2023-07-06,Onion,Patran,1130.0
2023-07-07,Onion,Patran,1400.0
2023-07-08,Onion,Patran,1300.0
2023-07-10,Onion,Patran,1210.0
2023-07-11,Onion,Patran,1370.0
2023-07-12,Onion,Patran,1050.0
2023-07-13,Onion,Patran,1460.0
2023-07-14,Onion,Patran,1370.0
2023-07-17,Onion,Patran,1210.0
2023-07-18,Onion,Patran,1260.0
2023-07-19,Onion,Patran,1200.0
2023-07-20,Onion,Patran,1190.0
2023-07-21,Onion,Patran,1230.0
2023-07-22,Onion,Patran,1240.0
2023-07-25,Onion,Patran,1070.0
2023-07-26,Onion,Patran,1050.0
2023-07-27,Onion,Patran,1050.0
2023-07-28,Onion,Patran,1070.0
2023-07-29,Onion,Patran,1130.0
2023-08-01,Onion,Patran,1070.0
2023-08-02,Onion,Patran,1040.0
2023-08-03,Onion,Patran,1140.0
2023-08-08,Onion,Patran,1090.0
2023-08-09,Onion,Patran,1250.0
2023-08-10,Onion,Patran,1510.0
2023-08-11,Onion,Patran,1400.0
2023-08-12,Onion,Patran,1590.0
2023-08-14,Onion,Patran,1510.0
2023-08-15,Onion,Patran,1390.0
2023-08-18,Onion,Patran,1500.0
2023-08-19,Onion,Patran,2000.0
2023-08-23,Onion,Patran,1500.0
2023-08-25,Onion,Patran,1680.0
2023-08-30,Onion,Patran,1440.0
2023-09-05,Onion,Patran,1780.0
2023-09-07,Onion,Patran,1600.0
2023-09-09,Onion,Patran,1700.0
2023-09-11,Onion,Patran,1540.0
2023-09-12,Onion,Patran,1540.0
2023-09-13,Onion,Patran,1580.0
2023-09-14,Onion,Patran,1520.0
2023-09-15,Onion,Patran,1390.0
2023-09-16,Onion,Patran,1600.0
2023-09-18,Onion,Patran,1500.0
2023-09-21,Onion,Patran,1680.0
2023-09-22,Onion,Patran,1470.0
2023-09-25,Onion,Patran,1470.0
2023-09-26,Onion,Patran,1700.0
2023-09-30,Onion,Patran,1520.0
2023-10-03,Onion,Patran,1710.0
2023-10-05,Onion,Patran,1640.0
2023-10-06,Onion,Patran,1630.0
2023-10-07,Onion,Patran,1640.0
2023-10-09,Onion,Patran,1790.0
2023-10-11,Onion,Patran,1800.0
2023-10-13,Onion,Patran,1900.0
2023-10-16,Onion,Patran,1890.0
2023-10-18,Onion,Patran,1140.0
2023-10-20,Onion,Patran,1980.0
2023-10-24,Onion,Patran,2190.0
2023-10-25,Onion,Patran,2670.0
2023-10-28,Onion,Patran,3280.0
2023-10-31,Onion,Patran,3690.0
2023-11-01,Onion,Patran,3430.0
2023-11-02,Onion,Patran,2700.0
2023-11-04,Onion,Patran,3190.0
2023-11-06,Onion,Patran,1470.0
2023-11-07,Onion,Patran,2970.0
2023-11-08,Onion,Patran,2980.0
2023-11-13,Onion,Patran,3230.0
2023-11-16,Onion,Patran,3340.0
2023-11-17,Onion,Patran,3230.0
2023-11-18,Onion,Patran,3120.0
2023-11-21,Onion,Patran,2970.0
2023-11-22,Onion,Patran,3220.0
2023-11-27,Onion,Patran,3200.0
2023-11-30,Onion,Patran,3170.0
2023-12-01,Onion,Patran,3020.0
2023-12-04,Onion,Patran,3000.0
2023-12-05,Onion,Patran,3130.0
2023-12-08,Onion,Patran,2000.0
2023-12-09,Onion,Patran,2500.0
2023-12-11,Onion,Patran,2000.0
2023-12-12,Onion,Patran,1920.0
2023-12-13,Onion,Patran,1880.0
2023-12-14,Onion,Patran,2000.0
2023-12-15,Onion,Patran,1660.0
2023-12-16,Onion,Patran,1800.0
2023-12-18,Onion,Patran,1910.0
2023-12-19,Onion,Patran,1900.0
2023-12-20,Onion,Patran,1880.0
2023-12-21,Onion,Patran,1830.0
2023-12-26,Onion,Patran,1350.0
2023-12-29,Onion,Patran,1490.0
2023-12-30,Onion,Patran,1330.0
2024-01-01,Onion,Patran,1320.0
2024-01-02,Onion,Patran,1320.0
2024-01-04,Onion,Patran,1820.0
2024-01-05,Onion,Patran,1980.0
2024-01-06,Onion,Patran,1730.0
2024-01-08,Onion,Patran,1910.0
2024-01-10,Onion,Patran,1730.0
2024-01-12,Onion,Patran,2000.0
2024-01-15,Onion,Patran,1920.0
2024-01-16,Onion,Patran,2000.0
2024-01-17,Onion,Patran,1700.0
2024-01-18,Onion,Patran,1590.0
2024-01-19,Onion,Patran,1600.0
2024-01-20,Onion,Patran,1510.0
2024-01-23,Onion,Patran,1530.0
2024-01-24,Onion,Patran,1730.0
2024-01-30,Onion,Patran,1240.0
2024-01-31,Onion,Patran,1350.0
2024-02-01,Onion,Patran,1250.0
2024-02-02,Onion,Patran,1250.0
2024-02-03,Onion,Patran,1190.0
2024-02-06,Onion,Patran,1140.0
2024-02-07,Onion,Patran,1130.0
2024-02-08,Onion,Patran,1100.0
2024-02-26,Onion,Patran,1480.0
2024-03-05,Onion,Patran,1400.0
2024-03-06,Onion,Patran,1530.0
2024-03-08,Onion,Patran,1340.0
2024-03-09,Onion,Patran,1500.0
2024-03-11,Onion,Patran,1490.0
2024-03-12,Onion,Patran,1570.0
2024-03-13,Onion,Patran,1420.0
2024-03-16,Onion,Patran,1470.0
2024-03-18,Onion,Patran,1320.0
2024-03-19,Onion,Patran,1250.0
2024-03-20,Onion,Patran,1730.0
2024-03-26,Onion,Patran,1270.0
2024-03-29,Onion,Patran,1160.0
2024-03-30,Onion,Patran,1380.0
2024-04-03,Onion,Patran,1365.0
2024-04-04,Onion,Patran,1380.0
2024-04-08,Onion,Patran,1310.0
2024-04-09,Onion,Patran,1420.0
2024-04-10,Onion,Patran,1430.0
2024-04-11,Onion,Patran,1310.0
2024-04-15,Onion,Patran,1290.0
2024-04-16,Onion,Patran,1460.0
2024-04-18,Onion,Patran,1090.0
2024-04-19,Onion,Patran,1290.0
2024-04-20,Onion,Patran,1100.0
2024-04-22,Onion,Patran,1150.0
2024-04-25,Onion,Patran,1210.0
2024-04-26,Onion,Patran,1170.0
2024-04-27,Onion,Patran,1190.0
2024-04-29,Onion,Patran,1220.0
2024-05-01,Onion,Patran,850.0
2024-05-03,Onion,Patran,1410.0
2024-05-04,Onion,Patran,1360.0
2024-05-06,Onion,Patran,1420.0
2024-05-07,Onion,Patran,1480.0
2024-05-08,Onion,Patran,1380.0
2024-05-10,Onion,Patran,1190.0
2024-05-11,Onion,Patran,1500.0
2024-05-13,Onion,Patran,1370.0
2024-05-15,Onion,Patran,1240.0
2024-05-17,Onion,Patran,1200.0
2024-05-18,Onion,Patran,1170.0
2024-05-20,Onion,Patran,1070.0
2024-05-21,Onion,Patran,1180.0
2024-05-22,Onion,Patran,1280.0
2024-05-23,Onion,Patran,1300.0
2024-05-24,Onion,Patran,1160.0
2024-05-25,Onion,Patran,1160.0
2024-05-27,Onion,Patran,1160.0
2024-05-28,Onion,Patran,1200.0
2024-05-29,Onion,Patran,1350.0
2024-05-30,Onion,Patran,1069.0
2024-05-31,Onion,Patran,1140.0
2024-06-01,Onion,Patran,1140.0
2024-06-04,Onion,Patran,1400.0
2024-06-06,Onion,Patran,1470.0
2024-07-06,Onion,Patran,2540.0
2024-07-10,Onion,Patran,2610.0
2024-07-11,Onion,Patran,2570.0
2024-07-12,Onion,Patran,2690.0
2024-07-13,Onion,Patran,2410.0
2024-07-16,Onion,Patran,2510.0
2024-07-17,Onion,Patran,2770.0
2024-07-18,Onion,Patran,2890.0
2024-07-20,Onion,Patran,2780.0
2024-07-22,Onion,Patran,2720.0
2024-07-23,Onion,Patran,2550.0
2024-07-24,Onion,Patran,2650.0
2024-07-25,Onion,Patran,2660.0
2024-07-26,Onion,Patran,2559.0
2024-07-27,Onion,Patran,2290.0
2024-07-29,Onion,Patran,2300.0
2024-07-30,Onion,Patran,2410.0
2024-07-31,Onion,Patran,2500.0
2024-08-01,Onion,Patran,2220.0
2024-08-02,Onion,Patran,2570.0
2024-08-05,Onion,Patran,2400.0
2024-08-06,Onion,Patran,2490.0
2024-08-07,Onion,Patran,2340.0
2024-08-08,Onion,Patran,2450.0
2024-08-09,Onion,Patran,2500.0
2024-08-10,Onion,Patran,2380.0
2024-08-12,Onion,Patran,2450.0
2024-08-13,Onion,Patran,2900.0
2024-08-14,Onion,Patran,2700.0
2024-08-15,Onion,Patran,2620.0
2024-08-16,Onion,Patran,2450.0
2024-08-19,Onion,Patran,2720.0
2024-08-20,Onion,Patran,2620.0
2024-08-21,Onion,Patran,2480.0
2024-08-22,Onion,Patran,2560.0
2024-08-23,Onion,Patran,2800.0
2024-08-26,Onion,Patran,3140.0
2024-08-27,Onion,Patran,2700.0
2024-08-28,Onion,Patran,3190.0
2024-08-29,Onion,Patran,2920.0
2024-08-30,Onion,Patran,3330.0
2024-08-31,Onion,Patran,3220.0
2024-09-02,Onion,Patran,3120.0
2024-09-03,Onion,Patran,3210.0
2024-09-04,Onion,Patran,3190.0
2024-09-05,Onion,Patran,2820.0
2024-09-06,Onion,Patran,3330.0
2024-09-07,Onion,Patran,2700.0
2024-09-09,Onion,Patran,3330.0
2024-09-10,Onion,Patran,3260.0
2024-09-11,Onion,Patran,2990.0
2024-09-12,Onion,Patran,3000.0
2024-09-13,Onion,Patran,2950.0
2024-09-14,Onion,Patran,3210.0
2024-09-16,Onion,Patran,3300.0
2024-09-17,Onion,Patran,3470.0
2024-09-18,Onion,Patran,3710.0
2024-09-19,Onion,Patran,3680.0
2024-09-20,Onion,Patran,3440.0
2024-09-21,Onion,Patran,3540.0
2024-09-23,Onion,Patran,3630.0
2024-09-24,Onion,Patran,3520.0
2024-09-25,Onion,Patran,1170.0
2024-09-26,Onion,Patran,3310.0
2024-09-27,Onion,Patran,3640.0
2024-09-28,Onion,Patran,3640.0
2024-09-30,Onion,Patran,3590.0
2024-10-01,Onion,Patran,3600.0
2024-10-02,Onion,Patran,3000.0
2024-10-03,Onion,Patran,3290.0
2024-10-04,Onion,Patran,3090.0
2024-10-07,Onion,Patran,3550.0
2024-10-08,Onion,Patran,3550.0
2024-10-09,Onion,Patran,3630.0
2024-10-10,Onion,Patran,3540.0
2024-10-11,Onion,Patran,3610.0
2024-10-12,Onion,Patran,3560.0
2024-10-14,Onion,Patran,3610.0
2024-10-15,Onion,Patran,3590.0
2024-10-16,Onion,Patran,3650.0
2024-10-17,Onion,Patran,3540.0
2024-10-18,Onion,Patran,3560.0
2024-10-19,Onion,Patran,3650.0
2024-10-21,Onion,Patran,3500.0
2024-10-22,Onion,Patran,3600.0
2024-10-23,Onion,Patran,3630.0
2024-10-28,Onion,Patran,3620.0
2024-10-29,Onion,Patran,3430.0
2024-10-30,Onion,Patran,3530.0
2024-11-02,Onion,Patran,3520.0
2024-11-05,Onion,Patran,3180.0
2024-11-07,Onion,Patran,3290.0
2024-11-08,Onion,Patran,3270.0
2024-11-09,Onion,Patran,3270.0
2024-11-11,Onion,Patran,3330.0
2024-11-12,Onion,Patran,3540.0
2024-11-13,Onion,Patran,3540.0
2024-11-14,Onion,Patran,3430.0
2024-11-16,Onion,Patran,3000.0
2024-11-18,Onion,Patran,2900.0
2024-11-19,Onion,Patran,2820.0
2024-11-20,Onion,Patran,2890.0
2024-11-21,Onion,Patran,2900.0
2024-11-22,Onion,Patran,3080.0
2024-11-23,Onion,Patran,2750.0
2024-11-25,Onion,Patran,2650.0
2024-11-26,Onion,Patran,2490.0
2024-11-27,Onion,Patran,2580.0
2024-11-28,Onion,Patran,2420.0
2024-11-29,Onion,Patran,2630.0
2024-11-30,Onion,Patran,2350.0
2024-12-02,Onion,Patran,2450.0
2024-12-03,Onion,Patran,2810.0
2024-12-04,Onion,Patran,2900.0
2025-02-06,Onion,Patran,1720.0
2025-02-07,Onion,Patran,1730.0
2025-02-08,Onion,Patran,1700.0
2025-02-10,Onion,Patran,1730.0
2025-02-11,Onion,Patran,1840.0
2025-02-12,Onion,Patran,1790.0
2025-02-13,Onion,Patran,1770.0
2025-02-14,Onion,Patran,1700.0
2025-02-15,Onion,Patran,2060.0
2025-02-17,Onion,Patran,2310.0
2025-02-18,Onion,Patran,2070.0
2025-02-19,Onion,Patran,2290.0
2025-02-20,Onion,Patran,1530.0
2025-02-21,Onion,Patran,2370.0
2025-02-22,Onion,Patran,2150.0
2025-02-24,Onion,Patran,1860.0
2025-02-25,Onion,Patran,2140.0
2025-02-26,Onion,Patran,1780.0
2025-02-27,Onion,Patran,1820.0
2025-02-28,Onion,Patran,1900.0
2025-03-01,Onion,Patran,1910.0
2025-03-03,Onion,Patran,1800.0
2025-03-04,Onion,Patran,1650.0
2025-03-05,Onion,Patran,1790.0
2025-03-06,Onion,Patran,1730.0
2025-03-07,Onion,Patran,2010.0
2025-03-10,Onion,Patran,1500.0
2025-03-11,Onion,Patran,1730.0
2025-03-12,Onion,Patran,1830.0
2025-03-13,Onion,Patran,1720.0
2025-03-14,Onion,Patran,1620.0
2025-03-15,Onion,Patran,1540.0
2025-03-17,Onion,Patran,1580.0
2025-03-18,Onion,Patran,1570.0
2025-03-19,Onion,Patran,1470.0
2025-03-20,Onion,Patran,1480.0
2025-03-21,Onion,Patran,1470.0
2025-03-22,Onion,Patran,1240.0
2025-03-24,Onion,Patran,1260.0
2025-03-25,Onion,Patran,1320.0
2025-03-26,Onion,Patran,1260.0
2025-03-27,Onion,Patran,1730.0
2025-03-28,Onion,Patran,1190.0
2025-03-31,Onion,Patran,1630.0
2025-04-01,Onion,Patran,1030.0
2025-04-02,Onion,Patran,850.0
2025-04-03,Onion,Patran,910.0
2025-04-05,Onion,Patran,1420.0
2025-04-07,Onion,Patran,1420.0
2025-04-08,Onion,Patran,1110.0
2025-04-09,Onion,Patran,1520.0
2025-04-10,Onion,Patran,1120.0
2025-04-11,Onion,Patran,1210.0
2025-04-12,Onion,Patran,1120.0
2025-04-14,Onion,Patran,880.0
2025-04-18,Onion,Patran,890.0
2025-04-19,Onion,Patran,850.0
2025-04-21,Onion,Patran,830.0
2025-04-22,Onion,Patran,760.0
2025-04-23,Onion,Patran,800.0
2025-04-24,Onion,Patran,780.0
2025-04-25,Onion,Patran,730.0
2025-04-26,Onion,Patran,700.0
2025-04-28,Onion,Patran,670.0
2025-04-29,Onion,Patran,720.0
2025-05-03,Onion,Patran,760.0
2025-05-05,Onion,Patran,780.0
2025-05-06,Onion,Patran,770.0
2025-05-07,Onion,Patran,740.0
2025-05-08,Onion,Patran,910.0
2025-05-09,Onion,Patran,810.0
2025-05-12,Onion,Patran,730.0
2025-05-13,Onion,Patran,800.0
2025-05-14,Onion,Patran,990.0
2025-05-15,Onion,Patran,830.0
2025-05-16,Onion,Patran,720.0
2025-05-17,Onion,Patran,830.0
2025-05-20,Onion,Patran,670.0
2025-05-21,Onion,Patran,990.0
2025-05-22,Onion,Patran,660.0
2025-05-23,Onion,Patran,720.0
2025-05-26,Onion,Patran,990.0
2025-05-27,Onion,Patran,760.0
2025-05-28,Onion,Patran,660.0
2025-05-29,Onion,Patran,750.0
2025-05-30,Onion,Patran,740.0
2025-05-31,Onion,Patran,800.0
2025-06-02,Onion,Patran,800.0
2025-06-03,Onion,Patran,730.0
2025-06-04,Onion,Patran,700.0
2025-06-05,Onion,Patran,750.0
2025-06-06,Onion,Patran,770.0
2025-06-09,Onion,Patran,790.0
2025-11-10,Onion,Patran,980.0
2025-11-11,Onion,Patran,1000.0
2025-11-12,Onion,Patran,1000.0
2025-11-13,Onion,Patran,950.0
2025-11-14,Onion,Patran,909.0
2025-11-17,Onion,Patran,945.0
2025-11-18,Onion,Patran,1004.83
2025-11-20,Onion,Patran,880.0
2025-11-21,Onion,Patran,850.0
2025-11-25,Onion,Patran,860.0
2025-11-26,Onion,Patran,930.0
2025-11-27,Onion,Patran,916.0
2025-11-28,Onion,Patran,816.0
2025-12-01,Onion,Patran,717.0
2025-12-02,Onion,Patran,662.0
2025-12-03,Onion,Patran,652.0
2025-12-04,Onion,Patran,670.0
2025-12-05,Onion,Patran,800.0
2025-12-08,Onion,Patran,628.0
2025-12-09,Onion,Patran,700.0
2025-12-10,Onion,Patran,950.0
2025-12-11,Onion,Patran,1045.0
2025-12-12,Onion,Patran,900.0
2025-12-16,Onion,Patran,900.0
2025-12-17,Onion,Patran,1080.0
2025-12-18,Onion,Patran,1200.0
2025-12-19,Onion,Patran,1340.0
2025-12-22,Onion,Patran,1130.0
2025-12-23,Onion,Patran,1200.0
2025-12-24,Onion,Patran,890.0
2025-12-25,Onion,Patran,890.0
2025-12-26,Onion,Patran,890.0
2025-12-31,Onion,Patran,1064.0
2026-01-01,Onion,Patran,1097.0
2026-01-02,Onion,Patran,1240.0
2026-01-06,Onion,Patran,1755.0
2026-01-07,Onion,Patran,1608.0
2026-01-08,Onion,Patran,1720.0
2026-01-09,Onion,Patran,1670.0
2026-01-12,Onion,Patran,1522.0
2026-01-13,Onion,Patran,1245.0
2026-01-14,Onion,Patran,1288.0
2026-01-15,Onion,Patran,1180.0
2026-01-16,Onion,Patran,1080.0
2026-01-19,Onion,Patran,1123.0
2026-01-20,Onion,Patran,1050.0
2026-01-21,Onion,Patran,1175.0
2026-01-22,Onion,Patran,1170.0
2026-01-23,Onion,Patran,1011.0
2026-01-26,Onion,Patran,1272.0
2026-01-27,Onion,Patran,930.0
2026-01-28,Onion,Patran,1278.0
2026-01-29,Onion,Patran,980.0
2026-01-30,Onion,Patran,1245.0
2026-02-03,Onion,Patran,1203.0
2026-02-04,Onion,Patran,1204.0
2026-02-05,Onion,Patran,1140.0
2026-02-06,Onion,Patran,1204.0
2026-02-09,Onion,Patran,1090.0
2026-02-10,Onion,Patran,1155.0
2026-02-11,Onion,Patran,1140.0
2026-02-12,Onion,Patran,1275.0
2026-02-13,Onion,Patran,1276.0
2026-02-16,Onion,Patran,1170.0
2026-02-17,Onion,Patran,1180.0
2026-02-18,Onion,Patran,1150.0
2026-02-19,Onion,Patran,1160.0
2026-02-20,Onion,Patran,1160.0
2026-02-23,Onion,Patran,1300.0
2026-02-24,Onion,Patran,1250.0
2026-02-25,Onion,Patran,1304.0
2026-02-26,Onion,Patran,1172.0
2026-02-27,Onion,Patran,1125.0
2026-03-02,Onion,Patran,743.0
2026-03-03,Onion,Patran,840.0
2026-03-04,Onion,Patran,977.0
2026-03-05,Onion,Patran,845.0
2026-03-06,Onion,Patran,870.0
2026-03-09,Onion,Patran,950.0
2026-03-10,Onion,Patran,825.0
2026-03-12,Onion,Patran,970.0
2026-03-13,Onion,Patran,880.0
2026-03-16,Onion,Patran,872.0
2026-03-17,Onion,Patran,800.0
2026-03-19,Onion,Patran,764.0
2026-03-20,Onion,Patran,810.0
2026-03-23,Onion,Patran,913.0
2026-03-24,Onion,Patran,913.0
2026-03-25,Onion,Patran,804.0
2026-03-26,Onion,Patran,800.0
2026-03-27,Onion,Patran,800.0
2026-03-30,Onion,Patran,730.0
2026-03-31,Onion,Patran,790.0
2026-04-01,Onion,Patran,750.0
2026-04-03,Onion,Patran,906.0
2026-04-04,Onion,Patran,700.0
2026-04-06,Onion,Patran,666.0
2026-04-07,Onion,Patran,670.0
2026-04-08,Onion,Patran,700.0
2026-04-09,Onion,Patran,630.0
2026-04-10,Onion,Patran,630.0
2026-04-11,Onion,Patran,655.0
2026-04-13,Onion,Patran,800.0
2026-04-15,Onion,Patran,730.0
2026-04-16,Onion,Patran,865.0
2026-04-17,Onion,Patran,750.0
2026-04-18,Onion,Patran,750.0
2026-04-20,Onion,Patran,750.0
2026-04-21,Onion,Patran,750.0
2026-04-22,Onion,Patran,750.0
2026-04-23,Onion,Patran,700.0
2026-04-27,Onion,Patran,728.0
2026-04-28,Onion,Patran,700.0
2026-04-29,Onion,Patran,730.0
2026-04-30,Onion,Patran,742.45
2026-05-04,Onion,Patran,710.0
2026-05-05,Onion,Patran,750.0
2026-05-06,Onion,Patran,960.0
2026-05-07,Onion,Patran,720.0
2026-05-08,Onion,Patran,710.0
2026-05-11,Onion,Patran,750.0
2026-05-12,Onion,Patran,840.0
2026-05-13,Onion,Patran,930.0
2026-05-14,Onion,Patran,940.0
2026-05-15,Onion,Patran,930.0
2026-05-18,Onion,Patran,870.0
2026-05-19,Onion,Patran,870.0
2026-05-20,Onion,Patran,1000.0
2026-05-21,Onion,Patran,1100.0
2026-05-22,Onion,Patran,1000.0
2026-05-26,Onion,Patran,870.0
2026-05-27,Onion,Patran,1030.0
2026-05-28,Onion,Patran,1020.0
2026-05-29,Onion,Patran,1050.0
2026-06-02,Onion,Patran,1050.0
2026-06-03,Onion,Patran,1020.0
2026-06-04,Onion,Patran,1020.0
2026-06-05,Onion,Patran,1230.0
2026-06-08,Onion,Patran,1240.0
2026-06-09,Onion,Patran,1150.0
2026-06-10,Onion,Patran,1320.0
2026-06-11,Onion,Patran,1220.0
2026-06-16,Onion,Patran,1430.0
2026-06-17,Onion,Patran,1000.0
2026-06-22,Onion,Patran,1240.0
2026-06-23,Onion,Patran,1350.0
2026-06-24,Onion,Patran,1540.0
2026-06-26,Onion,Patran,1260.0
2026-07-01,Onion,Patran,1500.0
2026-07-02,Onion,Patran,1250.0
2026-07-06,Onion,Patran,1470.0
2026-07-07,Onion,Patran,1540.0
2026-07-08,Onion,Patran,1370.0
2026-07-09,Onion,Patran,1850.0
2026-07-10,Onion,Patran,1560.0
2026-07-13,Onion,Patran,1840.0
2026-07-14,Onion,Patran,1860.0
2026-07-15,Onion,Patran,1970.0
2026-07-16,Onion,Patran,1960.0
2026-07-17,Onion,Patran,1960.0
2026-07-20,Onion,Patran,2030.0
2026-07-21,Onion,Patran,1730.0
2026-07-22,Onion,Patran,1630.0
2026-07-23,Onion,Patran,1870.0
2026-07-24,Onion,Patran,1870.0
2026-07-27,Onion,Patran,1750.0
2026-07-28,Onion,Patran,1730.0
2026-07-29,Onion,Patran,1910.0
2026-07-30,Onion,Patran,1650.0
2026-08-03,Onion,Patran,1790.0
2026-08-04,Onion,Patran,1900.0
2026-08-05,Onion,Patran,1680.0
2026-08-06,Onion,Patran,1800.0
2026-08-07,Onion,Patran,1850.0
2026-08-08,Onion,Patran,1800.0
2026-08-10,Onion,Patran,1780.0
2026-08-11,Onion,Patran,1580.0
2026-08-12,Onion,Patran,1140.0
2026-08-13,Onion,Patran,2130.0
2026-08-14,Onion,Patran,1770.0
2026-08-15,Onion,Patran,1560.0
2026-08-17,Onion,Patran,1720.0
2026-08-18,Onion,Patran,1980.0
2026-08-20,Onion,Patran,2020.0
2026-08-21,Onion,Patran,2470.0
2026-08-23,Onion,Patran,2360.0
2026-08-25,Onion,Patran,2890.0
2026-08-26,Onion,Patran,2890.0
2026-08-27,Onion,Patran,2260.0
2026-06-11,Onion,Raikot,1800.0
2026-06-12,Onion,Raikot,1700.0
2026-06-15,Onion,Raikot,1650.0
2026-06-17,Onion,Raikot,1980.0
2026-06-18,Onion,Raikot,1950.0
2026-06-22,Onion,Raikot,1800.0
2026-06-23,Onion,Raikot,1820.0
2026-06-24,Onion,Raikot,1850.0
2026-06-25,Onion,Raikot,1850.0
2026-06-29,Onion,Raikot,4150.0
2026-07-01,Onion,Raikot,1930.0
2026-07-02,Onion,Raikot,1948.0
2026-07-08,Onion,Raikot,2350.0
2026-07-11,Onion,Raikot,2680.0
2026-07-16,Onion,Raikot,2380.0
2026-07-17,Onion,Raikot,2480.0
2026-07-18,Onion,Raikot,2585.0
2026-07-22,Onion,Raikot,2530.0
2026-07-24,Onion,Raikot,2720.0
2026-07-25,Onion,Raikot,2680.0
2026-07-27,Onion,Raikot,2680.0
2026-07-28,Onion,Raikot,2680.0
2026-07-29,Onion,Raikot,2760.0
2026-07-30,Onion,Raikot,2770.0
2026-07-31,Onion,Raikot,2790.0
2026-08-01,Onion,Raikot,2840.0
2026-08-02,Onion,Raikot,2850.0
2026-08-03,Onion,Raikot,2870.0
2026-08-04,Onion,Raikot,2910.0
2026-08-05,Onion,Raikot,3010.0
2026-08-06,Onion,Raikot,2970.0
2026-08-07,Onion,Raikot,2980.0
2026-08-08,Onion,Raikot,3120.0
2026-08-09,Onion,Raikot,3120.0
2026-08-10,Onion,Raikot,3110.0
2026-08-11,Onion,Raikot,3150.0
2026-08-12,Onion,Raikot,3170.0
2026-08-13,Onion,Raikot,3190.0
2026-08-14,Onion,Raikot,3215.0
2026-08-16,Onion,Raikot,3260.0
2026-08-17,Onion,Raikot,3280.0
2026-08-18,Onion,Raikot,3290.0
2026-08-19,Onion,Raikot,3340.0
2026-08-20,Onion,Raikot,3350.0
2026-08-21,Onion,Raikot,3360.0
2026-08-22,Onion,Raikot,3380.0
2026-08-23,Onion,Raikot,3420.0
2026-08-24,Onion,Raikot,3450.0
2026-08-25,Onion,Raikot,3470.0
2026-08-26,Onion,Raikot,3460.0
2026-08-27,Onion,Raikot,3520.0
2026-08-28,Onion,Raikot,3540.0
2026-08-29,Onion,Raikot,3570.0
2023-06-06,Onion,Rajpura,1250.0
2023-06-07,Onion,Rajpura,1200.0
2023-06-08,Onion,Rajpura,1200.0
2023-06-09,Onion,Rajpura,1150.0
2023-06-10,Onion,Rajpura,1100.0
2023-06-11,Onion,Rajpura,1200.0
2023-06-13,Onion,Rajpura,1250.0
2023-06-14,Onion,Rajpura,1190.0
2023-06-15,Onion,Rajpura,1100.0
2023-06-16,Onion,Rajpura,1200.0
2023-06-17,Onion,Rajpura,1200.0
2023-06-18,Onion,Rajpura,1250.0
2023-06-19,Onion,Rajpura,1150.0
2023-06-20,Onion,Rajpura,1270.0
2023-06-21,Onion,Rajpura,1250.0
2023-06-22,Onion,Rajpura,1150.0
2023-06-23,Onion,Rajpura,1190.0
2023-06-24,Onion,Rajpura,1150.0
2023-06-25,Onion,Rajpura,1200.0
2023-06-27,Onion,Rajpura,1200.0
2023-06-28,Onion,Rajpura,1150.0
2023-06-29,Onion,Rajpura,1200.0
2023-06-30,Onion,Rajpura,1100.0
2023-07-01,Onion,Rajpura,1200.0
2023-07-02,Onion,Rajpura,1200.0
2023-07-03,Onion,Rajpura,1250.0
2023-07-04,Onion,Rajpura,1300.0
2023-07-05,Onion,Rajpura,1300.0
2023-07-06,Onion,Rajpura,1300.0
2023-07-07,Onion,Rajpura,1290.0
2023-07-08,Onion,Rajpura,1300.0
2023-07-09,Onion,Rajpura,1300.0
2023-07-11,Onion,Rajpura,1300.0
2023-07-12,Onion,Rajpura,1350.0
2023-07-13,Onion,Rajpura,1200.0
2023-07-14,Onion,Rajpura,1250.0
2023-07-15,Onion,Rajpura,1300.0
2023-07-16,Onion,Rajpura,1400.0
2023-07-17,Onion,Rajpura,1450.0
2023-07-18,Onion,Rajpura,1300.0
2023-07-19,Onion,Rajpura,1400.0
2023-07-20,Onion,Rajpura,1400.0
2023-07-21,Onion,Rajpura,1400.0
2023-07-22,Onion,Rajpura,1250.0
2023-07-23,Onion,Rajpura,1350.0
2023-07-25,Onion,Rajpura,1300.0
2023-07-26,Onion,Rajpura,1400.0
2023-07-27,Onion,Rajpura,1350.0
2023-07-28,Onion,Rajpura,1300.0
2023-07-29,Onion,Rajpura,1500.0
2023-07-30,Onion,Rajpura,1450.0
2023-07-31,Onion,Rajpura,1350.0
2023-08-01,Onion,Rajpura,1400.0
2023-08-02,Onion,Rajpura,1400.0
2023-08-03,Onion,Rajpura,1300.0
2023-08-04,Onion,Rajpura,1400.0
2023-08-05,Onion,Rajpura,1400.0
2023-08-06,Onion,Rajpura,1450.0
2023-08-07,Onion,Rajpura,1450.0
2023-08-08,Onion,Rajpura,1450.0
2023-08-09,Onion,Rajpura,1500.0
2023-08-10,Onion,Rajpura,1600.0
2023-08-11,Onion,Rajpura,1550.0
2023-08-12,Onion,Rajpura,1750.0
2023-08-13,Onion,Rajpura,1800.0
2023-08-15,Onion,Rajpura,1850.0
2023-08-16,Onion,Rajpura,2100.0
2023-08-18,Onion,Rajpura,1900.0
2023-08-19,Onion,Rajpura,2200.0
2023-08-21,Onion,Rajpura,2100.0
2023-08-22,Onion,Rajpura,2200.0
2023-08-23,Onion,Rajpura,2500.0
2023-08-24,Onion,Rajpura,2100.0
2023-08-25,Onion,Rajpura,2300.0
2023-08-26,Onion,Rajpura,2200.0
2023-08-28,Onion,Rajpura,2100.0
2023-08-29,Onion,Rajpura,2200.0
2023-08-30,Onion,Rajpura,2300.0
2023-08-31,Onion,Rajpura,2200.0
2023-09-01,Onion,Rajpura,2300.0
2023-09-02,Onion,Rajpura,2300.0
2023-09-03,Onion,Rajpura,2200.0
2023-09-04,Onion,Rajpura,2300.0
2023-09-05,Onion,Rajpura,2100.0
2023-09-06,Onion,Rajpura,2100.0
2023-09-07,Onion,Rajpura,2200.0
2023-09-08,Onion,Rajpura,2200.0
2023-09-09,Onion,Rajpura,2100.0
2023-09-10,Onion,Rajpura,2200.0
2023-09-12,Onion,Rajpura,2100.0
2023-09-13,Onion,Rajpura,2100.0
2023-09-14,Onion,Rajpura,2100.0
2023-09-15,Onion,Rajpura,2100.0
2023-09-16,Onion,Rajpura,2200.0
2023-09-17,Onion,Rajpura,2100.0
2023-09-18,Onion,Rajpura,2000.0
2023-09-20,Onion,Rajpura,1950.0
2023-09-21,Onion,Rajpura,2000.0
2023-09-22,Onion,Rajpura,1900.0
2023-09-23,Onion,Rajpura,2000.0
2023-09-24,Onion,Rajpura,1900.0
2023-09-26,Onion,Rajpura,1900.0
2023-09-27,Onion,Rajpura,1900.0
2023-09-28,Onion,Rajpura,1950.0
2023-09-29,Onion,Rajpura,2000.0
2023-09-30,Onion,Rajpura,2000.0
2023-10-04,Onion,Rajpura,2100.0
2023-10-05,Onion,Rajpura,2100.0
2023-10-06,Onion,Rajpura,1950.0
2023-10-07,Onion,Rajpura,2100.0
2023-10-08,Onion,Rajpura,2100.0
2023-10-09,Onion,Rajpura,2000.0
2023-10-11,Onion,Rajpura,2200.0
2023-10-12,Onion,Rajpura,2200.0
2023-10-14,Onion,Rajpura,2100.0
2023-10-15,Onion,Rajpura,2150.0
2023-10-16,Onion,Rajpura,2100.0
2023-10-17,Onion,Rajpura,2200.0
2023-10-18,Onion,Rajpura,2100.0
2023-10-19,Onion,Rajpura,2200.0
2023-10-20,Onion,Rajpura,2100.0
2023-10-21,Onion,Rajpura,2400.0
2023-10-22,Onion,Rajpura,2550.0
2023-10-24,Onion,Rajpura,2800.0
2023-10-27,Onion,Rajpura,3000.0
2023-10-29,Onion,Rajpura,2900.0
2023-10-30,Onion,Rajpura,4800.0
2023-10-31,Onion,Rajpura,4500.0
2023-11-03,Onion,Rajpura,4000.0
2023-11-04,Onion,Rajpura,4000.0
2023-11-05,Onion,Rajpura,3800.0
2023-11-06,Onion,Rajpura,4200.0
2023-11-07,Onion,Rajpura,3400.0
2023-11-09,Onion,Rajpura,3300.0
2023-11-10,Onion,Rajpura,3600.0
2023-11-11,Onion,Rajpura,3500.0
2023-11-12,Onion,Rajpura,3500.0
2023-11-16,Onion,Rajpura,3500.0
2023-11-17,Onion,Rajpura,3300.0
2023-11-18,Onion,Rajpura,3500.0
2023-11-19,Onion,Rajpura,3500.0
2023-11-20,Onion,Rajpura,3400.0
2023-11-21,Onion,Rajpura,3450.0
2023-11-22,Onion,Rajpura,3600.0
2023-11-23,Onion,Rajpura,3700.0
2023-11-24,Onion,Rajpura,3500.0
2023-11-25,Onion,Rajpura,3500.0
2023-11-26,Onion,Rajpura,3350.0
2023-11-28,Onion,Rajpura,3350.0
2023-11-29,Onion,Rajpura,4000.0
2023-12-01,Onion,Rajpura,3500.0
2023-12-02,Onion,Rajpura,4000.0
2023-12-03,Onion,Rajpura,4000.0
2023-12-04,Onion,Rajpura,3800.0
2023-12-05,Onion,Rajpura,3500.0
2023-12-06,Onion,Rajpura,3800.0
2023-12-07,Onion,Rajpura,3500.0
2023-12-08,Onion,Rajpura,3550.0
2023-12-09,Onion,Rajpura,3300.0
2023-12-10,Onion,Rajpura,3200.0
2023-12-12,Onion,Rajpura,3000.0
2023-12-14,Onion,Rajpura,3000.0
2023-12-15,Onion,Rajpura,2800.0
2023-12-16,Onion,Rajpura,3000.0
2023-12-17,Onion,Rajpura,2400.0
2023-12-18,Onion,Rajpura,2200.0
2023-12-19,Onion,Rajpura,2350.0
2023-12-21,Onion,Rajpura,2100.0
2023-12-22,Onion,Rajpura,2300.0
2023-12-23,Onion,Rajpura,2350.0
2023-12-24,Onion,Rajpura,2350.0
2023-12-26,Onion,Rajpura,2350.0
2023-12-27,Onion,Rajpura,2350.0
2023-12-28,Onion,Rajpura,2000.0
2023-12-29,Onion,Rajpura,2100.0
2023-12-30,Onion,Rajpura,2300.0
2023-12-31,Onion,Rajpura,1900.0
2024-01-02,Onion,Rajpura,2200.0
2024-01-03,Onion,Rajpura,2000.0
2024-01-04,Onion,Rajpura,2100.0
2024-01-05,Onion,Rajpura,2000.0
2024-01-06,Onion,Rajpura,2250.0
2024-01-07,Onion,Rajpura,2150.0
2024-01-09,Onion,Rajpura,2250.0
2024-01-10,Onion,Rajpura,2000.0
2024-01-11,Onion,Rajpura,2000.0
2024-01-12,Onion,Rajpura,2200.0
2024-01-13,Onion,Rajpura,1900.0
2024-01-14,Onion,Rajpura,2000.0
2024-01-15,Onion,Rajpura,2100.0
2024-01-16,Onion,Rajpura,2150.0
2024-01-17,Onion,Rajpura,2100.0
2024-01-18,Onion,Rajpura,2150.0
2024-01-19,Onion,Rajpura,2000.0
2024-01-20,Onion,Rajpura,2000.0
2024-01-21,Onion,Rajpura,2000.0
2024-01-23,Onion,Rajpura,2000.0
2024-01-24,Onion,Rajpura,2000.0
2024-01-25,Onion,Rajpura,2000.0
2024-01-26,Onion,Rajpura,2000.0
2024-01-27,Onion,Rajpura,1900.0
2024-01-28,Onion,Rajpura,1800.0
2024-01-29,Onion,Rajpura,1600.0
2024-01-30,Onion,Rajpura,1500.0
2024-01-31,Onion,Rajpura,1400.0
2024-02-01,Onion,Rajpura,1500.0
2024-02-02,Onion,Rajpura,1400.0
2024-02-03,Onion,Rajpura,1400.0
2024-02-04,Onion,Rajpura,1400.0
2024-02-05,Onion,Rajpura,1350.0
2024-02-06,Onion,Rajpura,1300.0
2024-02-07,Onion,Rajpura,1350.0
2024-02-08,Onion,Rajpura,1300.0
2024-02-09,Onion,Rajpura,1300.0
2024-02-10,Onion,Rajpura,1200.0
2024-02-11,Onion,Rajpura,1300.0
2024-02-13,Onion,Rajpura,1300.0
2024-02-14,Onion,Rajpura,1300.0
2024-02-15,Onion,Rajpura,1300.0
2024-02-16,Onion,Rajpura,1300.0
2024-02-17,Onion,Rajpura,1250.0
2024-02-18,Onion,Rajpura,1350.0
2024-02-20,Onion,Rajpura,1450.0
2024-02-21,Onion,Rajpura,1500.0
2024-02-22,Onion,Rajpura,1500.0
2024-02-23,Onion,Rajpura,1500.0
2024-02-24,Onion,Rajpura,1400.0
2024-02-25,Onion,Rajpura,1550.0
2024-02-27,Onion,Rajpura,1550.0
2024-02-28,Onion,Rajpura,1500.0
2024-02-29,Onion,Rajpura,1500.0
2024-03-01,Onion,Rajpura,1500.0
2024-03-02,Onion,Rajpura,1500.0
2024-03-03,Onion,Rajpura,1550.0
2024-03-05,Onion,Rajpura,1650.0
2024-03-06,Onion,Rajpura,1550.0
2024-03-07,Onion,Rajpura,1500.0
2024-03-08,Onion,Rajpura,1450.0
2024-03-09,Onion,Rajpura,1500.0
2024-03-10,Onion,Rajpura,1500.0
2024-03-13,Onion,Rajpura,1900.0
2024-03-14,Onion,Rajpura,1600.0
2024-03-15,Onion,Rajpura,1800.0
2024-03-16,Onion,Rajpura,1650.0
2024-03-17,Onion,Rajpura,1650.0
2024-03-19,Onion,Rajpura,1600.0
2024-03-20,Onion,Rajpura,1600.0
2024-03-21,Onion,Rajpura,1550.0
2024-03-22,Onion,Rajpura,1650.0
2024-03-23,Onion,Rajpura,1600.0
2024-03-24,Onion,Rajpura,1600.0
2024-03-26,Onion,Rajpura,1550.0
2024-03-27,Onion,Rajpura,1550.0
2024-03-28,Onion,Rajpura,1550.0
2024-03-29,Onion,Rajpura,1500.0
2024-03-30,Onion,Rajpura,1500.0
2024-03-31,Onion,Rajpura,1550.0
2024-04-02,Onion,Rajpura,1600.0
2024-04-03,Onion,Rajpura,1400.0
2024-04-04,Onion,Rajpura,1500.0
2024-04-05,Onion,Rajpura,1600.0
2024-04-06,Onion,Rajpura,1500.0
2024-04-07,Onion,Rajpura,1500.0
2024-04-09,Onion,Rajpura,1500.0
2024-04-10,Onion,Rajpura,1490.0
2024-04-11,Onion,Rajpura,1500.0
2024-04-12,Onion,Rajpura,1460.0
2024-04-13,Onion,Rajpura,1500.0
2024-04-14,Onion,Rajpura,1500.0
2024-04-16,Onion,Rajpura,1450.0
2024-04-17,Onion,Rajpura,1450.0
2024-04-18,Onion,Rajpura,1600.0
2024-04-19,Onion,Rajpura,1500.0
2024-04-20,Onion,Rajpura,1500.0
2024-04-21,Onion,Rajpura,1400.0
2024-04-23,Onion,Rajpura,1500.0
2024-04-24,Onion,Rajpura,1500.0
2024-04-25,Onion,Rajpura,1600.0
2024-04-26,Onion,Rajpura,1600.0
2024-04-27,Onion,Rajpura,1550.0
2024-04-28,Onion,Rajpura,1550.0
2024-04-29,Onion,Rajpura,1550.0
2024-04-30,Onion,Rajpura,1600.0
2024-05-01,Onion,Rajpura,1850.0
2024-05-02,Onion,Rajpura,1500.0
2024-05-03,Onion,Rajpura,1550.0
2024-05-04,Onion,Rajpura,1550.0
2024-05-05,Onion,Rajpura,1550.0
2024-05-07,Onion,Rajpura,1650.0
2024-05-08,Onion,Rajpura,1550.0
2024-05-09,Onion,Rajpura,1600.0
2024-05-10,Onion,Rajpura,1550.0
2024-05-11,Onion,Rajpura,1300.0
2024-05-12,Onion,Rajpura,1400.0
2024-05-14,Onion,Rajpura,1400.0
2024-05-15,Onion,Rajpura,1650.0
2024-05-16,Onion,Rajpura,1500.0
2024-05-17,Onion,Rajpura,1450.0
2024-05-18,Onion,Rajpura,1500.0
2024-05-19,Onion,Rajpura,1400.0
2024-05-21,Onion,Rajpura,1500.0
2024-05-22,Onion,Rajpura,1700.0
2024-05-23,Onion,Rajpura,1500.0
2024-05-24,Onion,Rajpura,1550.0
2024-05-25,Onion,Rajpura,1700.0
2024-05-26,Onion,Rajpura,1600.0
2024-05-28,Onion,Rajpura,1600.0
2024-05-29,Onion,Rajpura,1550.0
2024-05-30,Onion,Rajpura,1650.0
2024-05-31,Onion,Rajpura,1700.0
2024-06-01,Onion,Rajpura,1600.0
2024-06-02,Onion,Rajpura,1550.0
2024-06-04,Onion,Rajpura,1700.0
2024-06-05,Onion,Rajpura,1850.0
2024-06-06,Onion,Rajpura,1650.0
2024-07-06,Onion,Rajpura,2600.0
2024-07-07,Onion,Rajpura,3000.0
2024-07-09,Onion,Rajpura,2890.0
2024-07-11,Onion,Rajpura,2700.0
2024-07-16,Onion,Rajpura,2700.0
2024-07-17,Onion,Rajpura,2900.0
2024-07-19,Onion,Rajpura,2900.0
2024-07-20,Onion,Rajpura,2800.0
2024-07-24,Onion,Rajpura,2850.0
2024-07-25,Onion,Rajpura,2900.0
2024-07-26,Onion,Rajpura,2600.0
2024-07-27,Onion,Rajpura,2700.0
2024-07-28,Onion,Rajpura,2700.0
2024-07-30,Onion,Rajpura,2600.0
2024-07-31,Onion,Rajpura,2700.0
2024-08-01,Onion,Rajpura,2700.0
2024-08-02,Onion,Rajpura,2700.0
2024-08-03,Onion,Rajpura,2700.0
2024-08-04,Onion,Rajpura,2800.0
2024-08-06,Onion,Rajpura,2800.0
2024-08-07,Onion,Rajpura,2750.0
2024-08-08,Onion,Rajpura,2700.0
2024-08-09,Onion,Rajpura,2700.0
2024-08-10,Onion,Rajpura,2700.0
2024-08-11,Onion,Rajpura,2600.0
2024-08-13,Onion,Rajpura,2900.0
2024-08-14,Onion,Rajpura,2850.0
2024-08-15,Onion,Rajpura,2800.0
2024-08-16,Onion,Rajpura,2850.0
2024-08-17,Onion,Rajpura,3400.0
2024-08-18,Onion,Rajpura,3300.0
2024-08-20,Onion,Rajpura,3200.0
2024-08-21,Onion,Rajpura,3100.0
2024-08-22,Onion,Rajpura,3450.0
2024-08-23,Onion,Rajpura,3200.0
2024-08-24,Onion,Rajpura,3500.0
2024-08-25,Onion,Rajpura,3300.0
2024-08-27,Onion,Rajpura,3300.0
2024-08-28,Onion,Rajpura,3500.0
2024-08-29,Onion,Rajpura,3700.0
2024-08-30,Onion,Rajpura,3600.0
2024-08-31,Onion,Rajpura,3500.0
2024-09-01,Onion,Rajpura,3700.0
2024-09-03,Onion,Rajpura,3500.0
2024-09-04,Onion,Rajpura,3800.0
2024-09-05,Onion,Rajpura,3500.0
2024-09-06,Onion,Rajpura,3500.0
2024-09-07,Onion,Rajpura,3700.0
2024-09-08,Onion,Rajpura,3700.0
2024-09-10,Onion,Rajpura,3850.0
2024-09-11,Onion,Rajpura,3700.0
2024-09-12,Onion,Rajpura,3800.0
2024-09-13,Onion,Rajpura,3700.0
2024-09-14,Onion,Rajpura,3800.0
2024-09-15,Onion,Rajpura,3800.0
2024-09-17,Onion,Rajpura,3890.0
2024-09-18,Onion,Rajpura,4200.0
2024-09-19,Onion,Rajpura,3900.0
2024-09-20,Onion,Rajpura,4300.0
2024-09-21,Onion,Rajpura,3600.0
2024-09-22,Onion,Rajpura,4000.0
2024-09-24,Onion,Rajpura,4200.0
2024-09-26,Onion,Rajpura,3850.0
2024-09-27,Onion,Rajpura,4500.0
2024-09-28,Onion,Rajpura,4500.0
2024-10-02,Onion,Rajpura,4500.0
2024-10-03,Onion,Rajpura,4200.0
2024-10-04,Onion,Rajpura,4300.0
2024-10-05,Onion,Rajpura,4200.0
2024-10-06,Onion,Rajpura,4300.0
2024-10-09,Onion,Rajpura,4400.0
2024-10-10,Onion,Rajpura,4100.0
2024-10-11,Onion,Rajpura,4200.0
2024-10-12,Onion,Rajpura,4000.0
2024-10-13,Onion,Rajpura,4000.0
2024-10-15,Onion,Rajpura,4000.0
2024-10-16,Onion,Rajpura,4000.0
2024-10-18,Onion,Rajpura,3900.0
2024-10-20,Onion,Rajpura,4000.0
2024-10-22,Onion,Rajpura,4000.0
2024-10-24,Onion,Rajpura,4100.0
2024-10-25,Onion,Rajpura,4000.0
2024-10-26,Onion,Rajpura,4000.0
2024-10-27,Onion,Rajpura,4000.0
2024-10-29,Onion,Rajpura,4000.0
2024-10-30,Onion,Rajpura,4000.0
2024-10-31,Onion,Rajpura,4000.0
2024-11-01,Onion,Rajpura,4000.0
2024-11-02,Onion,Rajpura,3950.0
2024-11-05,Onion,Rajpura,3800.0
2024-11-06,Onion,Rajpura,3800.0
2024-11-07,Onion,Rajpura,3800.0
2024-11-08,Onion,Rajpura,4000.0
2024-11-09,Onion,Rajpura,4500.0
2024-11-10,Onion,Rajpura,4800.0
2024-11-12,Onion,Rajpura,4500.0
2024-11-13,Onion,Rajpura,4400.0
2024-11-14,Onion,Rajpura,4000.0
2024-11-20,Onion,Rajpura,3850.0
2024-11-21,Onion,Rajpura,4000.0
2024-11-22,Onion,Rajpura,3800.0
2024-11-23,Onion,Rajpura,3900.0
2024-11-24,Onion,Rajpura,3850.0
2024-11-27,Onion,Rajpura,3850.0
2024-11-28,Onion,Rajpura,3600.0
2024-11-29,Onion,Rajpura,3300.0
2024-12-03,Onion,Rajpura,3600.0
2024-12-04,Onion,Rajpura,3850.0
2024-12-05,Onion,Rajpura,4000.0
2024-12-06,Onion,Rajpura,3850.0
2025-02-06,Onion,Rajpura,2100.0
2025-02-07,Onion,Rajpura,2000.0
2025-02-08,Onion,Rajpura,1900.0
2025-02-09,Onion,Rajpura,2300.0
2025-02-14,Onion,Rajpura,2000.0
2025-02-15,Onion,Rajpura,2000.0
2025-02-16,Onion,Rajpura,2100.0
2025-02-18,Onion,Rajpura,2000.0
2025-02-19,Onion,Rajpura,1900.0
2025-02-20,Onion,Rajpura,1900.0
2025-02-21,Onion,Rajpura,1950.0
2025-02-22,Onion,Rajpura,2000.0
2025-02-23,Onion,Rajpura,2000.0
2025-02-25,Onion,Rajpura,2000.0
2025-02-26,Onion,Rajpura,2000.0
2025-02-27,Onion,Rajpura,1900.0
2025-02-28,Onion,Rajpura,2000.0
2025-03-01,Onion,Rajpura,2000.0
2025-03-02,Onion,Rajpura,2500.0
2025-03-04,Onion,Rajpura,1900.0
2025-03-05,Onion,Rajpura,1800.0
2025-03-07,Onion,Rajpura,1900.0
2025-03-08,Onion,Rajpura,1900.0
2025-03-09,Onion,Rajpura,1850.0
2025-03-13,Onion,Rajpura,2300.0
2025-03-14,Onion,Rajpura,2400.0
2025-03-15,Onion,Rajpura,2200.0
2025-03-16,Onion,Rajpura,2300.0
2025-03-18,Onion,Rajpura,2200.0
2025-03-19,Onion,Rajpura,1950.0
2025-03-20,Onion,Rajpura,2200.0
2025-03-21,Onion,Rajpura,2300.0
2025-03-22,Onion,Rajpura,2100.0
2025-03-23,Onion,Rajpura,2100.0
2025-03-25,Onion,Rajpura,2200.0
2025-03-26,Onion,Rajpura,1900.0
2025-03-27,Onion,Rajpura,1800.0
2025-03-28,Onion,Rajpura,1900.0
2025-03-29,Onion,Rajpura,1850.0
2025-03-30,Onion,Rajpura,1700.0
2025-04-01,Onion,Rajpura,1700.0
2025-04-02,Onion,Rajpura,1700.0
2025-04-03,Onion,Rajpura,1700.0
2025-04-04,Onion,Rajpura,1550.0
2025-04-05,Onion,Rajpura,1550.0
2025-04-06,Onion,Rajpura,1600.0
2025-04-08,Onion,Rajpura,1600.0
2025-04-09,Onion,Rajpura,1500.0
2025-04-10,Onion,Rajpura,1600.0
2025-04-11,Onion,Rajpura,1400.0
2025-04-12,Onion,Rajpura,1550.0
2025-04-13,Onion,Rajpura,1500.0
2025-04-15,Onion,Rajpura,1700.0
2025-04-17,Onion,Rajpura,1700.0
2025-04-18,Onion,Rajpura,1600.0
2025-04-19,Onion,Rajpura,1600.0
2025-04-20,Onion,Rajpura,1600.0
2025-04-22,Onion,Rajpura,1400.0
2025-04-23,Onion,Rajpura,1400.0
2025-04-24,Onion,Rajpura,1300.0
2025-04-25,Onion,Rajpura,1200.0
2025-04-26,Onion,Rajpura,1200.0
2025-04-27,Onion,Rajpura,1200.0
2025-04-28,Onion,Rajpura,1300.0
2025-04-29,Onion,Rajpura,1200.0
2025-04-30,Onion,Rajpura,1050.0
2025-05-01,Onion,Rajpura,1080.0
2025-05-02,Onion,Rajpura,1100.0
2025-05-03,Onion,Rajpura,1100.0
2025-05-04,Onion,Rajpura,1100.0
2025-05-06,Onion,Rajpura,1100.0
2025-05-07,Onion,Rajpura,1050.0
2025-05-08,Onion,Rajpura,1100.0
2025-05-09,Onion,Rajpura,1100.0
2025-05-10,Onion,Rajpura,1050.0
2025-05-11,Onion,Rajpura,1100.0
2025-05-13,Onion,Rajpura,1000.0
2025-05-14,Onion,Rajpura,1050.0
2025-05-15,Onion,Rajpura,1000.0
2025-05-16,Onion,Rajpura,1050.0
2025-05-17,Onion,Rajpura,1100.0
2025-05-18,Onion,Rajpura,1050.0
2025-05-20,Onion,Rajpura,900.0
2025-05-21,Onion,Rajpura,950.0
2025-05-23,Onion,Rajpura,1000.0
2025-05-24,Onion,Rajpura,1050.0
2025-05-25,Onion,Rajpura,1000.0
2025-05-28,Onion,Rajpura,1050.0
2025-05-29,Onion,Rajpura,1050.0
2025-05-30,Onion,Rajpura,1040.0
2025-05-31,Onion,Rajpura,1150.0
2025-06-01,Onion,Rajpura,1050.0
2025-06-04,Onion,Rajpura,1050.0
2025-06-05,Onion,Rajpura,1050.0
2025-06-07,Onion,Rajpura,1050.0
2025-11-07,Onion,Rajpura,1650.0
2025-11-11,Onion,Rajpura,1600.0
2025-11-12,Onion,Rajpura,1700.0
2025-11-13,Onion,Rajpura,1650.0
2025-11-14,Onion,Rajpura,1500.0
2025-11-15,Onion,Rajpura,1500.0
2025-11-16,Onion,Rajpura,1400.0
2025-11-18,Onion,Rajpura,1400.0
2025-11-19,Onion,Rajpura,1500.0
2025-11-20,Onion,Rajpura,1500.0
2025-11-21,Onion,Rajpura,1400.0
2025-11-22,Onion,Rajpura,1450.0
2025-11-23,Onion,Rajpura,1500.0
2025-11-26,Onion,Rajpura,1500.0
2025-11-27,Onion,Rajpura,1400.0
2025-11-28,Onion,Rajpura,1400.0
2025-11-29,Onion,Rajpura,1400.0
2025-11-30,Onion,Rajpura,1400.0
2025-12-02,Onion,Rajpura,1300.0
2025-12-03,Onion,Rajpura,1400.0
2025-12-04,Onion,Rajpura,1490.0
2025-12-05,Onion,Rajpura,1400.0
2025-12-06,Onion,Rajpura,1300.0
2025-12-10,Onion,Rajpura,1200.0
2025-12-11,Onion,Rajpura,1300.0
2025-12-14,Onion,Rajpura,1300.0
2025-12-16,Onion,Rajpura,1300.0
2025-12-17,Onion,Rajpura,1300.0
2025-12-18,Onion,Rajpura,1200.0
2025-12-19,Onion,Rajpura,1300.0
2025-12-20,Onion,Rajpura,1350.0
2025-12-21,Onion,Rajpura,1300.0
2025-12-23,Onion,Rajpura,1400.0
2025-12-25,Onion,Rajpura,1300.0
2025-12-26,Onion,Rajpura,1250.0
2025-12-27,Onion,Rajpura,1100.0
2025-12-28,Onion,Rajpura,1150.0
2025-12-30,Onion,Rajpura,1300.0
2025-12-31,Onion,Rajpura,1200.0
2026-01-01,Onion,Rajpura,1350.0
2026-01-02,Onion,Rajpura,900.0
2026-01-03,Onion,Rajpura,1400.0
2026-01-04,Onion,Rajpura,1450.0
2026-01-06,Onion,Rajpura,1600.0
2026-01-07,Onion,Rajpura,1500.0
2026-01-08,Onion,Rajpura,1550.0
2026-01-09,Onion,Rajpura,1650.0
2026-01-10,Onion,Rajpura,1600.0
2026-01-11,Onion,Rajpura,1650.0
2026-01-13,Onion,Rajpura,1800.0
2026-01-14,Onion,Rajpura,1650.0
2026-01-15,Onion,Rajpura,600.0
2026-01-16,Onion,Rajpura,650.0
2026-01-17,Onion,Rajpura,600.0
2026-01-18,Onion,Rajpura,1650.0
2026-01-20,Onion,Rajpura,550.0
2026-01-21,Onion,Rajpura,1550.0
2026-01-22,Onion,Rajpura,600.0
2026-01-23,Onion,Rajpura,650.0
2026-01-24,Onion,Rajpura,1700.0
2026-01-25,Onion,Rajpura,1800.0
2026-01-27,Onion,Rajpura,1550.0
2026-01-28,Onion,Rajpura,650.0
2026-01-29,Onion,Rajpura,1650.0
2026-01-30,Onion,Rajpura,1650.0
2026-01-31,Onion,Rajpura,1600.0
2026-02-01,Onion,Rajpura,1650.0
2026-02-03,Onion,Rajpura,1600.0
2026-02-04,Onion,Rajpura,1600.0
2026-02-05,Onion,Rajpura,1550.0
2026-02-06,Onion,Rajpura,1600.0
2026-02-07,Onion,Rajpura,1650.0
2026-02-08,Onion,Rajpura,1600.0
2026-02-10,Onion,Rajpura,1650.0
2026-02-12,Onion,Rajpura,1600.0
2026-02-13,Onion,Rajpura,1650.0
2026-02-15,Onion,Rajpura,1600.0
2026-02-17,Onion,Rajpura,1690.0
2026-02-18,Onion,Rajpura,1650.0
2026-02-19,Onion,Rajpura,1650.0
2026-02-21,Onion,Rajpura,1600.0
2026-02-22,Onion,Rajpura,1600.0
2026-02-24,Onion,Rajpura,1680.0
2026-02-25,Onion,Rajpura,1600.0
2026-02-26,Onion,Rajpura,1550.0
2026-02-27,Onion,Rajpura,1700.0
2026-02-28,Onion,Rajpura,1750.0
2026-03-01,Onion,Rajpura,1650.0
2026-03-03,Onion,Rajpura,1600.0
2026-03-04,Onion,Rajpura,1650.0
2026-03-05,Onion,Rajpura,1700.0
2026-03-07,Onion,Rajpura,1800.0
2026-03-08,Onion,Rajpura,1750.0
2026-03-10,Onion,Rajpura,1800.0
2026-03-11,Onion,Rajpura,1750.0
2026-03-13,Onion,Rajpura,1800.0
2026-03-14,Onion,Rajpura,1650.0
2026-03-15,Onion,Rajpura,1800.0
2026-03-17,Onion,Rajpura,1750.0
2026-03-18,Onion,Rajpura,1850.0
2026-03-19,Onion,Rajpura,1680.0
2026-03-20,Onion,Rajpura,1700.0
2026-03-21,Onion,Rajpura,1750.0
2026-03-22,Onion,Rajpura,1750.0
2026-03-24,Onion,Rajpura,1650.0
2026-03-25,Onion,Rajpura,1650.0
2026-03-26,Onion,Rajpura,1700.0
2026-03-27,Onion,Rajpura,1650.0
2026-03-28,Onion,Rajpura,1700.0
2026-03-29,Onion,Rajpura,1650.0
2026-03-31,Onion,Rajpura,1650.0
2026-04-01,Onion,Rajpura,1800.0
2026-04-02,Onion,Rajpura,1650.0
2026-04-03,Onion,Rajpura,1650.0
2026-04-04,Onion,Rajpura,1680.0
2026-04-05,Onion,Rajpura,1600.0
2026-04-08,Onion,Rajpura,1700.0
2026-04-09,Onion,Rajpura,1650.0
2026-04-10,Onion,Rajpura,1680.0
2026-04-11,Onion,Rajpura,1690.0
2026-04-12,Onion,Rajpura,1600.0
2026-04-14,Onion,Rajpura,1690.0
2026-04-15,Onion,Rajpura,1600.0
2026-04-16,Onion,Rajpura,1650.0
2026-04-17,Onion,Rajpura,1680.0
2026-04-18,Onion,Rajpura,1600.0
2026-04-19,Onion,Rajpura,1680.0
2026-04-21,Onion,Rajpura,1700.0
2026-04-22,Onion,Rajpura,1650.0
2026-04-23,Onion,Rajpura,1500.0
2026-04-24,Onion,Rajpura,1400.0
2026-04-25,Onion,Rajpura,1450.0
2026-04-26,Onion,Rajpura,1500.0
2026-04-28,Onion,Rajpura,1600.0
2026-04-29,Onion,Rajpura,1500.0
2026-04-30,Onion,Rajpura,1480.0
2026-05-02,Onion,Rajpura,1450.0
2026-05-03,Onion,Rajpura,1500.0
2026-05-05,Onion,Rajpura,1500.0
2026-05-06,Onion,Rajpura,1500.0
2026-05-07,Onion,Rajpura,1450.0
2026-05-08,Onion,Rajpura,1550.0
2026-05-09,Onion,Rajpura,1600.0
2026-05-10,Onion,Rajpura,1550.0
2026-05-12,Onion,Rajpura,1500.0
2026-05-13,Onion,Rajpura,1500.0
2026-05-14,Onion,Rajpura,1450.0
2026-05-15,Onion,Rajpura,1500.0
2026-05-16,Onion,Rajpura,1400.0
2026-05-17,Onion,Rajpura,1400.0
2026-05-19,Onion,Rajpura,1500.0
2026-05-20,Onion,Rajpura,1500.0
2026-05-21,Onion,Rajpura,1450.0
2026-05-22,Onion,Rajpura,1500.0
2026-05-23,Onion,Rajpura,1500.0
2026-05-24,Onion,Rajpura,1500.0
2026-05-26,Onion,Rajpura,1500.0
2026-05-27,Onion,Rajpura,1550.0
2026-05-28,Onion,Rajpura,1400.0
2026-05-29,Onion,Rajpura,1500.0
2026-05-30,Onion,Rajpura,1500.0
2026-05-31,Onion,Rajpura,1550.0
2026-06-02,Onion,Rajpura,1400.0
2026-06-03,Onion,Rajpura,1450.0
2026-06-04,Onion,Rajpura,1550.0
2026-06-05,Onion,Rajpura,1400.0
2026-06-07,Onion,Rajpura,1350.0
2026-06-09,Onion,Rajpura,1400.0
2026-06-10,Onion,Rajpura,1350.0
2026-06-11,Onion,Rajpura,1400.0
2026-06-12,Onion,Rajpura,1450.0
2026-06-13,Onion,Rajpura,1450.0
2026-06-14,Onion,Rajpura,1550.0
2026-06-16,Onion,Rajpura,1400.0
2026-06-17,Onion,Rajpura,1300.0
2026-06-18,Onion,Rajpura,1600.0
2026-06-19,Onion,Rajpura,1600.0
2026-06-20,Onion,Rajpura,1400.0
2026-06-21,Onion,Rajpura,1650.0
2026-06-23,Onion,Rajpura,1500.0
2026-06-24,Onion,Rajpura,1700.0
2026-06-25,Onion,Rajpura,1450.0
2026-06-26,Onion,Rajpura,1400.0
2026-06-28,Onion,Rajpura,1450.0
2026-06-30,Onion,Rajpura,1450.0
2026-07-01,Onion,Rajpura,1650.0
2026-07-02,Onion,Rajpura,1800.0
2026-07-03,Onion,Rajpura,1600.0
2026-07-04,Onion,Rajpura,1500.0
2026-07-05,Onion,Rajpura,1450.0
2026-07-07,Onion,Rajpura,1800.0
2026-07-08,Onion,Rajpura,1500.0
2026-07-09,Onion,Rajpura,1700.0
2026-07-10,Onion,Rajpura,1350.0
2026-07-11,Onion,Rajpura,1440.0
2026-07-14,Onion,Rajpura,1700.0
2026-07-15,Onion,Rajpura,1700.0
2026-07-16,Onion,Rajpura,1700.0
2026-07-18,Onion,Rajpura,1700.0
2026-07-19,Onion,Rajpura,1750.0
2026-07-21,Onion,Rajpura,1500.0
2026-07-22,Onion,Rajpura,1600.0
2026-07-23,Onion,Rajpura,1700.0
2026-07-24,Onion,Rajpura,2650.0
2026-07-25,Onion,Rajpura,2900.0
2026-07-26,Onion,Rajpura,2800.0
2026-07-28,Onion,Rajpura,1800.0
2026-07-29,Onion,Rajpura,2800.0
2026-07-30,Onion,Rajpura,2800.0
2026-07-31,Onion,Rajpura,2700.0
2026-08-01,Onion,Rajpura,2600.0
2026-08-02,Onion,Rajpura,2750.0
2026-08-04,Onion,Rajpura,2750.0
2026-08-05,Onion,Rajpura,2800.0
2026-08-06,Onion,Rajpura,2750.0
2026-08-07,Onion,Rajpura,2550.0
2026-08-08,Onion,Rajpura,2700.0
2026-08-09,Onion,Rajpura,2600.0
2026-08-11,Onion,Rajpura,2650.0
2026-08-12,Onion,Rajpura,2400.0
2026-08-13,Onion,Rajpura,2700.0
2026-08-15,Onion,Rajpura,2600.0
2026-08-16,Onion,Rajpura,2300.0
2026-08-18,Onion,Rajpura,1800.0
2026-08-19,Onion,Rajpura,2600.0
2026-08-20,Onion,Rajpura,2650.0
2026-08-21,Onion,Rajpura,2600.0
2026-08-22,Onion,Rajpura,2700.0
2026-08-23,Onion,Rajpura,2600.0
2026-08-25,Onion,Rajpura,2700.0
2026-08-26,Onion,Rajpura,2600.0
2026-08-27,Onion,Rajpura,2600.0
2023-06-06,Onion,Rayya,1600.0
2023-06-07,Onion,Rayya,1600.0
2023-06-08,Onion,Rayya,1600.0
2023-06-09,Onion,Rayya,1500.0
2023-06-10,Onion,Rayya,1700.0
2023-06-12,Onion,Rayya,1600.0
2023-06-13,Onion,Rayya,1600.0
2023-06-14,Onion,Rayya,1500.0
2023-06-15,Onion,Rayya,1700.0
2023-06-16,Onion,Rayya,1600.0
2023-06-17,Onion,Rayya,1600.0
2023-06-19,Onion,Rayya,1600.0
2023-06-20,Onion,Rayya,1600.0
2023-06-21,Onion,Rayya,1600.0
2023-06-22,Onion,Rayya,1500.0
2023-06-23,Onion,Rayya,1600.0
2023-06-24,Onion,Rayya,1500.0
2023-06-26,Onion,Rayya,1600.0
2023-06-27,Onion,Rayya,1600.0
2023-06-28,Onion,Rayya,1500.0
2023-06-29,Onion,Rayya,1500.0
2023-06-30,Onion,Rayya,1600.0
2023-07-01,Onion,Rayya,1500.0
2023-07-03,Onion,Rayya,1500.0
2023-07-04,Onion,Rayya,1600.0
2023-07-05,Onion,Rayya,1600.0
2023-07-06,Onion,Rayya,1700.0
2023-07-07,Onion,Rayya,1600.0
2023-07-08,Onion,Rayya,1600.0
2023-07-10,Onion,Rayya,1600.0
2023-07-11,Onion,Rayya,1800.0
2023-07-12,Onion,Rayya,1800.0
2023-07-13,Onion,Rayya,2000.0
2023-07-14,Onion,Rayya,2000.0
2023-07-15,Onion,Rayya,2000.0
2023-07-17,Onion,Rayya,2000.0
2023-07-18,Onion,Rayya,2000.0
2023-07-19,Onion,Rayya,2200.0
2023-07-20,Onion,Rayya,2000.0
2023-07-21,Onion,Rayya,2000.0
2023-07-22,Onion,Rayya,1900.0
2023-07-24,Onion,Rayya,2000.0
2023-07-25,Onion,Rayya,2100.0
2023-07-26,Onion,Rayya,2000.0
2023-07-27,Onion,Rayya,2000.0
2023-07-28,Onion,Rayya,2000.0
2023-07-29,Onion,Rayya,2000.0
2023-07-31,Onion,Rayya,2000.0
2023-08-01,Onion,Rayya,2000.0
2023-08-02,Onion,Rayya,1900.0
2023-08-03,Onion,Rayya,2000.0
2023-08-05,Onion,Rayya,1800.0
2023-08-08,Onion,Rayya,1700.0
2023-08-09,Onion,Rayya,1800.0
2023-08-10,Onion,Rayya,1900.0
2023-08-11,Onion,Rayya,2000.0
2023-08-12,Onion,Rayya,1800.0
2023-08-14,Onion,Rayya,1800.0
2023-08-15,Onion,Rayya,1900.0
2023-08-16,Onion,Rayya,1700.0
2023-08-17,Onion,Rayya,1800.0
2023-08-18,Onion,Rayya,1800.0
2023-08-19,Onion,Rayya,1800.0
2023-08-21,Onion,Rayya,1800.0
2023-08-22,Onion,Rayya,1900.0
2023-08-25,Onion,Rayya,1800.0
2023-08-26,Onion,Rayya,1900.0
2023-08-28,Onion,Rayya,1800.0
2023-08-29,Onion,Rayya,1800.0
2023-08-30,Onion,Rayya,1800.0
2023-09-01,Onion,Rayya,1800.0
2023-09-02,Onion,Rayya,1800.0
2023-09-04,Onion,Rayya,1900.0
2023-09-06,Onion,Rayya,1900.0
2023-09-07,Onion,Rayya,1800.0
2023-09-08,Onion,Rayya,1800.0
2023-09-09,Onion,Rayya,2000.0
2023-09-11,Onion,Rayya,1900.0
2023-09-12,Onion,Rayya,1900.0
2023-09-13,Onion,Rayya,2100.0
2023-09-14,Onion,Rayya,2000.0
2023-09-15,Onion,Rayya,1900.0
2023-09-16,Onion,Rayya,1900.0
2023-09-18,Onion,Rayya,2100.0
2023-09-19,Onion,Rayya,2200.0
2023-09-20,Onion,Rayya,2100.0
2023-09-21,Onion,Rayya,2100.0
2023-09-22,Onion,Rayya,2100.0
2023-09-23,Onion,Rayya,2100.0
2023-09-25,Onion,Rayya,2000.0
2023-09-26,Onion,Rayya,2000.0
2023-09-27,Onion,Rayya,1900.0
2023-09-28,Onion,Rayya,2100.0
2023-09-29,Onion,Rayya,2100.0
2023-09-30,Onion,Rayya,2100.0
2023-10-02,Onion,Rayya,2100.0
2023-10-04,Onion,Rayya,2000.0
2023-10-05,Onion,Rayya,2100.0
2023-10-06,Onion,Rayya,2100.0
2023-10-07,Onion,Rayya,2100.0
2023-10-09,Onion,Rayya,2100.0
2023-10-10,Onion,Rayya,2100.0
2023-10-11,Onion,Rayya,2200.0
2023-10-12,Onion,Rayya,2200.0
2023-10-13,Onion,Rayya,2000.0
2023-10-14,Onion,Rayya,2100.0
2023-10-16,Onion,Rayya,2200.0
2023-10-17,Onion,Rayya,2200.0
2023-10-18,Onion,Rayya,2100.0
2023-10-19,Onion,Rayya,2100.0
2023-10-20,Onion,Rayya,2000.0
2023-10-21,Onion,Rayya,2100.0
2023-10-23,Onion,Rayya,2000.0
2023-10-24,Onion,Rayya,2200.0
2023-10-25,Onion,Rayya,2000.0
2023-10-26,Onion,Rayya,2000.0
2023-10-27,Onion,Rayya,2300.0
2023-10-28,Onion,Rayya,2000.0
2023-10-30,Onion,Rayya,2000.0
2023-10-31,Onion,Rayya,2000.0
2023-11-01,Onion,Rayya,2800.0
2023-11-02,Onion,Rayya,2800.0
2023-11-03,Onion,Rayya,3500.0
2023-11-04,Onion,Rayya,4200.0
2023-11-06,Onion,Rayya,4200.0
2023-11-07,Onion,Rayya,4500.0
2023-11-08,Onion,Rayya,4400.0
2023-11-09,Onion,Rayya,4600.0
2023-11-10,Onion,Rayya,4600.0
2023-11-11,Onion,Rayya,4800.0
2023-11-13,Onion,Rayya,4200.0
2023-11-14,Onion,Rayya,4500.0
2023-11-15,Onion,Rayya,4400.0
2023-11-16,Onion,Rayya,4100.0
2023-11-17,Onion,Rayya,4200.0
2023-11-18,Onion,Rayya,4100.0
2023-11-20,Onion,Rayya,4100.0
2023-11-21,Onion,Rayya,4200.0
2023-11-22,Onion,Rayya,4200.0
2023-11-23,Onion,Rayya,4000.0
2023-11-24,Onion,Rayya,4100.0
2023-11-25,Onion,Rayya,4200.0
2023-11-27,Onion,Rayya,4200.0
2023-11-29,Onion,Rayya,4200.0
2023-11-30,Onion,Rayya,4200.0
2023-12-01,Onion,Rayya,4300.0
2023-12-02,Onion,Rayya,4200.0
2023-12-04,Onion,Rayya,4200.0
2023-12-05,Onion,Rayya,4100.0
2023-12-06,Onion,Rayya,4100.0
2023-12-07,Onion,Rayya,4000.0
2023-12-08,Onion,Rayya,3500.0
2023-12-09,Onion,Rayya,4200.0
2023-12-11,Onion,Rayya,3500.0
2023-12-12,Onion,Rayya,4100.0
2023-12-14,Onion,Rayya,3800.0
2023-12-15,Onion,Rayya,4100.0
2023-12-16,Onion,Rayya,3900.0
2023-12-18,Onion,Rayya,4100.0
2023-12-19,Onion,Rayya,4000.0
2023-12-20,Onion,Rayya,3800.0
2023-12-21,Onion,Rayya,4000.0
2023-12-22,Onion,Rayya,3800.0
2023-12-23,Onion,Rayya,3800.0
2023-12-25,Onion,Rayya,4000.0
2023-12-26,Onion,Rayya,4000.0
2023-12-27,Onion,Rayya,3800.0
2023-12-28,Onion,Rayya,4000.0
2023-12-29,Onion,Rayya,3900.0
2023-12-30,Onion,Rayya,4100.0
2024-01-01,Onion,Rayya,3700.0
2024-01-02,Onion,Rayya,3600.0
2024-01-03,Onion,Rayya,3500.0
2024-01-04,Onion,Rayya,3500.0
2024-01-05,Onion,Rayya,3200.0
2024-01-06,Onion,Rayya,3200.0
2024-01-08,Onion,Rayya,3200.0
2024-01-09,Onion,Rayya,3200.0
2024-01-10,Onion,Rayya,3000.0
2024-01-11,Onion,Rayya,3000.0
2024-01-12,Onion,Rayya,3200.0
2024-01-13,Onion,Rayya,3400.0
2024-01-15,Onion,Rayya,3200.0
2024-01-16,Onion,Rayya,3200.0
2024-01-17,Onion,Rayya,3000.0
2024-01-18,Onion,Rayya,3000.0
2024-01-19,Onion,Rayya,3000.0
2024-01-20,Onion,Rayya,3000.0
2024-01-22,Onion,Rayya,2800.0
2024-01-23,Onion,Rayya,2900.0
2024-01-24,Onion,Rayya,2700.0
2024-01-25,Onion,Rayya,2800.0
2024-01-26,Onion,Rayya,2900.0
2024-01-27,Onion,Rayya,2800.0
2024-01-29,Onion,Rayya,2600.0
2024-01-30,Onion,Rayya,2500.0
2024-01-31,Onion,Rayya,2500.0
2024-02-01,Onion,Rayya,2700.0
2024-02-02,Onion,Rayya,2500.0
2024-02-03,Onion,Rayya,2600.0
2024-02-05,Onion,Rayya,2500.0
2024-02-06,Onion,Rayya,2500.0
2024-02-07,Onion,Rayya,2600.0
2024-02-08,Onion,Rayya,2400.0
2024-02-09,Onion,Rayya,2400.0
2024-02-10,Onion,Rayya,2400.0
2024-02-12,Onion,Rayya,2200.0
2024-02-13,Onion,Rayya,2300.0
2024-02-14,Onion,Rayya,2200.0
2024-02-15,Onion,Rayya,2100.0
2024-02-16,Onion,Rayya,2200.0
2024-02-17,Onion,Rayya,2200.0
2024-02-19,Onion,Rayya,2100.0
2024-02-20,Onion,Rayya,2100.0
2024-02-21,Onion,Rayya,2100.0
2024-02-22,Onion,Rayya,2100.0
2024-02-23,Onion,Rayya,2000.0
2024-02-24,Onion,Rayya,2000.0
2024-02-26,Onion,Rayya,2000.0
2024-02-27,Onion,Rayya,2000.0
2024-02-28,Onion,Rayya,2100.0
2024-02-29,Onion,Rayya,2200.0
2024-03-01,Onion,Rayya,1900.0
2024-03-04,Onion,Rayya,1700.0
2024-03-05,Onion,Rayya,1800.0
2024-03-07,Onion,Rayya,1800.0
2024-03-11,Onion,Rayya,1800.0
2024-03-12,Onion,Rayya,1600.0
2024-03-13,Onion,Rayya,1800.0
2024-03-15,Onion,Rayya,1700.0
2024-03-16,Onion,Rayya,1600.0
2024-03-18,Onion,Rayya,1700.0
2024-03-20,Onion,Rayya,1700.0
2024-03-21,Onion,Rayya,1600.0
2024-03-22,Onion,Rayya,1700.0
2024-03-23,Onion,Rayya,1600.0
2024-03-25,Onion,Rayya,1600.0
2024-03-26,Onion,Rayya,1600.0
2024-03-27,Onion,Rayya,1600.0
2024-03-28,Onion,Rayya,1600.0
2024-03-29,Onion,Rayya,1600.0
2024-03-30,Onion,Rayya,1600.0
2024-04-01,Onion,Rayya,1600.0
2024-04-02,Onion,Rayya,1600.0
2024-04-03,Onion,Rayya,1700.0
2024-04-04,Onion,Rayya,1700.0
2024-04-05,Onion,Rayya,1600.0
2024-04-06,Onion,Rayya,1500.0
2024-04-08,Onion,Rayya,1600.0
2024-04-09,Onion,Rayya,1600.0
2024-04-10,Onion,Rayya,1600.0
2024-04-11,Onion,Rayya,1600.0
2024-04-13,Onion,Rayya,1600.0
2024-04-15,Onion,Rayya,1600.0
2024-04-16,Onion,Rayya,1700.0
2024-04-17,Onion,Rayya,1700.0
2024-04-18,Onion,Rayya,1600.0
2024-04-19,Onion,Rayya,1700.0
2024-04-20,Onion,Rayya,1600.0
2024-04-22,Onion,Rayya,1600.0
2024-04-23,Onion,Rayya,1700.0
2024-04-24,Onion,Rayya,1700.0
2024-04-25,Onion,Rayya,1600.0
2024-04-26,Onion,Rayya,1600.0
2024-04-27,Onion,Rayya,1700.0
2024-04-29,Onion,Rayya,1500.0
2024-04-30,Onion,Rayya,1500.0
2024-05-01,Onion,Rayya,1600.0
2024-05-02,Onion,Rayya,1600.0
2024-05-03,Onion,Rayya,1600.0
2024-05-04,Onion,Rayya,1600.0
2024-05-06,Onion,Rayya,1500.0
2024-05-07,Onion,Rayya,1600.0
2024-05-08,Onion,Rayya,1600.0
2024-05-09,Onion,Rayya,1500.0
2024-05-10,Onion,Rayya,1500.0
2024-05-11,Onion,Rayya,1600.0
2024-05-13,Onion,Rayya,1600.0
2024-05-14,Onion,Rayya,1500.0
2024-05-15,Onion,Rayya,1500.0
2024-05-16,Onion,Rayya,1600.0
2024-05-17,Onion,Rayya,1600.0
2024-05-18,Onion,Rayya,1600.0
2024-05-20,Onion,Rayya,1700.0
2024-05-22,Onion,Rayya,1500.0
2024-05-23,Onion,Rayya,1600.0
2024-05-24,Onion,Rayya,1600.0
2024-05-25,Onion,Rayya,1600.0
2024-05-27,Onion,Rayya,1600.0
2024-05-28,Onion,Rayya,1600.0
2024-05-29,Onion,Rayya,1600.0
2024-05-30,Onion,Rayya,1600.0
2024-06-03,Onion,Rayya,1600.0
2024-06-04,Onion,Rayya,1500.0
2024-06-05,Onion,Rayya,1600.0
2024-06-06,Onion,Rayya,1600.0
2024-07-06,Onion,Rayya,3000.0
2024-07-08,Onion,Rayya,2800.0
2024-07-10,Onion,Rayya,3100.0
2024-07-11,Onion,Rayya,2900.0
2024-07-13,Onion,Rayya,2800.0
2024-07-15,Onion,Rayya,3000.0
2024-07-16,Onion,Rayya,3200.0
2024-07-17,Onion,Rayya,3200.0
2024-07-18,Onion,Rayya,3100.0
2024-07-19,Onion,Rayya,3100.0
2024-07-20,Onion,Rayya,3000.0
2024-07-22,Onion,Rayya,3200.0
2024-07-24,Onion,Rayya,3200.0
2024-07-25,Onion,Rayya,3000.0
2024-07-26,Onion,Rayya,3200.0
2024-07-29,Onion,Rayya,3200.0
2024-07-30,Onion,Rayya,3200.0
2024-07-31,Onion,Rayya,3200.0
2024-08-02,Onion,Rayya,3200.0
2024-08-03,Onion,Rayya,3200.0
2024-08-05,Onion,Rayya,3000.0
2024-08-06,Onion,Rayya,2900.0
2024-08-07,Onion,Rayya,3000.0
2024-08-08,Onion,Rayya,3000.0
2024-08-10,Onion,Rayya,3000.0
2024-08-12,Onion,Rayya,3200.0
2024-08-13,Onion,Rayya,3000.0
2024-08-14,Onion,Rayya,2800.0
2024-08-15,Onion,Rayya,3000.0
2024-08-16,Onion,Rayya,3500.0
2024-08-17,Onion,Rayya,2800.0
2024-08-18,Onion,Rayya,2900.0
2024-08-19,Onion,Rayya,3200.0
2024-08-20,Onion,Rayya,3200.0
2024-08-21,Onion,Rayya,3000.0
2024-08-22,Onion,Rayya,3200.0
2024-08-23,Onion,Rayya,3200.0
2024-08-24,Onion,Rayya,3200.0
2024-08-26,Onion,Rayya,3200.0
2024-08-27,Onion,Rayya,3200.0
2024-08-28,Onion,Rayya,3000.0
2024-08-29,Onion,Rayya,3100.0
2024-08-30,Onion,Rayya,3200.0
2024-08-31,Onion,Rayya,3000.0
2024-09-02,Onion,Rayya,2800.0
2024-09-03,Onion,Rayya,3000.0
2024-09-04,Onion,Rayya,3000.0
2024-09-05,Onion,Rayya,3500.0
2024-09-07,Onion,Rayya,3200.0
2024-09-13,Onion,Rayya,3500.0
2024-09-14,Onion,Rayya,3000.0
2024-09-16,Onion,Rayya,2900.0
2024-09-17,Onion,Rayya,3200.0
2024-09-18,Onion,Rayya,3200.0
2024-09-19,Onion,Rayya,3100.0
2024-09-20,Onion,Rayya,3000.0
2024-09-21,Onion,Rayya,3000.0
2024-09-23,Onion,Rayya,2800.0
2024-09-24,Onion,Rayya,3000.0
2024-09-26,Onion,Rayya,3200.0
2024-09-27,Onion,Rayya,4500.0
2024-09-30,Onion,Rayya,3000.0
2024-10-02,Onion,Rayya,2800.0
2024-10-03,Onion,Rayya,3400.0
2024-10-04,Onion,Rayya,2900.0
2024-10-05,Onion,Rayya,3200.0
2024-10-07,Onion,Rayya,2900.0
2024-10-08,Onion,Rayya,3400.0
2024-10-09,Onion,Rayya,3000.0
2024-10-10,Onion,Rayya,2800.0
2024-10-11,Onion,Rayya,3200.0
2024-10-12,Onion,Rayya,3600.0
2024-10-15,Onion,Rayya,4000.0
2024-10-16,Onion,Rayya,3500.0
2024-10-17,Onion,Rayya,4000.0
2024-10-18,Onion,Rayya,3500.0
2024-10-19,Onion,Rayya,3800.0
2024-10-21,Onion,Rayya,3800.0
2024-10-22,Onion,Rayya,4000.0
2024-10-24,Onion,Rayya,4200.0
2024-10-25,Onion,Rayya,4200.0
2024-10-26,Onion,Rayya,4200.0
2024-10-28,Onion,Rayya,3800.0
2024-10-29,Onion,Rayya,4200.0
2024-10-30,Onion,Rayya,4000.0
2024-10-31,Onion,Rayya,4200.0
2024-11-01,Onion,Rayya,4500.0
2024-11-02,Onion,Rayya,3800.0
2024-11-06,Onion,Rayya,4800.0
2024-11-07,Onion,Rayya,4200.0
2024-11-09,Onion,Rayya,4700.0
2024-11-11,Onion,Rayya,4800.0
2024-11-12,Onion,Rayya,4800.0
2024-11-13,Onion,Rayya,4500.0
2024-11-19,Onion,Rayya,4800.0
2024-11-20,Onion,Rayya,4500.0
2024-11-22,Onion,Rayya,4800.0
2024-11-23,Onion,Rayya,4900.0
2024-11-25,Onion,Rayya,4800.0
2024-11-26,Onion,Rayya,4200.0
2024-11-27,Onion,Rayya,4200.0
2024-11-28,Onion,Rayya,4500.0
2024-11-29,Onion,Rayya,4200.0
2024-11-30,Onion,Rayya,4300.0
2024-12-02,Onion,Rayya,4200.0
2024-12-03,Onion,Rayya,4500.0
2024-12-04,Onion,Rayya,4200.0
2024-12-05,Onion,Rayya,4500.0
2024-12-06,Onion,Rayya,4500.0
2025-02-06,Onion,Rayya,3400.0
2025-02-07,Onion,Rayya,2500.0
2025-02-08,Onion,Rayya,2800.0
2025-02-10,Onion,Rayya,2500.0
2025-02-11,Onion,Rayya,2400.0
2025-02-12,Onion,Rayya,2500.0
2025-02-13,Onion,Rayya,2600.0
2025-02-14,Onion,Rayya,2450.0
2025-02-15,Onion,Rayya,2450.0
2025-02-17,Onion,Rayya,2350.0
2025-02-18,Onion,Rayya,2550.0
2025-02-19,Onion,Rayya,2550.0
2025-02-20,Onion,Rayya,2700.0
2025-02-22,Onion,Rayya,2700.0
2025-02-24,Onion,Rayya,2600.0
2025-02-25,Onion,Rayya,2500.0
2025-02-26,Onion,Rayya,3100.0
2025-02-27,Onion,Rayya,1800.0
2025-02-28,Onion,Rayya,3000.0
2025-03-01,Onion,Rayya,3200.0
2025-03-03,Onion,Rayya,2550.0
2025-03-04,Onion,Rayya,2550.0
2025-03-05,Onion,Rayya,3200.0
2025-03-07,Onion,Rayya,2550.0
2025-03-10,Onion,Rayya,3200.0
2025-03-11,Onion,Rayya,2600.0
2025-03-12,Onion,Rayya,3300.0
2025-03-13,Onion,Rayya,2550.0
2025-03-14,Onion,Rayya,2450.0
2025-03-15,Onion,Rayya,2400.0
2025-03-17,Onion,Rayya,2500.0
2025-03-18,Onion,Rayya,2450.0
2025-03-19,Onion,Rayya,2550.0
2025-03-20,Onion,Rayya,2500.0
2025-03-21,Onion,Rayya,3200.0
2025-03-22,Onion,Rayya,2450.0
2025-03-24,Onion,Rayya,2500.0
2025-03-25,Onion,Rayya,2450.0
2025-03-26,Onion,Rayya,3200.0
2025-03-27,Onion,Rayya,2450.0
2025-03-28,Onion,Rayya,2450.0
2025-03-29,Onion,Rayya,2500.0
2025-03-30,Onion,Rayya,2450.0
2025-03-31,Onion,Rayya,2450.0
2025-04-02,Onion,Rayya,2300.0
2025-04-03,Onion,Rayya,2450.0
2025-04-04,Onion,Rayya,2400.0
2025-04-05,Onion,Rayya,1800.0
2025-04-07,Onion,Rayya,2350.0
2025-04-08,Onion,Rayya,2300.0
2025-04-09,Onion,Rayya,2350.0
2025-04-10,Onion,Rayya,1800.0
2025-04-11,Onion,Rayya,2150.0
2025-04-16,Onion,Rayya,1700.0
2025-04-17,Onion,Rayya,2300.0
2025-04-18,Onion,Rayya,2400.0
2025-04-19,Onion,Rayya,2500.0
2025-04-21,Onion,Rayya,1950.0
2025-04-22,Onion,Rayya,1800.0
2025-04-23,Onion,Rayya,1950.0
2025-04-24,Onion,Rayya,2050.0
2025-04-25,Onion,Rayya,1950.0
2025-04-26,Onion,Rayya,1850.0
2025-04-28,Onion,Rayya,1850.0
2025-04-29,Onion,Rayya,1950.0
2025-04-30,Onion,Rayya,2000.0
2025-05-01,Onion,Rayya,1850.0
2025-05-02,Onion,Rayya,1900.0
2025-05-03,Onion,Rayya,1800.0
2025-05-05,Onion,Rayya,2000.0
2025-05-06,Onion,Rayya,2100.0
2025-05-07,Onion,Rayya,2000.0
2025-05-08,Onion,Rayya,2400.0
2025-05-09,Onion,Rayya,2250.0
2025-05-10,Onion,Rayya,2250.0
2025-05-12,Onion,Rayya,2100.0
2025-05-13,Onion,Rayya,2100.0
2025-05-14,Onion,Rayya,1850.0
2025-05-15,Onion,Rayya,2000.0
2025-05-16,Onion,Rayya,1950.0
2025-05-17,Onion,Rayya,1800.0
2025-05-19,Onion,Rayya,1800.0
2025-05-20,Onion,Rayya,1800.0
2025-05-21,Onion,Rayya,1800.0
2025-05-22,Onion,Rayya,1800.0
2025-05-23,Onion,Rayya,1800.0
2025-05-26,Onion,Rayya,1800.0
2025-05-27,Onion,Rayya,1750.0
2025-05-28,Onion,Rayya,1800.0
2025-05-29,Onion,Rayya,1800.0
2025-05-30,Onion,Rayya,1800.0
2025-05-31,Onion,Rayya,1800.0
2025-06-02,Onion,Rayya,1800.0
2025-06-03,Onion,Rayya,1850.0
2025-06-04,Onion,Rayya,1850.0
2025-06-05,Onion,Rayya,1900.0
2025-06-06,Onion,Rayya,2000.0
2025-06-07,Onion,Rayya,1800.0
2025-06-09,Onion,Rayya,1800.0
2025-06-10,Onion,Rayya,1750.0
2025-06-11,Onion,Rayya,1750.0
2025-11-07,Onion,Rayya,2100.0
2025-11-08,Onion,Rayya,2000.0
2025-11-10,Onion,Rayya,1900.0
2025-11-11,Onion,Rayya,2000.0
2025-11-12,Onion,Rayya,2000.0
2025-11-13,Onion,Rayya,2000.0
2025-11-14,Onion,Rayya,1900.0
2025-11-15,Onion,Rayya,1900.0
2025-11-17,Onion,Rayya,1800.0
2025-11-18,Onion,Rayya,1800.0
2025-11-19,Onion,Rayya,1800.0
2025-11-20,Onion,Rayya,1700.0
2025-11-21,Onion,Rayya,1800.0
2025-11-22,Onion,Rayya,1800.0
2025-11-24,Onion,Rayya,1750.0
2025-11-25,Onion,Rayya,1700.0
2025-11-27,Onion,Rayya,1700.0
2025-11-28,Onion,Rayya,1700.0
2025-11-29,Onion,Rayya,1700.0
2025-12-01,Onion,Rayya,1600.0
2025-12-02,Onion,Rayya,1600.0
2025-12-03,Onion,Rayya,1600.0
2025-12-04,Onion,Rayya,1500.0
2025-12-05,Onion,Rayya,1600.0
2025-12-06,Onion,Rayya,1600.0
2025-12-08,Onion,Rayya,1500.0
2025-12-12,Onion,Rayya,1500.0
2025-12-13,Onion,Rayya,1490.0
2025-12-15,Onion,Rayya,1400.0
2025-12-16,Onion,Rayya,1480.0
2025-12-17,Onion,Rayya,1500.0
2025-12-18,Onion,Rayya,1435.0
2025-12-19,Onion,Rayya,1415.0
2025-12-20,Onion,Rayya,1420.0
2025-12-22,Onion,Rayya,1400.0
2025-12-23,Onion,Rayya,1415.0
2025-12-24,Onion,Rayya,1420.0
2025-12-26,Onion,Rayya,1400.0
2025-12-31,Onion,Rayya,1400.0
2026-01-01,Onion,Rayya,1400.0
2026-01-02,Onion,Rayya,1400.0
2026-01-03,Onion,Rayya,1400.0
2026-01-05,Onion,Rayya,1400.0
2026-01-06,Onion,Rayya,1400.0
2026-01-07,Onion,Rayya,1390.0
2026-01-08,Onion,Rayya,1350.0
2026-01-09,Onion,Rayya,1350.0
2026-01-10,Onion,Rayya,1358.0
2026-01-11,Onion,Rayya,1350.0
2026-01-12,Onion,Rayya,1300.0
2026-01-13,Onion,Rayya,1350.0
2026-01-14,Onion,Rayya,1330.0
2026-01-15,Onion,Rayya,1310.0
2026-01-16,Onion,Rayya,1310.0
2026-01-17,Onion,Rayya,1320.0
2026-01-19,Onion,Rayya,1320.0
2026-01-20,Onion,Rayya,1315.0
2026-01-21,Onion,Rayya,1310.0
2026-01-22,Onion,Rayya,1280.0
2026-01-23,Onion,Rayya,1280.0
2026-01-24,Onion,Rayya,1300.0
2026-01-26,Onion,Rayya,1300.0
2026-01-27,Onion,Rayya,1280.0
2026-01-29,Onion,Rayya,1285.0
2026-01-30,Onion,Rayya,1280.0
2026-01-31,Onion,Rayya,1210.0
2026-02-02,Onion,Rayya,1250.0
2026-02-03,Onion,Rayya,1210.0
2026-02-04,Onion,Rayya,1240.0
2026-02-05,Onion,Rayya,1800.0
2026-02-06,Onion,Rayya,1240.0
2026-02-07,Onion,Rayya,1235.0
2026-02-09,Onion,Rayya,1210.0
2026-02-10,Onion,Rayya,1750.0
2026-02-11,Onion,Rayya,1215.0
2026-02-12,Onion,Rayya,1210.0
2026-02-13,Onion,Rayya,1210.0
2026-02-16,Onion,Rayya,1215.0
2026-02-17,Onion,Rayya,1200.0
2026-02-18,Onion,Rayya,1210.0
2026-02-19,Onion,Rayya,1200.0
2026-02-20,Onion,Rayya,1200.0
2026-02-21,Onion,Rayya,1200.0
2026-02-23,Onion,Rayya,1200.0
2026-02-24,Onion,Rayya,1200.0
2026-02-25,Onion,Rayya,1200.0
2026-02-26,Onion,Rayya,1195.0
2026-02-27,Onion,Rayya,1180.0
2026-02-28,Onion,Rayya,1180.0
2026-03-02,Onion,Rayya,1185.0
2026-03-03,Onion,Rayya,1185.0
2026-03-04,Onion,Rayya,1145.0
2026-03-05,Onion,Rayya,1170.0
2026-03-06,Onion,Rayya,1150.0
2026-03-07,Onion,Rayya,1150.0
2026-03-09,Onion,Rayya,1150.0
2026-03-10,Onion,Rayya,1100.0
2026-03-12,Onion,Rayya,1140.0
2026-03-13,Onion,Rayya,1125.0
2026-03-14,Onion,Rayya,1125.0
2026-03-16,Onion,Rayya,1120.0
2026-03-17,Onion,Rayya,1100.0
2026-03-18,Onion,Rayya,1120.0
2026-03-19,Onion,Rayya,1110.0
2026-03-20,Onion,Rayya,1100.0
2026-03-21,Onion,Rayya,1080.0
2026-03-24,Onion,Rayya,1100.0
2026-03-25,Onion,Rayya,1235.0
2026-03-26,Onion,Rayya,1245.0
2026-03-27,Onion,Rayya,1090.0
2026-03-28,Onion,Rayya,1210.0
2026-03-30,Onion,Rayya,1090.0
2026-03-31,Onion,Rayya,1230.0
2026-04-01,Onion,Rayya,1220.0
2026-04-02,Onion,Rayya,1210.0
2026-04-03,Onion,Rayya,1215.0
2026-04-04,Onion,Rayya,1220.0
2026-04-06,Onion,Rayya,1215.0
2026-04-07,Onion,Rayya,1210.0
2026-04-08,Onion,Rayya,1200.0
2026-04-09,Onion,Rayya,1210.0
2026-04-10,Onion,Rayya,1200.0
2026-04-11,Onion,Rayya,1200.0
2026-04-13,Onion,Rayya,1200.0
2026-04-14,Onion,Rayya,1195.0
2026-04-15,Onion,Rayya,1200.0
2026-04-16,Onion,Rayya,1190.0
2026-04-17,Onion,Rayya,1180.0
2026-04-18,Onion,Rayya,1165.0
2026-04-19,Onion,Rayya,1180.0
2026-04-20,Onion,Rayya,1150.0
2026-04-21,Onion,Rayya,1160.0
2026-04-22,Onion,Rayya,1150.0
2026-04-23,Onion,Rayya,1150.0
2026-04-24,Onion,Rayya,1150.0
2026-04-25,Onion,Rayya,1140.0
2026-04-27,Onion,Rayya,1140.0
2026-04-28,Onion,Rayya,1140.0
2026-04-29,Onion,Rayya,1125.0
2026-04-30,Onion,Rayya,1130.0
2026-05-01,Onion,Rayya,1125.0
2026-05-02,Onion,Rayya,1400.0
2026-05-03,Onion,Rayya,1120.0
2026-05-05,Onion,Rayya,1125.0
2026-05-06,Onion,Rayya,1180.0
2026-05-07,Onion,Rayya,1120.0
2026-05-09,Onion,Rayya,1128.0
2026-05-13,Onion,Rayya,1280.0
2026-05-14,Onion,Rayya,1125.0
2026-05-18,Onion,Rayya,1125.0
2026-05-19,Onion,Rayya,1120.0
2026-05-20,Onion,Rayya,1120.0
2026-05-21,Onion,Rayya,1125.0
2026-05-23,Onion,Rayya,1115.0
2026-05-25,Onion,Rayya,1215.0
2026-05-26,Onion,Rayya,1115.0
2026-05-27,Onion,Rayya,1118.0
2026-05-28,Onion,Rayya,1190.0
2026-05-29,Onion,Rayya,1125.0
2026-05-30,Onion,Rayya,1120.0
2026-06-01,Onion,Rayya,1035.0
2026-06-02,Onion,Rayya,1125.0
2026-06-03,Onion,Rayya,1120.0
2026-06-04,Onion,Rayya,1328.0
2026-06-05,Onion,Rayya,1150.0
2026-06-06,Onion,Rayya,1150.0
2026-06-08,Onion,Rayya,1140.0
2026-06-09,Onion,Rayya,1155.0
2026-06-10,Onion,Rayya,1162.0
2026-06-11,Onion,Rayya,1168.0
2026-06-12,Onion,Rayya,1174.0
2026-06-13,Onion,Rayya,1155.0
2026-06-15,Onion,Rayya,1620.0
2026-06-16,Onion,Rayya,1752.0
2026-06-17,Onion,Rayya,1385.0
2026-06-18,Onion,Rayya,1524.0
2026-06-19,Onion,Rayya,1568.0
2026-06-20,Onion,Rayya,1565.0
2026-06-22,Onion,Rayya,1565.0
2026-06-23,Onion,Rayya,1154.0
2026-06-24,Onion,Rayya,1158.0
2026-06-26,Onion,Rayya,1158.0
2026-06-27,Onion,Rayya,1565.0
2026-06-29,Onion,Rayya,1362.0
2026-06-30,Onion,Rayya,1552.0
2026-07-01,Onion,Rayya,1554.0
2026-07-02,Onion,Rayya,1552.0
2026-07-03,Onion,Rayya,1558.0
2026-07-04,Onion,Rayya,1556.0
2026-07-06,Onion,Rayya,1551.0
2026-07-07,Onion,Rayya,1550.0
2026-07-08,Onion,Rayya,1550.0
2026-07-09,Onion,Rayya,1551.0
2026-07-10,Onion,Rayya,1550.0
2026-07-11,Onion,Rayya,1547.0
2026-07-13,Onion,Rayya,1546.0
2026-07-14,Onion,Rayya,1545.0
2026-07-15,Onion,Rayya,1545.0
2026-07-16,Onion,Rayya,1545.0
2026-07-17,Onion,Rayya,1544.0
2026-07-18,Onion,Rayya,1545.0
2026-07-20,Onion,Rayya,1542.0
2026-07-21,Onion,Rayya,1541.0
2026-07-22,Onion,Rayya,1540.0
2026-07-23,Onion,Rayya,1540.0
2026-07-24,Onion,Rayya,1540.0
2026-07-25,Onion,Rayya,1538.0
2026-07-27,Onion,Rayya,1535.0
2026-07-28,Onion,Rayya,1535.0
2026-07-29,Onion,Rayya,1135.0
2026-07-30,Onion,Rayya,1477.0
2026-07-31,Onion,Rayya,1468.0
2026-08-01,Onion,Rayya,1457.0
2026-08-03,Onion,Rayya,1445.0
2026-08-04,Onion,Rayya,1432.0
2026-08-06,Onion,Rayya,1420.0
2026-08-07,Onion,Rayya,1400.0
2026-08-08,Onion,Rayya,1438.0
2026-08-10,Onion,Rayya,1435.0
2026-08-11,Onion,Rayya,1430.0
2026-08-12,Onion,Rayya,1425.0
2026-08-13,Onion,Rayya,1421.0
2026-08-14,Onion,Rayya,1420.0
2026-08-15,Onion,Rayya,1420.0
2026-08-18,Onion,Rayya,1425.0
2026-08-19,Onion,Rayya,1420.0
2026-08-20,Onion,Rayya,1421.0
2026-08-21,Onion,Rayya,1420.0
2026-08-22,Onion,Rayya,1420.0
2026-08-24,Onion,Rayya,1417.0
2026-08-25,Onion,Rayya,1417.0
2026-08-26,Onion,Rayya,1420.0
2026-08-27,Onion,Rayya,1415.0
2026-08-28,Onion,Rayya,1417.0
2026-08-29,Onion,Rayya,1416.0
2023-06-07,Onion,Sahnewal,800.0
2023-06-09,Onion,Sahnewal,1600.0
2023-06-13,Onion,Sahnewal,1400.0
2023-06-16,Onion,Sahnewal,1500.0
2023-06-17,Onion,Sahnewal,1500.0
2023-06-20,Onion,Sahnewal,1600.0
2023-06-21,Onion,Sahnewal,1600.0
2023-06-22,Onion,Sahnewal,1600.0
2023-06-23,Onion,Sahnewal,1600.0
2023-06-24,Onion,Sahnewal,1600.0
2023-06-30,Onion,Sahnewal,1600.0
2023-07-07,Onion,Sahnewal,1600.0
2023-07-11,Onion,Sahnewal,1800.0
2023-07-12,Onion,Sahnewal,1800.0
2023-07-13,Onion,Sahnewal,1800.0
2023-07-14,Onion,Sahnewal,1800.0
2023-07-21,Onion,Sahnewal,1800.0
2023-07-22,Onion,Sahnewal,1800.0
2023-07-25,Onion,Sahnewal,1900.0
2023-07-26,Onion,Sahnewal,1800.0
2023-07-27,Onion,Sahnewal,1900.0
2023-07-28,Onion,Sahnewal,1900.0
2023-07-29,Onion,Sahnewal,1900.0
2023-08-01,Onion,Sahnewal,1800.0
2023-08-02,Onion,Sahnewal,2000.0
2023-08-04,Onion,Sahnewal,1600.0
2023-08-09,Onion,Sahnewal,1800.0
2023-08-11,Onion,Sahnewal,1800.0
2023-08-12,Onion,Sahnewal,1800.0
2023-08-15,Onion,Sahnewal,2400.0
2023-08-19,Onion,Sahnewal,2800.0
2023-08-22,Onion,Sahnewal,3000.0
2023-08-23,Onion,Sahnewal,3000.0
2023-08-24,Onion,Sahnewal,3000.0
2023-08-25,Onion,Sahnewal,2800.0
2023-08-26,Onion,Sahnewal,2800.0
2023-08-31,Onion,Sahnewal,2600.0
2023-09-02,Onion,Sahnewal,2500.0
2023-09-08,Onion,Sahnewal,2800.0
2023-09-13,Onion,Sahnewal,2500.0
2023-09-15,Onion,Sahnewal,2600.0
2023-09-16,Onion,Sahnewal,2500.0
2023-09-19,Onion,Sahnewal,2600.0
2023-09-20,Onion,Sahnewal,2600.0
2023-09-21,Onion,Sahnewal,2500.0
2023-09-22,Onion,Sahnewal,2600.0
2023-09-23,Onion,Sahnewal,2600.0
2023-09-28,Onion,Sahnewal,2500.0
2023-09-29,Onion,Sahnewal,2600.0
2023-09-30,Onion,Sahnewal,2500.0
2023-10-04,Onion,Sahnewal,2500.0
2023-10-06,Onion,Sahnewal,2600.0
2023-10-07,Onion,Sahnewal,2600.0
2023-10-11,Onion,Sahnewal,2500.0
2023-10-13,Onion,Sahnewal,2800.0
2023-10-14,Onion,Sahnewal,2500.0
2023-10-20,Onion,Sahnewal,2600.0
2023-10-23,Onion,Sahnewal,2700.0
2023-10-24,Onion,Sahnewal,2800.0
2023-10-25,Onion,Sahnewal,3000.0
2023-10-26,Onion,Sahnewal,3500.0
2023-10-27,Onion,Sahnewal,3500.0
2023-10-28,Onion,Sahnewal,3600.0
2023-11-03,Onion,Sahnewal,5000.0
2023-11-10,Onion,Sahnewal,3500.0
2023-11-11,Onion,Sahnewal,3800.0
2023-11-14,Onion,Sahnewal,4000.0
2023-11-17,Onion,Sahnewal,4500.0
2023-11-21,Onion,Sahnewal,4500.0
2023-11-22,Onion,Sahnewal,4200.0
2023-11-23,Onion,Sahnewal,4500.0
2023-11-24,Onion,Sahnewal,4500.0
2023-11-25,Onion,Sahnewal,4500.0
2023-12-01,Onion,Sahnewal,2500.0
2023-12-04,Onion,Sahnewal,4000.0
2023-12-08,Onion,Sahnewal,4500.0
2023-12-11,Onion,Sahnewal,3500.0
2023-12-15,Onion,Sahnewal,3500.0
2023-12-18,Onion,Sahnewal,2400.0
2023-12-21,Onion,Sahnewal,3500.0
2023-12-22,Onion,Sahnewal,3500.0
2023-12-23,Onion,Sahnewal,3300.0
2023-12-26,Onion,Sahnewal,2500.0
2023-12-28,Onion,Sahnewal,2400.0
2023-12-29,Onion,Sahnewal,2500.0
2023-12-30,Onion,Sahnewal,2500.0
2024-01-05,Onion,Sahnewal,3200.0
2024-01-12,Onion,Sahnewal,3200.0
2024-01-19,Onion,Sahnewal,2700.0
2024-01-23,Onion,Sahnewal,2700.0
2024-01-24,Onion,Sahnewal,2700.0
2024-01-25,Onion,Sahnewal,2700.0
2024-01-26,Onion,Sahnewal,2600.0
2024-01-31,Onion,Sahnewal,1900.0
2024-02-02,Onion,Sahnewal,2000.0
2024-02-09,Onion,Sahnewal,2100.0
2024-02-10,Onion,Sahnewal,2000.0
2024-02-13,Onion,Sahnewal,2000.0
2024-02-14,Onion,Sahnewal,1900.0
2024-02-15,Onion,Sahnewal,1800.0
2024-02-17,Onion,Sahnewal,1900.0
2024-02-19,Onion,Sahnewal,1600.0
2024-02-21,Onion,Sahnewal,2300.0
2024-02-24,Onion,Sahnewal,1900.0
2024-02-28,Onion,Sahnewal,2000.0
2024-02-29,Onion,Sahnewal,2000.0
2024-03-01,Onion,Sahnewal,2300.0
2024-03-02,Onion,Sahnewal,2400.0
2024-03-04,Onion,Sahnewal,2300.0
2024-03-05,Onion,Sahnewal,1800.0
2024-03-07,Onion,Sahnewal,2300.0
2024-03-08,Onion,Sahnewal,2000.0
2024-03-09,Onion,Sahnewal,3000.0
2024-03-12,Onion,Sahnewal,2600.0
2024-03-14,Onion,Sahnewal,2000.0
2024-03-15,Onion,Sahnewal,2100.0
2024-03-16,Onion,Sahnewal,2300.0
2024-03-18,Onion,Sahnewal,1800.0
2024-03-29,Onion,Sahnewal,2600.0
2024-04-03,Onion,Sahnewal,2500.0
2024-04-05,Onion,Sahnewal,2600.0
2024-04-11,Onion,Sahnewal,2000.0
2024-04-12,Onion,Sahnewal,2200.0
2024-04-15,Onion,Sahnewal,2000.0
2024-04-19,Onion,Sahnewal,2200.0
2024-04-25,Onion,Sahnewal,2000.0
2024-04-26,Onion,Sahnewal,2000.0
2024-04-29,Onion,Sahnewal,2000.0
2024-05-01,Onion,Sahnewal,2000.0
2024-05-03,Onion,Sahnewal,1400.0
2024-05-04,Onion,Sahnewal,2000.0
2024-05-06,Onion,Sahnewal,2000.0
2024-05-08,Onion,Sahnewal,1800.0
2024-05-10,Onion,Sahnewal,2200.0
2024-05-14,Onion,Sahnewal,1700.0
2024-05-15,Onion,Sahnewal,1400.0
2024-05-16,Onion,Sahnewal,1000.0
2024-05-18,Onion,Sahnewal,1400.0
2024-05-22,Onion,Sahnewal,1900.0
2024-05-24,Onion,Sahnewal,2000.0
2024-05-25,Onion,Sahnewal,2000.0
2024-05-27,Onion,Sahnewal,2000.0
2024-05-29,Onion,Sahnewal,2100.0
2024-05-31,Onion,Sahnewal,2000.0
2024-06-03,Onion,Sahnewal,2000.0
2024-06-05,Onion,Sahnewal,2000.0
2024-06-06,Onion,Sahnewal,2000.0
2024-07-06,Onion,Sahnewal,3500.0
2024-07-08,Onion,Sahnewal,3500.0
2024-07-10,Onion,Sahnewal,3500.0
2024-07-11,Onion,Sahnewal,3500.0
2024-07-12,Onion,Sahnewal,3500.0
2024-07-17,Onion,Sahnewal,3400.0
2024-07-19,Onion,Sahnewal,3400.0
2024-07-22,Onion,Sahnewal,3500.0
2024-07-24,Onion,Sahnewal,3500.0
2024-07-25,Onion,Sahnewal,3400.0
2024-07-26,Onion,Sahnewal,3400.0
2024-08-02,Onion,Sahnewal,3400.0
2024-08-07,Onion,Sahnewal,3200.0
2024-08-09,Onion,Sahnewal,3500.0
2024-08-13,Onion,Sahnewal,3300.0
2024-08-16,Onion,Sahnewal,3500.0
2024-08-17,Onion,Sahnewal,3600.0
2024-08-20,Onion,Sahnewal,3600.0
2024-08-21,Onion,Sahnewal,3800.0
2024-08-22,Onion,Sahnewal,3800.0
2024-08-23,Onion,Sahnewal,3600.0
2024-08-24,Onion,Sahnewal,4200.0
2024-08-30,Onion,Sahnewal,4200.0
2024-09-04,Onion,Sahnewal,4100.0
2024-09-06,Onion,Sahnewal,4300.0
2024-09-07,Onion,Sahnewal,4200.0
2024-09-11,Onion,Sahnewal,4300.0
2024-09-13,Onion,Sahnewal,4500.0
2024-09-18,Onion,Sahnewal,5000.0
2024-09-20,Onion,Sahnewal,5200.0
2024-09-24,Onion,Sahnewal,5200.0
2024-09-25,Onion,Sahnewal,5100.0
2024-09-26,Onion,Sahnewal,5000.0
2024-09-27,Onion,Sahnewal,5000.0
2024-09-28,Onion,Sahnewal,4800.0
2024-10-03,Onion,Sahnewal,4500.0
2024-10-05,Onion,Sahnewal,4600.0
2024-10-09,Onion,Sahnewal,4500.0
2024-10-11,Onion,Sahnewal,4800.0
2024-10-16,Onion,Sahnewal,4600.0
2024-10-17,Onion,Sahnewal,5000.0
2024-10-18,Onion,Sahnewal,5000.0
2024-10-19,Onion,Sahnewal,5000.0
2024-10-21,Onion,Sahnewal,5000.0
2024-10-22,Onion,Sahnewal,4600.0
2024-10-24,Onion,Sahnewal,4700.0
2024-10-25,Onion,Sahnewal,5000.0
2024-10-26,Onion,Sahnewal,4800.0
2024-10-28,Onion,Sahnewal,4800.0
2024-10-30,Onion,Sahnewal,4700.0
2024-10-31,Onion,Sahnewal,4800.0
2024-11-01,Onion,Sahnewal,4600.0
2024-11-04,Onion,Sahnewal,4200.0
2024-11-05,Onion,Sahnewal,4500.0
2024-11-06,Onion,Sahnewal,4500.0
2024-11-07,Onion,Sahnewal,4500.0
2024-11-08,Onion,Sahnewal,4500.0
2024-11-09,Onion,Sahnewal,4400.0
2024-11-12,Onion,Sahnewal,4300.0
2024-11-13,Onion,Sahnewal,4300.0
2024-11-15,Onion,Sahnewal,4300.0
2024-11-16,Onion,Sahnewal,4400.0
2024-11-19,Onion,Sahnewal,4500.0
2024-11-20,Onion,Sahnewal,4500.0
2024-11-21,Onion,Sahnewal,4500.0
2024-11-22,Onion,Sahnewal,4600.0
2024-11-23,Onion,Sahnewal,4500.0
2024-11-28,Onion,Sahnewal,3600.0
2024-11-29,Onion,Sahnewal,4500.0
2024-11-30,Onion,Sahnewal,4200.0
2024-12-02,Onion,Sahnewal,4300.0
2024-12-03,Onion,Sahnewal,4200.0
2024-12-05,Onion,Sahnewal,4600.0
2024-12-06,Onion,Sahnewal,4200.0
2025-02-07,Onion,Sahnewal,2800.0
2025-02-08,Onion,Sahnewal,2800.0
2025-02-10,Onion,Sahnewal,2800.0
2025-02-12,Onion,Sahnewal,2500.0
2025-02-13,Onion,Sahnewal,2600.0
2025-02-14,Onion,Sahnewal,3100.0
2025-02-15,Onion,Sahnewal,3000.0
2025-02-18,Onion,Sahnewal,3100.0
2025-02-19,Onion,Sahnewal,3000.0
2025-02-20,Onion,Sahnewal,3500.0
2025-02-21,Onion,Sahnewal,3500.0
2025-02-22,Onion,Sahnewal,3500.0
2025-02-27,Onion,Sahnewal,3500.0
2025-02-28,Onion,Sahnewal,3500.0
2025-03-01,Onion,Sahnewal,3500.0
2025-03-05,Onion,Sahnewal,2500.0
2025-03-07,Onion,Sahnewal,3000.0
2025-03-08,Onion,Sahnewal,2800.0
2025-03-10,Onion,Sahnewal,2800.0
2025-03-12,Onion,Sahnewal,2800.0
2025-03-14,Onion,Sahnewal,3000.0
2025-03-15,Onion,Sahnewal,3000.0
2025-03-17,Onion,Sahnewal,2800.0
2025-03-18,Onion,Sahnewal,2700.0
2025-03-20,Onion,Sahnewal,2800.0
2025-03-21,Onion,Sahnewal,2700.0
2025-03-24,Onion,Sahnewal,2800.0
2025-03-27,Onion,Sahnewal,2300.0
2025-03-28,Onion,Sahnewal,2700.0
2025-04-01,Onion,Sahnewal,2600.0
2025-04-03,Onion,Sahnewal,2400.0
2025-04-05,Onion,Sahnewal,2200.0
2025-04-07,Onion,Sahnewal,2300.0
2025-04-11,Onion,Sahnewal,2600.0
2025-04-14,Onion,Sahnewal,1000.0
2025-04-18,Onion,Sahnewal,2200.0
2025-04-21,Onion,Sahnewal,1800.0
2025-04-23,Onion,Sahnewal,1700.0
2025-04-24,Onion,Sahnewal,1700.0
2025-04-25,Onion,Sahnewal,1800.0
2025-04-28,Onion,Sahnewal,1600.0
2025-04-29,Onion,Sahnewal,1800.0
2025-04-30,Onion,Sahnewal,1800.0
2025-05-02,Onion,Sahnewal,1800.0
2025-05-05,Onion,Sahnewal,1500.0
2025-05-06,Onion,Sahnewal,1600.0
2025-05-09,Onion,Sahnewal,1900.0
2025-05-12,Onion,Sahnewal,1600.0
2025-05-16,Onion,Sahnewal,1600.0
2025-05-17,Onion,Sahnewal,1800.0
2025-05-20,Onion,Sahnewal,1700.0
2025-05-21,Onion,Sahnewal,1200.0
2025-05-23,Onion,Sahnewal,1300.0
2025-05-24,Onion,Sahnewal,1000.0
2025-05-26,Onion,Sahnewal,1500.0
2025-05-27,Onion,Sahnewal,1500.0
2025-05-28,Onion,Sahnewal,1500.0
2025-05-29,Onion,Sahnewal,1000.0
2025-05-30,Onion,Sahnewal,1600.0
2025-05-31,Onion,Sahnewal,1200.0
2025-06-04,Onion,Sahnewal,1400.0
2025-06-05,Onion,Sahnewal,1100.0
2025-06-06,Onion,Sahnewal,1600.0
2025-06-07,Onion,Sahnewal,1600.0
2025-06-10,Onion,Sahnewal,1500.0
2025-06-11,Onion,Sahnewal,1500.0
2025-11-07,Onion,Sahnewal,1800.0
2025-11-11,Onion,Sahnewal,1800.0
2025-11-13,Onion,Sahnewal,1800.0
2025-11-14,Onion,Sahnewal,1800.0
2025-11-19,Onion,Sahnewal,1500.0
2025-11-20,Onion,Sahnewal,1500.0
2025-11-21,Onion,Sahnewal,1800.0
2025-11-22,Onion,Sahnewal,1800.0
2025-11-25,Onion,Sahnewal,1500.0
2025-11-27,Onion,Sahnewal,1500.0
2025-11-28,Onion,Sahnewal,1800.0
2025-12-01,Onion,Sahnewal,1500.0
2025-12-03,Onion,Sahnewal,1800.0
2025-12-05,Onion,Sahnewal,1800.0
2025-12-06,Onion,Sahnewal,1600.0
2025-12-09,Onion,Sahnewal,2100.0
2025-12-11,Onion,Sahnewal,2000.0
2025-12-12,Onion,Sahnewal,1800.0
2025-12-13,Onion,Sahnewal,1800.0
2025-12-16,Onion,Sahnewal,2000.0
2025-12-18,Onion,Sahnewal,2000.0
2025-12-22,Onion,Sahnewal,2000.0
2025-12-23,Onion,Sahnewal,2800.0
2025-12-24,Onion,Sahnewal,2000.0
2025-12-25,Onion,Sahnewal,2600.0
2025-12-26,Onion,Sahnewal,2600.0
2025-12-30,Onion,Sahnewal,2500.0
2026-01-03,Onion,Sahnewal,2600.0
2026-01-05,Onion,Sahnewal,2200.0
2026-01-07,Onion,Sahnewal,2200.0
2026-01-08,Onion,Sahnewal,2000.0
2026-01-09,Onion,Sahnewal,2500.0
2026-01-10,Onion,Sahnewal,2500.0
2026-01-13,Onion,Sahnewal,2500.0
2026-01-16,Onion,Sahnewal,2600.0
2026-01-17,Onion,Sahnewal,2600.0
2026-01-20,Onion,Sahnewal,2000.0
2026-01-21,Onion,Sahnewal,2200.0
2026-01-22,Onion,Sahnewal,2000.0
2026-01-23,Onion,Sahnewal,2400.0
2026-01-24,Onion,Sahnewal,2400.0
2026-01-26,Onion,Sahnewal,2200.0
2026-01-28,Onion,Sahnewal,2300.0
2026-01-30,Onion,Sahnewal,2300.0
2026-02-02,Onion,Sahnewal,2200.0
2026-02-04,Onion,Sahnewal,2100.0
2026-02-05,Onion,Sahnewal,2000.0
2026-02-06,Onion,Sahnewal,2000.0
2026-02-07,Onion,Sahnewal,2000.0
2026-02-11,Onion,Sahnewal,2100.0
2026-02-13,Onion,Sahnewal,2300.0
2026-02-14,Onion,Sahnewal,2100.0
2026-02-17,Onion,Sahnewal,2200.0
2026-02-18,Onion,Sahnewal,2000.0
2026-02-19,Onion,Sahnewal,2100.0
2026-02-20,Onion,Sahnewal,2100.0
2026-02-21,Onion,Sahnewal,1800.0
2026-02-26,Onion,Sahnewal,2000.0
2026-02-28,Onion,Sahnewal,1700.0
2026-03-03,Onion,Sahnewal,2000.0
2026-03-04,Onion,Sahnewal,2000.0
2026-03-06,Onion,Sahnewal,2000.0
2026-03-07,Onion,Sahnewal,1800.0
2026-03-13,Onion,Sahnewal,2100.0
2026-03-19,Onion,Sahnewal,1800.0
2026-03-20,Onion,Sahnewal,1800.0
2026-03-21,Onion,Sahnewal,1800.0
2026-03-24,Onion,Sahnewal,1600.0
2026-03-25,Onion,Sahnewal,1800.0
2026-03-26,Onion,Sahnewal,1800.0
2026-03-27,Onion,Sahnewal,1800.0
2026-03-30,Onion,Sahnewal,1700.0
2026-04-01,Onion,Sahnewal,1700.0
2026-04-03,Onion,Sahnewal,1600.0
2026-04-04,Onion,Sahnewal,1700.0
2026-04-08,Onion,Sahnewal,1600.0
2026-04-09,Onion,Sahnewal,1700.0
2026-04-10,Onion,Sahnewal,1700.0
2026-04-13,Onion,Sahnewal,1700.0
2026-04-16,Onion,Sahnewal,1700.0
2026-04-17,Onion,Sahnewal,1800.0
2026-04-18,Onion,Sahnewal,1800.0
2026-04-20,Onion,Sahnewal,1800.0
2026-04-21,Onion,Sahnewal,1900.0
2026-04-22,Onion,Sahnewal,1900.0
2026-04-23,Onion,Sahnewal,1800.0
2026-04-24,Onion,Sahnewal,1900.0
2026-04-27,Onion,Sahnewal,1800.0
2026-04-28,Onion,Sahnewal,1800.0
2026-04-30,Onion,Sahnewal,1800.0
2026-05-01,Onion,Sahnewal,1800.0
2026-05-04,Onion,Sahnewal,1800.0
2026-05-07,Onion,Sahnewal,1800.0
2026-05-08,Onion,Sahnewal,1800.0
2026-05-09,Onion,Sahnewal,1800.0
2026-05-12,Onion,Sahnewal,1800.0
2026-05-14,Onion,Sahnewal,1900.0
2026-05-15,Onion,Sahnewal,1800.0
2026-05-18,Onion,Sahnewal,1800.0
2026-05-19,Onion,Sahnewal,1800.0
2026-05-20,Onion,Sahnewal,1800.0
2026-05-21,Onion,Sahnewal,1800.0
2026-05-22,Onion,Sahnewal,1800.0
2026-05-25,Onion,Sahnewal,1700.0
2026-05-26,Onion,Sahnewal,1800.0
2026-05-27,Onion,Sahnewal,1800.0
2026-05-28,Onion,Sahnewal,1700.0
2026-05-29,Onion,Sahnewal,1700.0
2026-05-30,Onion,Sahnewal,1800.0
2026-06-01,Onion,Sahnewal,1800.0
2026-06-05,Onion,Sahnewal,1800.0
2026-06-06,Onion,Sahnewal,2000.0
2026-06-08,Onion,Sahnewal,2000.0
2026-06-09,Onion,Sahnewal,2000.0
2026-06-12,Onion,Sahnewal,2000.0
2026-06-13,Onion,Sahnewal,2100.0
2026-06-16,Onion,Sahnewal,2000.0
2026-06-18,Onion,Sahnewal,2200.0
2026-06-19,Onion,Sahnewal,2200.0
2026-06-20,Onion,Sahnewal,2200.0
2026-06-22,Onion,Sahnewal,2100.0
2026-06-23,Onion,Sahnewal,2100.0
2026-06-24,Onion,Sahnewal,2200.0
2026-06-25,Onion,Sahnewal,2100.0
2026-06-26,Onion,Sahnewal,2200.0
2026-06-27,Onion,Sahnewal,2100.0
2026-06-29,Onion,Sahnewal,2600.0
2026-06-30,Onion,Sahnewal,2500.0
2026-07-01,Onion,Sahnewal,2600.0
2026-07-02,Onion,Sahnewal,2400.0
2026-07-03,Onion,Sahnewal,2600.0
2026-07-04,Onion,Sahnewal,2600.0
2026-07-07,Onion,Sahnewal,2600.0
2026-07-08,Onion,Sahnewal,2800.0
2026-07-10,Onion,Sahnewal,2800.0
2026-07-11,Onion,Sahnewal,2800.0
2026-07-14,Onion,Sahnewal,2800.0
2026-07-15,Onion,Sahnewal,2800.0
2026-07-16,Onion,Sahnewal,2800.0
2026-07-17,Onion,Sahnewal,2800.0
2026-07-20,Onion,Sahnewal,2700.0
2026-07-21,Onion,Sahnewal,2800.0
2026-07-22,Onion,Sahnewal,2800.0
2026-07-23,Onion,Sahnewal,2800.0
2026-07-24,Onion,Sahnewal,2900.0
2026-07-25,Onion,Sahnewal,2800.0
2026-07-27,Onion,Sahnewal,3000.0
2026-07-28,Onion,Sahnewal,3000.0
2026-07-29,Onion,Sahnewal,3000.0
2026-07-31,Onion,Sahnewal,3100.0
2026-08-01,Onion,Sahnewal,3200.0
2026-08-03,Onion,Sahnewal,3100.0
2026-08-04,Onion,Sahnewal,3000.0
2026-08-05,Onion,Sahnewal,3000.0
2026-08-06,Onion,Sahnewal,3100.0
2026-08-07,Onion,Sahnewal,3000.0
2026-08-08,Onion,Sahnewal,3000.0
2026-08-11,Onion,Sahnewal,3000.0
2026-08-12,Onion,Sahnewal,3000.0
2026-08-14,Onion,Sahnewal,3200.0
2026-08-15,Onion,Sahnewal,3100.0
2026-08-17,Onion,Sahnewal,3200.0
2026-08-18,Onion,Sahnewal,3100.0
2026-08-19,Onion,Sahnewal,3100.0
2026-08-20,Onion,Sahnewal,3200.0
2026-08-22,Onion,Sahnewal,4100.0
2026-08-24,Onion,Sahnewal,4300.0
2026-08-25,Onion,Sahnewal,4300.0
2026-08-26,Onion,Sahnewal,4200.0
2026-08-28,Onion,Sahnewal,4500.0
2023-06-06,Onion,Samana,1200.0
2023-06-09,Onion,Samana,1100.0
2023-06-12,Onion,Samana,1200.0
2023-06-18,Onion,Samana,1200.0
2023-06-22,Onion,Samana,1300.0
2023-06-23,Onion,Samana,1300.0
2023-06-25,Onion,Samana,1400.0
2023-07-03,Onion,Samana,2300.0
2023-07-18,Onion,Samana,2100.0
2023-07-23,Onion,Samana,2300.0
2023-08-01,Onion,Samana,1500.0
2023-08-02,Onion,Samana,1500.0
2023-08-03,Onion,Samana,1500.0
2023-08-17,Onion,Samana,2500.0
2023-08-30,Onion,Samana,2500.0
2023-09-04,Onion,Samana,1500.0
2023-09-06,Onion,Samana,2400.0
2023-09-08,Onion,Samana,2300.0
2023-09-10,Onion,Samana,2500.0
2023-09-23,Onion,Samana,2000.0
2023-09-24,Onion,Samana,1900.0
2023-09-28,Onion,Samana,2400.0
2023-10-11,Onion,Samana,2300.0
2023-10-12,Onion,Samana,2300.0
2023-10-17,Onion,Samana,2400.0
2023-10-21,Onion,Samana,3200.0
2023-10-22,Onion,Samana,2400.0
2023-10-27,Onion,Samana,3600.0
2023-10-29,Onion,Samana,4000.0
2023-11-11,Onion,Samana,3400.0
2023-11-13,Onion,Samana,3200.0
2023-11-17,Onion,Samana,3500.0
2023-11-18,Onion,Samana,3400.0
2023-11-22,Onion,Samana,4000.0
2023-11-25,Onion,Samana,3800.0
2023-11-27,Onion,Samana,4000.0
2023-12-01,Onion,Samana,3400.0
2023-12-03,Onion,Samana,3400.0
2023-12-07,Onion,Samana,3600.0
2023-12-08,Onion,Samana,3500.0
2023-12-10,Onion,Samana,3000.0
2023-12-11,Onion,Samana,3200.0
2023-12-15,Onion,Samana,2500.0
2023-12-18,Onion,Samana,2400.0
2023-12-28,Onion,Samana,2300.0
2024-01-05,Onion,Samana,1500.0
2024-01-07,Onion,Samana,1700.0
2024-01-08,Onion,Samana,1700.0
2024-01-15,Onion,Samana,2200.0
2024-01-16,Onion,Samana,1600.0
2024-01-19,Onion,Samana,1700.0
2024-01-22,Onion,Samana,2000.0
2024-01-30,Onion,Samana,2500.0
2024-02-01,Onion,Samana,1500.0
2024-02-04,Onion,Samana,1500.0
2024-02-06,Onion,Samana,1500.0
2024-02-10,Onion,Samana,1400.0
2024-02-11,Onion,Samana,2300.0
2024-02-16,Onion,Samana,2400.0
2024-02-21,Onion,Samana,1600.0
2024-02-24,Onion,Samana,1400.0
2024-03-01,Onion,Samana,1500.0
2024-03-03,Onion,Samana,1400.0
2024-03-08,Onion,Samana,1600.0
2024-03-18,Onion,Samana,1700.0
2024-03-21,Onion,Samana,2100.0
2024-03-23,Onion,Samana,2100.0
2024-03-25,Onion,Samana,2400.0
2024-03-26,Onion,Samana,2400.0
2024-03-30,Onion,Samana,2300.0
2024-04-01,Onion,Samana,2300.0
2024-04-05,Onion,Samana,2100.0
2024-04-08,Onion,Samana,2200.0
2024-04-14,Onion,Samana,2400.0
2024-04-15,Onion,Samana,2200.0
2024-04-21,Onion,Samana,2100.0
2024-04-23,Onion,Samana,2400.0
2024-04-30,Onion,Samana,2400.0
2024-05-03,Onion,Samana,2400.0
2024-05-04,Onion,Samana,2200.0
2024-05-05,Onion,Samana,2400.0
2024-05-10,Onion,Samana,2300.0
2024-05-13,Onion,Samana,2400.0
2024-05-17,Onion,Samana,2500.0
2024-05-27,Onion,Samana,2100.0
2024-05-28,Onion,Samana,2200.0
2024-05-29,Onion,Samana,2200.0
2024-06-01,Onion,Samana,2200.0
2024-07-06,Onion,Samana,2500.0
2024-07-07,Onion,Samana,2400.0
2024-07-16,Onion,Samana,3200.0
2024-07-17,Onion,Samana,3400.0
2024-07-19,Onion,Samana,3200.0
2024-07-23,Onion,Samana,3200.0
2024-07-24,Onion,Samana,3500.0
2024-07-26,Onion,Samana,1700.0
2024-08-09,Onion,Samana,3500.0
2024-08-12,Onion,Samana,3500.0
2024-08-14,Onion,Samana,3600.0
2024-08-17,Onion,Samana,3400.0
2024-08-23,Onion,Samana,3700.0
2024-08-26,Onion,Samana,3600.0
2024-08-27,Onion,Samana,3700.0
2024-08-28,Onion,Samana,4000.0
2024-09-01,Onion,Samana,4000.0
2024-09-14,Onion,Samana,4000.0
2024-09-22,Onion,Samana,4000.0
2024-09-26,Onion,Samana,3900.0
2024-09-27,Onion,Samana,3800.0
2024-10-11,Onion,Samana,4200.0
2024-10-13,Onion,Samana,4200.0
2024-10-17,Onion,Samana,4000.0
2024-10-28,Onion,Samana,4200.0
2024-10-29,Onion,Samana,4300.0
2024-11-12,Onion,Samana,3800.0
2024-11-13,Onion,Samana,4200.0
2024-11-14,Onion,Samana,4500.0
2024-11-17,Onion,Samana,4200.0
2024-11-20,Onion,Samana,4000.0
2024-11-22,Onion,Samana,4200.0
2024-11-25,Onion,Samana,4200.0
2024-11-29,Onion,Samana,4500.0
2024-12-06,Onion,Samana,4500.0
2025-02-09,Onion,Samana,2200.0
2025-02-13,Onion,Samana,2200.0
2025-02-14,Onion,Samana,3000.0
2025-02-21,Onion,Samana,3200.0
2025-02-23,Onion,Samana,3000.0
2025-02-25,Onion,Samana,3200.0
2025-03-15,Onion,Samana,3000.0
2025-03-27,Onion,Samana,1800.0
2025-03-28,Onion,Samana,1800.0
2025-03-29,Onion,Samana,1900.0
2025-03-31,Onion,Samana,2000.0
2025-04-01,Onion,Samana,2200.0
2025-04-02,Onion,Samana,1800.0
2025-04-03,Onion,Samana,3000.0
2025-04-04,Onion,Samana,2900.0
2025-04-05,Onion,Samana,2900.0
2025-04-09,Onion,Samana,1800.0
2025-04-16,Onion,Samana,1400.0
2025-04-17,Onion,Samana,2100.0
2025-04-21,Onion,Samana,1500.0
2025-04-22,Onion,Samana,2000.0
2025-04-23,Onion,Samana,1500.0
2025-04-24,Onion,Samana,1500.0
2025-04-25,Onion,Samana,1600.0
2025-04-26,Onion,Samana,1500.0
2025-04-28,Onion,Samana,1500.0
2025-04-29,Onion,Samana,1500.0
2025-04-30,Onion,Samana,1700.0
2025-05-01,Onion,Samana,1800.0
2025-05-02,Onion,Samana,1800.0
2025-05-05,Onion,Samana,1500.0
2025-05-06,Onion,Samana,1600.0
2025-05-07,Onion,Samana,1500.0
2025-05-08,Onion,Samana,1600.0
2025-05-09,Onion,Samana,1500.0
2025-05-10,Onion,Samana,1500.0
2025-05-12,Onion,Samana,1600.0
2025-05-13,Onion,Samana,1500.0
2025-05-14,Onion,Samana,1500.0
2025-05-15,Onion,Samana,1500.0
2025-05-16,Onion,Samana,1500.0
2025-05-17,Onion,Samana,1500.0
2025-05-19,Onion,Samana,1500.0
2025-05-20,Onion,Samana,1500.0
2025-05-21,Onion,Samana,1500.0
2025-05-22,Onion,Samana,1500.0
2025-05-23,Onion,Samana,1500.0
2025-05-24,Onion,Samana,1500.0
2025-05-26,Onion,Samana,1500.0
2025-05-27,Onion,Samana,1500.0
2025-05-28,Onion,Samana,1500.0
2025-05-29,Onion,Samana,1500.0
2025-05-30,Onion,Samana,1500.0
2025-05-31,Onion,Samana,1500.0
2025-06-02,Onion,Samana,1500.0
2025-06-03,Onion,Samana,1500.0
2025-06-04,Onion,Samana,1500.0
2025-06-06,Onion,Samana,1500.0
2025-06-07,Onion,Samana,1500.0
2025-06-09,Onion,Samana,1500.0
2026-04-16,Onion,Samana,1700.0
2026-04-17,Onion,Samana,1800.0
2026-04-18,Onion,Samana,1500.0
2026-04-20,Onion,Samana,900.0
2026-04-21,Onion,Samana,1600.0
2026-04-22,Onion,Samana,1000.0
2026-04-23,Onion,Samana,1600.0
2026-04-25,Onion,Samana,900.0
2026-04-27,Onion,Samana,1550.0
2026-04-28,Onion,Samana,1600.0
2026-04-29,Onion,Samana,1500.0
2026-04-30,Onion,Samana,1600.0
2026-05-01,Onion,Samana,1600.0
2026-05-02,Onion,Samana,1700.0
2026-05-04,Onion,Samana,1600.0
2026-05-05,Onion,Samana,1800.0
2026-05-06,Onion,Samana,2000.0
2026-05-07,Onion,Samana,1700.0
2026-05-08,Onion,Samana,1600.0
2026-05-09,Onion,Samana,1650.0
2026-05-11,Onion,Samana,1800.0
2026-05-12,Onion,Samana,1800.0
2026-05-13,Onion,Samana,2000.0
2026-05-15,Onion,Samana,1800.0
2026-05-16,Onion,Samana,1300.0
2026-05-18,Onion,Samana,1900.0
2026-05-19,Onion,Samana,1800.0
2026-05-20,Onion,Samana,1700.0
2026-05-21,Onion,Samana,2000.0
2026-05-22,Onion,Samana,1900.0
2026-05-23,Onion,Samana,1800.0
2026-05-26,Onion,Samana,1800.0
2026-05-27,Onion,Samana,1800.0
2026-05-28,Onion,Samana,1800.0
2026-05-29,Onion,Samana,1800.0
2026-05-30,Onion,Samana,1800.0
2026-06-01,Onion,Samana,1800.0
2026-06-02,Onion,Samana,1800.0
2026-06-03,Onion,Samana,1800.0
2026-06-04,Onion,Samana,1800.0
2026-06-05,Onion,Samana,1800.0
2026-06-06,Onion,Samana,1800.0
2026-06-08,Onion,Samana,1800.0
2026-06-09,Onion,Samana,1800.0
2026-06-10,Onion,Samana,1800.0
2026-06-11,Onion,Samana,1800.0
2026-06-12,Onion,Samana,1800.0
2026-06-13,Onion,Samana,1800.0
2026-06-15,Onion,Samana,1800.0
2026-06-16,Onion,Samana,1800.0
2026-06-17,Onion,Samana,1800.0
2026-06-18,Onion,Samana,1800.0
2026-06-19,Onion,Samana,1700.0
2026-06-20,Onion,Samana,1800.0
2026-06-22,Onion,Samana,1800.0
2026-06-23,Onion,Samana,1800.0
2026-06-24,Onion,Samana,1800.0
2026-06-25,Onion,Samana,1800.0
2026-06-26,Onion,Samana,1800.0
2026-06-27,Onion,Samana,1800.0
2026-06-29,Onion,Samana,1800.0
2026-06-30,Onion,Samana,1800.0
2026-07-01,Onion,Samana,1800.0
2026-07-02,Onion,Samana,1800.0
2026-07-03,Onion,Samana,2200.0
2026-07-04,Onion,Samana,2200.0
2026-07-06,Onion,Samana,1800.0
2026-07-07,Onion,Samana,1800.0
2026-07-08,Onion,Samana,1800.0
2026-07-09,Onion,Samana,1800.0
2026-07-10,Onion,Samana,1800.0
2026-07-11,Onion,Samana,1800.0
2026-07-13,Onion,Samana,1800.0
2026-07-14,Onion,Samana,1800.0
2026-07-15,Onion,Samana,1800.0
2026-07-16,Onion,Samana,1800.0
2026-07-17,Onion,Samana,1800.0
2026-07-18,Onion,Samana,1800.0
2026-07-20,Onion,Samana,1800.0
2026-07-21,Onion,Samana,1800.0
2026-07-22,Onion,Samana,1800.0
2026-07-23,Onion,Samana,1800.0
2026-07-24,Onion,Samana,1800.0
2026-07-25,Onion,Samana,1800.0
2026-07-27,Onion,Samana,1800.0
2026-07-28,Onion,Samana,1800.0
2026-07-29,Onion,Samana,1800.0
2026-07-31,Onion,Samana,1800.0
2026-08-01,Onion,Samana,1800.0
2026-08-03,Onion,Samana,1800.0
2026-08-04,Onion,Samana,1800.0
2026-08-05,Onion,Samana,1800.0
2026-08-06,Onion,Samana,1800.0
2026-08-07,Onion,Samana,1800.0
2026-08-08,Onion,Samana,1800.0
2026-08-10,Onion,Samana,1800.0
2026-08-11,Onion,Samana,1800.0
2026-08-12,Onion,Samana,1800.0
2026-08-13,Onion,Samana,1800.0
2026-08-14,Onion,Samana,1800.0
2026-08-15,Onion,Samana,1800.0
2026-08-17,Onion,Samana,1800.0
2026-08-18,Onion,Samana,1800.0
2026-08-19,Onion,Samana,1800.0
2026-08-20,Onion,Samana,1800.0
2026-08-21,Onion,Samana,1800.0
2026-08-22,Onion,Samana,1800.0
2026-08-24,Onion,Samana,1800.0
2026-08-25,Onion,Samana,1800.0
2026-08-26,Onion,Samana,1800.0
2026-08-27,Onion,Samana,1800.0
2023-06-06,Onion,Samrala,1500.0
2023-06-07,Onion,Samrala,1500.0
2023-06-08,Onion,Samrala,1500.0
2023-06-09,Onion,Samrala,1500.0
2023-06-10,Onion,Samrala,1500.0
2023-06-12,Onion,Samrala,1500.0
2023-06-13,Onion,Samrala,1500.0
2023-06-14,Onion,Samrala,1500.0
2023-06-15,Onion,Samrala,1500.0
2023-06-16,Onion,Samrala,1500.0
2023-06-17,Onion,Samrala,1500.0
2023-06-19,Onion,Samrala,1500.0
2023-06-20,Onion,Samrala,1500.0
2023-06-21,Onion,Samrala,1500.0
2023-06-22,Onion,Samrala,1500.0
2023-06-24,Onion,Samrala,1500.0
2023-06-26,Onion,Samrala,1300.0
2023-06-28,Onion,Samrala,1300.0
2023-06-29,Onion,Samrala,1300.0
2023-06-30,Onion,Samrala,1300.0
2023-07-03,Onion,Samrala,1300.0
2023-07-05,Onion,Samrala,1300.0
2023-07-06,Onion,Samrala,1300.0
2023-07-07,Onion,Samrala,1300.0
2023-07-08,Onion,Samrala,1300.0
2023-07-10,Onion,Samrala,1300.0
2023-07-11,Onion,Samrala,1300.0
2023-07-12,Onion,Samrala,1400.0
2023-07-13,Onion,Samrala,1400.0
2023-07-14,Onion,Samrala,1400.0
2023-07-17,Onion,Samrala,1400.0
2023-07-18,Onion,Samrala,1400.0
2023-07-19,Onion,Samrala,1400.0
2023-07-24,Onion,Samrala,1300.0
2023-07-25,Onion,Samrala,1300.0
2023-07-26,Onion,Samrala,1300.0
2023-07-27,Onion,Samrala,1300.0
2023-07-28,Onion,Samrala,1300.0
2023-07-31,Onion,Samrala,1300.0
2023-08-03,Onion,Samrala,1300.0
2023-08-04,Onion,Samrala,1300.0
2023-08-05,Onion,Samrala,1300.0
2023-08-07,Onion,Samrala,1300.0
2023-08-08,Onion,Samrala,1300.0
2023-08-12,Onion,Samrala,1300.0
2023-08-14,Onion,Samrala,1300.0
2023-08-17,Onion,Samrala,1300.0
2023-08-21,Onion,Samrala,1700.0
2023-08-23,Onion,Samrala,1300.0
2023-08-24,Onion,Samrala,1300.0
2023-08-25,Onion,Samrala,1300.0
2023-08-26,Onion,Samrala,1300.0
2023-08-29,Onion,Samrala,1300.0
2023-08-30,Onion,Samrala,1300.0
2023-09-01,Onion,Samrala,1200.0
2023-09-13,Onion,Samrala,3200.0
2023-09-14,Onion,Samrala,3000.0
2023-09-15,Onion,Samrala,2300.0
2023-09-16,Onion,Samrala,2800.0
2023-09-18,Onion,Samrala,2800.0
2023-09-19,Onion,Samrala,2500.0
2023-09-20,Onion,Samrala,2800.0
2023-09-21,Onion,Samrala,2800.0
2023-09-22,Onion,Samrala,2800.0
2023-09-25,Onion,Samrala,2800.0
2023-10-07,Onion,Samrala,2800.0
2023-10-11,Onion,Samrala,2400.0
2023-10-12,Onion,Samrala,2400.0
2023-10-13,Onion,Samrala,2300.0
2023-10-14,Onion,Samrala,2400.0
2023-10-17,Onion,Samrala,2400.0
2023-10-19,Onion,Samrala,2300.0
2023-10-20,Onion,Samrala,2300.0
2023-10-21,Onion,Samrala,2200.0
2023-10-25,Onion,Samrala,2500.0
2023-10-26,Onion,Samrala,2500.0
2023-10-27,Onion,Samrala,2500.0
2023-10-28,Onion,Samrala,2500.0
2023-10-31,Onion,Samrala,5500.0
2023-11-07,Onion,Samrala,4500.0
2023-11-08,Onion,Samrala,4200.0
2023-11-09,Onion,Samrala,4300.0
2023-11-13,Onion,Samrala,4200.0
2023-11-14,Onion,Samrala,4200.0
2023-11-18,Onion,Samrala,4200.0
2023-11-21,Onion,Samrala,3200.0
2023-11-22,Onion,Samrala,3200.0
2023-11-23,Onion,Samrala,2900.0
2023-11-24,Onion,Samrala,2800.0
2023-11-28,Onion,Samrala,2800.0
2023-12-01,Onion,Samrala,5500.0
2023-12-06,Onion,Samrala,5500.0
2023-12-07,Onion,Samrala,5500.0
2023-12-08,Onion,Samrala,4200.0
2023-12-11,Onion,Samrala,3800.0
2023-12-12,Onion,Samrala,3500.0
2023-12-13,Onion,Samrala,3000.0
2023-12-19,Onion,Samrala,2200.0
2023-12-20,Onion,Samrala,2000.0
2023-12-26,Onion,Samrala,2000.0
2023-12-27,Onion,Samrala,1800.0
2023-12-28,Onion,Samrala,2000.0
2023-12-29,Onion,Samrala,1800.0
2024-01-01,Onion,Samrala,1800.0
2024-01-02,Onion,Samrala,1700.0
2024-01-05,Onion,Samrala,1800.0
2024-01-07,Onion,Samrala,1800.0
2024-01-08,Onion,Samrala,2700.0
2024-01-09,Onion,Samrala,2500.0
2024-01-10,Onion,Samrala,2300.0
2024-01-11,Onion,Samrala,2500.0
2024-01-12,Onion,Samrala,2200.0
2024-01-13,Onion,Samrala,2200.0
2024-01-15,Onion,Samrala,2300.0
2024-01-16,Onion,Samrala,1900.0
2024-01-17,Onion,Samrala,2500.0
2024-01-18,Onion,Samrala,2800.0
2024-01-19,Onion,Samrala,2300.0
2024-01-20,Onion,Samrala,2300.0
2024-01-22,Onion,Samrala,2300.0
2024-01-23,Onion,Samrala,2800.0
2024-01-24,Onion,Samrala,2300.0
2024-01-25,Onion,Samrala,2800.0
2024-01-26,Onion,Samrala,2300.0
2024-01-27,Onion,Samrala,2500.0
2024-01-29,Onion,Samrala,1700.0
2024-01-30,Onion,Samrala,2000.0
2024-01-31,Onion,Samrala,1800.0
2024-02-01,Onion,Samrala,1800.0
2024-02-02,Onion,Samrala,1600.0
2024-02-06,Onion,Samrala,1600.0
2024-02-07,Onion,Samrala,1500.0
2024-02-08,Onion,Samrala,1600.0
2024-02-09,Onion,Samrala,1600.0
2024-02-12,Onion,Samrala,1600.0
2024-02-13,Onion,Samrala,1600.0
2024-02-14,Onion,Samrala,1600.0
2024-02-15,Onion,Samrala,1500.0
2024-02-19,Onion,Samrala,1600.0
2024-02-20,Onion,Samrala,1500.0
2024-02-21,Onion,Samrala,1300.0
2024-02-22,Onion,Samrala,1300.0
2024-02-23,Onion,Samrala,1300.0
2024-02-26,Onion,Samrala,2100.0
2024-02-27,Onion,Samrala,1900.0
2024-02-28,Onion,Samrala,1500.0
2024-02-29,Onion,Samrala,1500.0
2024-03-01,Onion,Samrala,2000.0
2024-03-02,Onion,Samrala,2200.0
2024-03-04,Onion,Samrala,2100.0
2024-03-05,Onion,Samrala,2100.0
2024-03-06,Onion,Samrala,2200.0
2024-03-12,Onion,Samrala,2400.0
2024-03-13,Onion,Samrala,2300.0
2024-03-14,Onion,Samrala,2100.0
2024-03-15,Onion,Samrala,2300.0
2024-03-16,Onion,Samrala,2000.0
2024-03-18,Onion,Samrala,2000.0
2024-03-19,Onion,Samrala,1800.0
2024-03-20,Onion,Samrala,2000.0
2024-03-21,Onion,Samrala,2000.0
2024-03-25,Onion,Samrala,2100.0
2024-03-27,Onion,Samrala,2200.0
2024-03-28,Onion,Samrala,2200.0
2024-03-29,Onion,Samrala,2200.0
2024-03-30,Onion,Samrala,2200.0
2024-04-01,Onion,Samrala,2000.0
2024-04-02,Onion,Samrala,2000.0
2024-04-03,Onion,Samrala,2000.0
2024-04-05,Onion,Samrala,2000.0
2024-04-06,Onion,Samrala,1800.0
2024-04-08,Onion,Samrala,1800.0
2024-04-09,Onion,Samrala,1800.0
2024-04-12,Onion,Samrala,1800.0
2024-04-13,Onion,Samrala,1800.0
2024-04-15,Onion,Samrala,1800.0
2024-04-16,Onion,Samrala,1800.0
2024-04-18,Onion,Samrala,2000.0
2024-04-19,Onion,Samrala,2000.0
2024-04-20,Onion,Samrala,2000.0
2024-04-22,Onion,Samrala,2000.0
2024-04-23,Onion,Samrala,2000.0
2024-04-24,Onion,Samrala,1800.0
2024-04-25,Onion,Samrala,2000.0
2024-04-26,Onion,Samrala,1800.0
2024-04-27,Onion,Samrala,2000.0
2024-04-29,Onion,Samrala,2000.0
2024-04-30,Onion,Samrala,2000.0
2024-05-01,Onion,Samrala,1800.0
2024-05-02,Onion,Samrala,2000.0
2024-05-03,Onion,Samrala,1700.0
2024-05-04,Onion,Samrala,2000.0
2024-05-06,Onion,Samrala,2000.0
2024-05-07,Onion,Samrala,1900.0
2024-05-08,Onion,Samrala,1900.0
2024-05-09,Onion,Samrala,1800.0
2024-05-13,Onion,Samrala,1800.0
2024-05-14,Onion,Samrala,1600.0
2024-05-15,Onion,Samrala,1800.0
2024-05-16,Onion,Samrala,1800.0
2024-05-17,Onion,Samrala,2000.0
2024-05-18,Onion,Samrala,2000.0
2024-05-20,Onion,Samrala,2000.0
2024-05-21,Onion,Samrala,1800.0
2024-05-22,Onion,Samrala,1900.0
2024-05-23,Onion,Samrala,2100.0
2024-05-24,Onion,Samrala,2100.0
2024-05-25,Onion,Samrala,2100.0
2024-05-27,Onion,Samrala,2100.0
2024-05-28,Onion,Samrala,2000.0
2024-05-29,Onion,Samrala,1900.0
2024-05-30,Onion,Samrala,1900.0
2024-05-31,Onion,Samrala,1400.0
2024-06-01,Onion,Samrala,1700.0
2024-06-03,Onion,Samrala,1800.0
2024-06-04,Onion,Samrala,1800.0
2024-06-05,Onion,Samrala,1800.0
2024-06-06,Onion,Samrala,1700.0
2024-07-06,Onion,Samrala,2800.0
2024-07-08,Onion,Samrala,2800.0
2024-07-09,Onion,Samrala,2800.0
2024-07-10,Onion,Samrala,2800.0
2024-07-11,Onion,Samrala,3000.0
2024-07-12,Onion,Samrala,3000.0
2024-07-13,Onion,Samrala,3000.0
2024-07-15,Onion,Samrala,3000.0
2024-07-16,Onion,Samrala,3000.0
2024-07-17,Onion,Samrala,2800.0
2024-07-18,Onion,Samrala,2800.0
2024-07-19,Onion,Samrala,2800.0
2024-07-20,Onion,Samrala,3000.0
2024-07-22,Onion,Samrala,3000.0
2024-07-23,Onion,Samrala,3000.0
2024-07-24,Onion,Samrala,3000.0
2024-07-25,Onion,Samrala,3000.0
2024-07-26,Onion,Samrala,3000.0
2024-07-27,Onion,Samrala,3000.0
2024-07-29,Onion,Samrala,3000.0
2024-07-30,Onion,Samrala,3200.0
2024-07-31,Onion,Samrala,3100.0
2024-08-01,Onion,Samrala,3500.0
2024-08-02,Onion,Samrala,3500.0
2024-08-03,Onion,Samrala,3500.0
2024-08-05,Onion,Samrala,3300.0
2024-08-06,Onion,Samrala,3200.0
2024-08-07,Onion,Samrala,3200.0
2024-08-08,Onion,Samrala,3200.0
2024-08-09,Onion,Samrala,3200.0
2024-08-10,Onion,Samrala,3200.0
2024-08-12,Onion,Samrala,3400.0
2024-08-15,Onion,Samrala,3400.0
2024-08-16,Onion,Samrala,3400.0
2024-08-17,Onion,Samrala,3200.0
2024-08-19,Onion,Samrala,3200.0
2024-08-20,Onion,Samrala,3200.0
2024-08-21,Onion,Samrala,3200.0
2024-08-22,Onion,Samrala,3200.0
2024-08-23,Onion,Samrala,3100.0
2024-08-24,Onion,Samrala,3100.0
2024-08-26,Onion,Samrala,3100.0
2024-08-27,Onion,Samrala,3100.0
2024-08-28,Onion,Samrala,3100.0
2024-08-29,Onion,Samrala,3100.0
2024-08-30,Onion,Samrala,3100.0
2024-08-31,Onion,Samrala,3100.0
2024-09-02,Onion,Samrala,3100.0
2024-09-03,Onion,Samrala,4200.0
2024-09-04,Onion,Samrala,4400.0
2024-09-05,Onion,Samrala,4200.0
2024-09-06,Onion,Samrala,4200.0
2024-09-07,Onion,Samrala,4200.0
2024-09-09,Onion,Samrala,4200.0
2024-09-10,Onion,Samrala,4100.0
2024-09-11,Onion,Samrala,4200.0
2024-09-12,Onion,Samrala,4300.0
2024-09-13,Onion,Samrala,4300.0
2024-09-14,Onion,Samrala,4200.0
2024-09-16,Onion,Samrala,3800.0
2024-09-17,Onion,Samrala,4200.0
2024-09-18,Onion,Samrala,4000.0
2024-09-21,Onion,Samrala,4500.0
2024-09-23,Onion,Samrala,4800.0
2024-09-24,Onion,Samrala,5800.0
2024-09-25,Onion,Samrala,5800.0
2024-09-26,Onion,Samrala,4200.0
2024-09-27,Onion,Samrala,4200.0
2024-09-28,Onion,Samrala,4200.0
2024-09-30,Onion,Samrala,4200.0
2024-10-01,Onion,Samrala,4200.0
2024-10-02,Onion,Samrala,4200.0
2024-10-03,Onion,Samrala,4500.0
2024-10-04,Onion,Samrala,4000.0
2024-10-05,Onion,Samrala,4500.0
2024-10-07,Onion,Samrala,5200.0
2024-10-08,Onion,Samrala,5200.0
2024-10-09,Onion,Samrala,4000.0
2024-10-10,Onion,Samrala,4200.0
2024-10-11,Onion,Samrala,5000.0
2024-10-14,Onion,Samrala,5000.0
2024-10-15,Onion,Samrala,5000.0
2024-10-16,Onion,Samrala,4800.0
2024-10-17,Onion,Samrala,4800.0
2024-10-18,Onion,Samrala,4000.0
2024-10-19,Onion,Samrala,4000.0
2024-10-21,Onion,Samrala,4800.0
2024-10-22,Onion,Samrala,4500.0
2024-10-23,Onion,Samrala,4500.0
2024-10-24,Onion,Samrala,4800.0
2024-10-25,Onion,Samrala,4500.0
2024-10-26,Onion,Samrala,4500.0
2024-10-28,Onion,Samrala,4000.0
2024-10-30,Onion,Samrala,4800.0
2024-10-31,Onion,Samrala,4800.0
2024-11-02,Onion,Samrala,4500.0
2024-11-04,Onion,Samrala,4500.0
2024-11-05,Onion,Samrala,4000.0
2024-11-06,Onion,Samrala,4000.0
2024-11-07,Onion,Samrala,3500.0
2024-11-08,Onion,Samrala,3500.0
2024-11-09,Onion,Samrala,4000.0
2024-11-11,Onion,Samrala,3500.0
2024-11-12,Onion,Samrala,4500.0
2024-11-13,Onion,Samrala,4500.0
2024-11-14,Onion,Samrala,4500.0
2024-11-20,Onion,Samrala,4200.0
2024-11-21,Onion,Samrala,4200.0
2024-11-22,Onion,Samrala,4100.0
2024-11-25,Onion,Samrala,4200.0
2024-11-26,Onion,Samrala,4200.0
2024-11-27,Onion,Samrala,3800.0
2024-11-28,Onion,Samrala,3500.0
2024-11-29,Onion,Samrala,3500.0
2024-12-03,Onion,Samrala,3500.0
2024-12-04,Onion,Samrala,3500.0
2024-12-05,Onion,Samrala,3500.0
2024-12-06,Onion,Samrala,3500.0
2025-11-12,Onion,Samrala,1400.0
2025-11-13,Onion,Samrala,1400.0
2025-11-14,Onion,Samrala,1200.0
2025-11-18,Onion,Samrala,1400.0
2025-11-19,Onion,Samrala,1400.0
2025-11-20,Onion,Samrala,1700.0
2025-11-21,Onion,Samrala,1400.0
2025-11-24,Onion,Samrala,1400.0
2025-11-26,Onion,Samrala,1700.0
2025-11-27,Onion,Samrala,1200.0
2025-11-28,Onion,Samrala,1400.0
2025-12-01,Onion,Samrala,1300.0
2025-12-02,Onion,Samrala,1300.0
2025-12-03,Onion,Samrala,1300.0
2025-12-04,Onion,Samrala,1300.0
2025-12-05,Onion,Samrala,1300.0
2025-12-08,Onion,Samrala,1200.0
2025-12-09,Onion,Samrala,1300.0
2025-12-10,Onion,Samrala,1200.0
2025-12-11,Onion,Samrala,1200.0
2025-12-12,Onion,Samrala,1200.0
2025-12-15,Onion,Samrala,2000.0
2025-12-16,Onion,Samrala,2000.0
2025-12-17,Onion,Samrala,1800.0
2025-12-18,Onion,Samrala,2000.0
2025-12-19,Onion,Samrala,2000.0
2025-12-22,Onion,Samrala,2000.0
2025-12-23,Onion,Samrala,2000.0
2025-12-26,Onion,Samrala,2000.0
2025-12-29,Onion,Samrala,1900.0
2025-12-30,Onion,Samrala,1600.0
2025-12-31,Onion,Samrala,1600.0
2026-01-01,Onion,Samrala,1400.0
2026-01-02,Onion,Samrala,1800.0
2026-01-05,Onion,Samrala,1600.0
2026-01-06,Onion,Samrala,1700.0
2026-01-07,Onion,Samrala,1600.0
2026-01-08,Onion,Samrala,1800.0
2026-01-12,Onion,Samrala,1800.0
2026-01-19,Onion,Samrala,2400.0
2026-01-20,Onion,Samrala,2400.0
2026-01-21,Onion,Samrala,2100.0
2026-01-22,Onion,Samrala,2200.0
2026-01-27,Onion,Samrala,2300.0
2026-01-28,Onion,Samrala,2200.0
2026-01-29,Onion,Samrala,2200.0
2026-01-30,Onion,Samrala,2200.0
2026-02-02,Onion,Samrala,2200.0
2026-02-03,Onion,Samrala,2200.0
2026-02-04,Onion,Samrala,2100.0
2026-02-05,Onion,Samrala,2000.0
2026-02-06,Onion,Samrala,1800.0
2026-02-09,Onion,Samrala,1800.0
2026-02-10,Onion,Samrala,1800.0
2026-02-11,Onion,Samrala,1800.0
2026-02-12,Onion,Samrala,2000.0
2026-02-13,Onion,Samrala,2000.0
2026-02-16,Onion,Samrala,1700.0
2026-02-17,Onion,Samrala,1800.0
2026-02-18,Onion,Samrala,1600.0
2026-02-19,Onion,Samrala,1600.0
2026-02-20,Onion,Samrala,1600.0
2026-02-24,Onion,Samrala,1500.0
2026-02-25,Onion,Samrala,1500.0
2026-02-26,Onion,Samrala,1400.0
2026-02-27,Onion,Samrala,1300.0
2026-03-02,Onion,Samrala,1400.0
2026-03-03,Onion,Samrala,1300.0
2026-03-05,Onion,Samrala,1300.0
2026-03-06,Onion,Samrala,1400.0
2026-03-09,Onion,Samrala,1300.0
2026-03-10,Onion,Samrala,1300.0
2026-03-11,Onion,Samrala,1300.0
2026-03-16,Onion,Samrala,1300.0
2026-03-17,Onion,Samrala,1300.0
2026-03-18,Onion,Samrala,1300.0
2026-03-19,Onion,Samrala,1300.0
2026-03-20,Onion,Samrala,1300.0
2026-03-24,Onion,Samrala,1600.0
2026-03-25,Onion,Samrala,1600.0
2026-03-30,Onion,Samrala,1500.0
2026-04-01,Onion,Samrala,1500.0
2026-04-02,Onion,Samrala,1500.0
2026-04-06,Onion,Samrala,1500.0
2026-04-07,Onion,Samrala,1600.0
2026-04-09,Onion,Samrala,1400.0
2026-04-10,Onion,Samrala,1400.0
2026-04-13,Onion,Samrala,1500.0
2026-04-15,Onion,Samrala,1500.0
2026-04-16,Onion,Samrala,1300.0
2026-04-20,Onion,Samrala,1400.0
2026-04-21,Onion,Samrala,1400.0
2026-04-22,Onion,Samrala,1300.0
2026-04-23,Onion,Samrala,1400.0
2026-04-24,Onion,Samrala,1300.0
2026-04-27,Onion,Samrala,1400.0
2026-04-28,Onion,Samrala,1400.0
2026-04-29,Onion,Samrala,1300.0
2026-04-30,Onion,Samrala,1400.0
2026-05-04,Onion,Samrala,1400.0
2026-05-05,Onion,Samrala,1300.0
2026-05-06,Onion,Samrala,1400.0
2026-05-07,Onion,Samrala,1400.0
2026-05-08,Onion,Samrala,1300.0
2026-05-11,Onion,Samrala,1300.0
2026-05-12,Onion,Samrala,1300.0
2026-05-13,Onion,Samrala,1300.0
2026-05-14,Onion,Samrala,1300.0
2026-05-18,Onion,Samrala,1400.0
2026-05-19,Onion,Samrala,1300.0
2026-05-20,Onion,Samrala,1600.0
2026-05-21,Onion,Samrala,1400.0
2026-05-22,Onion,Samrala,1400.0
2026-05-25,Onion,Samrala,1300.0
2026-05-26,Onion,Samrala,1300.0
2026-05-27,Onion,Samrala,1300.0
2026-05-28,Onion,Samrala,1300.0
2026-05-29,Onion,Samrala,1200.0
2026-06-01,Onion,Samrala,1200.0
2026-06-02,Onion,Samrala,1300.0
2026-06-03,Onion,Samrala,1200.0
2026-06-04,Onion,Samrala,1200.0
2026-06-05,Onion,Samrala,2200.0
2026-06-08,Onion,Samrala,1300.0
2026-06-09,Onion,Samrala,1200.0
2026-06-10,Onion,Samrala,1200.0
2026-06-11,Onion,Samrala,1400.0
2026-06-15,Onion,Samrala,1500.0
2026-06-22,Onion,Samrala,1300.0
2026-06-23,Onion,Samrala,1800.0
2026-06-24,Onion,Samrala,2000.0
2026-06-29,Onion,Samrala,1800.0
2026-06-30,Onion,Samrala,2000.0
2026-07-01,Onion,Samrala,1800.0
2026-07-02,Onion,Samrala,2000.0
2026-07-03,Onion,Samrala,2000.0
2026-07-06,Onion,Samrala,2000.0
2026-07-08,Onion,Samrala,2800.0
2026-07-09,Onion,Samrala,2800.0
2026-07-14,Onion,Samrala,2800.0
2026-07-15,Onion,Samrala,2800.0
2026-07-16,Onion,Samrala,2500.0
2026-07-17,Onion,Samrala,2500.0
2026-07-20,Onion,Samrala,2500.0
2026-07-21,Onion,Samrala,3000.0
2026-07-22,Onion,Samrala,3000.0
2026-07-27,Onion,Samrala,2800.0
2026-07-28,Onion,Samrala,2500.0
2026-07-29,Onion,Samrala,2500.0
2026-07-30,Onion,Samrala,2300.0
2026-07-31,Onion,Samrala,2800.0
2026-08-01,Onion,Samrala,2800.0
2026-08-03,Onion,Samrala,2500.0
2026-08-04,Onion,Samrala,2800.0
2026-08-05,Onion,Samrala,3000.0
2026-08-06,Onion,Samrala,2800.0
2026-08-07,Onion,Samrala,2300.0
2026-08-08,Onion,Samrala,2500.0
2026-08-10,Onion,Samrala,2300.0
2026-08-11,Onion,Samrala,2500.0
2026-08-12,Onion,Samrala,2500.0
2026-08-13,Onion,Samrala,3000.0
2026-08-14,Onion,Samrala,2500.0
2026-08-15,Onion,Samrala,2400.0
2026-08-17,Onion,Samrala,2600.0
2026-08-18,Onion,Samrala,2500.0
2026-08-19,Onion,Samrala,2800.0
2026-08-20,Onion,Samrala,4000.0
2026-08-21,Onion,Samrala,4000.0
2026-08-22,Onion,Samrala,3000.0
2026-08-24,Onion,Samrala,2800.0
2026-08-25,Onion,Samrala,3000.0
2026-08-26,Onion,Samrala,3000.0
2026-08-17,Papaya,Patiala,1600.0
2026-08-17,Papaya,Patran,4000.0
2026-08-17,Pea Pod/Pea Cod/हरी मटर,Ludhiana,5000.0
2026-08-17,Pea Pod/Pea Cod/हरी मटर,Nabha,5000.0
2026-08-17,Pear(Marasebu),Ludhiana,3000.0
2026-08-17,Pear(Marasebu),Nabha,6700.0
2026-08-17,Pear(Marasebu),Patiala,3100.0
2026-08-17,Pear(Marasebu),Patran,6000.0
2026-08-17,Pear(Marasebu),Raikot,4730.0
2026-08-17,Peas Wet,Patran,7310.0
2026-08-17,Pineapple,Patiala,2100.0
2026-08-17,Pineapple,Patran,4760.0
2026-08-17,Plum,Ludhiana,3000.0
2026-08-17,Pomegranate,Ludhiana,4000.0
2026-08-17,Pomegranate,Patiala,7100.0
2026-08-17,Pomegranate,Patran,9100.0
2026-06-03,Potato,Ajnala,750.0
2026-07-31,Potato,Ajnala,1000.0
2026-08-07,Potato,Ajnala,650.0
2026-08-17,Potato,Ajnala,600.0
2023-06-06,Potato,Amritsar(Amritsar Mewa Mandi),600.0
2023-06-07,Potato,Amritsar(Amritsar Mewa Mandi),600.0
2023-06-08,Potato,Amritsar(Amritsar Mewa Mandi),600.0
2023-06-09,Potato,Amritsar(Amritsar Mewa Mandi),600.0
2023-06-10,Potato,Amritsar(Amritsar Mewa Mandi),600.0
2023-06-12,Potato,Amritsar(Amritsar Mewa Mandi),600.0
2023-06-13,Potato,Amritsar(Amritsar Mewa Mandi),600.0
2023-06-14,Potato,Amritsar(Amritsar Mewa Mandi),600.0
2023-06-15,Potato,Amritsar(Amritsar Mewa Mandi),600.0
2023-06-16,Potato,Amritsar(Amritsar Mewa Mandi),600.0
2023-06-17,Potato,Amritsar(Amritsar Mewa Mandi),600.0
2023-06-19,Potato,Amritsar(Amritsar Mewa Mandi),600.0
2023-06-20,Potato,Amritsar(Amritsar Mewa Mandi),600.0
2023-06-21,Potato,Amritsar(Amritsar Mewa Mandi),600.0
2023-06-22,Potato,Amritsar(Amritsar Mewa Mandi),600.0
2023-06-23,Potato,Amritsar(Amritsar Mewa Mandi),600.0
2023-06-24,Potato,Amritsar(Amritsar Mewa Mandi),600.0
2023-06-26,Potato,Amritsar(Amritsar Mewa Mandi),600.0
2023-06-27,Potato,Amritsar(Amritsar Mewa Mandi),600.0
2023-06-28,Potato,Amritsar(Amritsar Mewa Mandi),600.0
2023-06-29,Potato,Amritsar(Amritsar Mewa Mandi),600.0
2023-06-30,Potato,Amritsar(Amritsar Mewa Mandi),600.0
2023-07-01,Potato,Amritsar(Amritsar Mewa Mandi),600.0
2023-07-03,Potato,Amritsar(Amritsar Mewa Mandi),600.0
2023-07-04,Potato,Amritsar(Amritsar Mewa Mandi),600.0
2023-07-05,Potato,Amritsar(Amritsar Mewa Mandi),600.0
2023-07-06,Potato,Amritsar(Amritsar Mewa Mandi),600.0
2023-07-08,Potato,Amritsar(Amritsar Mewa Mandi),600.0
2023-07-10,Potato,Amritsar(Amritsar Mewa Mandi),600.0
2023-07-11,Potato,Amritsar(Amritsar Mewa Mandi),600.0
2023-07-12,Potato,Amritsar(Amritsar Mewa Mandi),600.0
2023-07-13,Potato,Amritsar(Amritsar Mewa Mandi),600.0
2023-07-14,Potato,Amritsar(Amritsar Mewa Mandi),600.0
2023-07-15,Potato,Amritsar(Amritsar Mewa Mandi),600.0
2023-07-17,Potato,Amritsar(Amritsar Mewa Mandi),600.0
2023-07-18,Potato,Amritsar(Amritsar Mewa Mandi),600.0
2023-07-19,Potato,Amritsar(Amritsar Mewa Mandi),600.0
2023-07-20,Potato,Amritsar(Amritsar Mewa Mandi),600.0
2023-07-21,Potato,Amritsar(Amritsar Mewa Mandi),600.0
2023-07-22,Potato,Amritsar(Amritsar Mewa Mandi),700.0
2023-07-24,Potato,Amritsar(Amritsar Mewa Mandi),700.0
2023-07-26,Potato,Amritsar(Amritsar Mewa Mandi),700.0
2023-07-27,Potato,Amritsar(Amritsar Mewa Mandi),700.0
2023-07-28,Potato,Amritsar(Amritsar Mewa Mandi),700.0
2023-07-29,Potato,Amritsar(Amritsar Mewa Mandi),700.0
2023-07-31,Potato,Amritsar(Amritsar Mewa Mandi),700.0
2023-08-01,Potato,Amritsar(Amritsar Mewa Mandi),700.0
2023-08-02,Potato,Amritsar(Amritsar Mewa Mandi),600.0
2023-08-03,Potato,Amritsar(Amritsar Mewa Mandi),600.0
2023-08-04,Potato,Amritsar(Amritsar Mewa Mandi),600.0
2023-08-07,Potato,Amritsar(Amritsar Mewa Mandi),600.0
2023-08-08,Potato,Amritsar(Amritsar Mewa Mandi),600.0
2023-08-09,Potato,Amritsar(Amritsar Mewa Mandi),600.0
2023-08-10,Potato,Amritsar(Amritsar Mewa Mandi),600.0
2023-08-11,Potato,Amritsar(Amritsar Mewa Mandi),600.0
2023-08-14,Potato,Amritsar(Amritsar Mewa Mandi),600.0
2023-08-15,Potato,Amritsar(Amritsar Mewa Mandi),600.0
2023-08-16,Potato,Amritsar(Amritsar Mewa Mandi),600.0
2023-08-17,Potato,Amritsar(Amritsar Mewa Mandi),600.0
2023-08-18,Potato,Amritsar(Amritsar Mewa Mandi),700.0
2023-08-19,Potato,Amritsar(Amritsar Mewa Mandi),700.0
2023-08-22,Potato,Amritsar(Amritsar Mewa Mandi),600.0
2023-08-23,Potato,Amritsar(Amritsar Mewa Mandi),600.0
2023-08-25,Potato,Amritsar(Amritsar Mewa Mandi),600.0
2023-08-26,Potato,Amritsar(Amritsar Mewa Mandi),600.0
2023-08-28,Potato,Amritsar(Amritsar Mewa Mandi),600.0
2023-08-29,Potato,Amritsar(Amritsar Mewa Mandi),600.0
2023-08-30,Potato,Amritsar(Amritsar Mewa Mandi),600.0
2023-08-31,Potato,Amritsar(Amritsar Mewa Mandi),600.0
2023-09-01,Potato,Amritsar(Amritsar Mewa Mandi),700.0
2023-09-02,Potato,Amritsar(Amritsar Mewa Mandi),600.0
2023-09-04,Potato,Amritsar(Amritsar Mewa Mandi),600.0
2023-09-06,Potato,Amritsar(Amritsar Mewa Mandi),600.0
2023-09-13,Potato,Amritsar(Amritsar Mewa Mandi),600.0
2023-09-14,Potato,Amritsar(Amritsar Mewa Mandi),600.0
2023-09-15,Potato,Amritsar(Amritsar Mewa Mandi),600.0
2023-09-16,Potato,Amritsar(Amritsar Mewa Mandi),600.0
2023-09-18,Potato,Amritsar(Amritsar Mewa Mandi),600.0
2023-09-19,Potato,Amritsar(Amritsar Mewa Mandi),600.0
2023-09-20,Potato,Amritsar(Amritsar Mewa Mandi),600.0
2023-09-21,Potato,Amritsar(Amritsar Mewa Mandi),600.0
2023-09-22,Potato,Amritsar(Amritsar Mewa Mandi),600.0
2023-09-23,Potato,Amritsar(Amritsar Mewa Mandi),600.0
2023-09-25,Potato,Amritsar(Amritsar Mewa Mandi),600.0
2023-09-26,Potato,Amritsar(Amritsar Mewa Mandi),600.0
2023-09-27,Potato,Amritsar(Amritsar Mewa Mandi),600.0
2023-09-28,Potato,Amritsar(Amritsar Mewa Mandi),600.0
2023-09-29,Potato,Amritsar(Amritsar Mewa Mandi),600.0
2023-10-02,Potato,Amritsar(Amritsar Mewa Mandi),600.0
2023-10-03,Potato,Amritsar(Amritsar Mewa Mandi),600.0
2023-10-04,Potato,Amritsar(Amritsar Mewa Mandi),600.0
2023-10-05,Potato,Amritsar(Amritsar Mewa Mandi),600.0
2023-10-06,Potato,Amritsar(Amritsar Mewa Mandi),600.0
2023-10-07,Potato,Amritsar(Amritsar Mewa Mandi),600.0
2023-10-09,Potato,Amritsar(Amritsar Mewa Mandi),700.0
2023-10-10,Potato,Amritsar(Amritsar Mewa Mandi),650.0
2023-10-11,Potato,Amritsar(Amritsar Mewa Mandi),700.0
2023-10-12,Potato,Amritsar(Amritsar Mewa Mandi),700.0
2023-10-13,Potato,Amritsar(Amritsar Mewa Mandi),1500.0
2023-10-14,Potato,Amritsar(Amritsar Mewa Mandi),700.0
2023-10-16,Potato,Amritsar(Amritsar Mewa Mandi),600.0
2023-10-18,Potato,Amritsar(Amritsar Mewa Mandi),700.0
2023-10-19,Potato,Amritsar(Amritsar Mewa Mandi),700.0
2023-10-20,Potato,Amritsar(Amritsar Mewa Mandi),700.0
2023-10-21,Potato,Amritsar(Amritsar Mewa Mandi),700.0
2023-10-23,Potato,Amritsar(Amritsar Mewa Mandi),700.0
2023-10-24,Potato,Amritsar(Amritsar Mewa Mandi),700.0
2023-10-25,Potato,Amritsar(Amritsar Mewa Mandi),600.0
2023-10-26,Potato,Amritsar(Amritsar Mewa Mandi),600.0
2023-10-27,Potato,Amritsar(Amritsar Mewa Mandi),600.0
2023-10-30,Potato,Amritsar(Amritsar Mewa Mandi),700.0
2023-10-31,Potato,Amritsar(Amritsar Mewa Mandi),700.0
2023-11-01,Potato,Amritsar(Amritsar Mewa Mandi),700.0
2023-11-02,Potato,Amritsar(Amritsar Mewa Mandi),600.0
2023-11-03,Potato,Amritsar(Amritsar Mewa Mandi),700.0
2023-11-04,Potato,Amritsar(Amritsar Mewa Mandi),700.0
2023-11-06,Potato,Amritsar(Amritsar Mewa Mandi),700.0
2023-11-07,Potato,Amritsar(Amritsar Mewa Mandi),700.0
2023-11-08,Potato,Amritsar(Amritsar Mewa Mandi),700.0
2023-11-09,Potato,Amritsar(Amritsar Mewa Mandi),700.0
2023-11-14,Potato,Amritsar(Amritsar Mewa Mandi),1000.0
2023-11-16,Potato,Amritsar(Amritsar Mewa Mandi),1000.0
2023-11-17,Potato,Amritsar(Amritsar Mewa Mandi),1000.0
2023-11-18,Potato,Amritsar(Amritsar Mewa Mandi),800.0
2023-11-20,Potato,Amritsar(Amritsar Mewa Mandi),800.0
2023-11-21,Potato,Amritsar(Amritsar Mewa Mandi),800.0
2023-11-22,Potato,Amritsar(Amritsar Mewa Mandi),900.0
2023-11-23,Potato,Amritsar(Amritsar Mewa Mandi),800.0
2023-11-27,Potato,Amritsar(Amritsar Mewa Mandi),600.0
2023-11-28,Potato,Amritsar(Amritsar Mewa Mandi),700.0
2023-11-29,Potato,Amritsar(Amritsar Mewa Mandi),700.0
2023-11-30,Potato,Amritsar(Amritsar Mewa Mandi),600.0
2023-12-01,Potato,Amritsar(Amritsar Mewa Mandi),600.0
2023-12-02,Potato,Amritsar(Amritsar Mewa Mandi),600.0
2023-12-05,Potato,Amritsar(Amritsar Mewa Mandi),400.0
2023-12-06,Potato,Amritsar(Amritsar Mewa Mandi),400.0
2023-12-07,Potato,Amritsar(Amritsar Mewa Mandi),400.0
2023-12-08,Potato,Amritsar(Amritsar Mewa Mandi),400.0
2023-12-09,Potato,Amritsar(Amritsar Mewa Mandi),600.0
2023-12-11,Potato,Amritsar(Amritsar Mewa Mandi),600.0
2023-12-12,Potato,Amritsar(Amritsar Mewa Mandi),400.0
2023-12-13,Potato,Amritsar(Amritsar Mewa Mandi),300.0
2023-12-14,Potato,Amritsar(Amritsar Mewa Mandi),300.0
2023-12-15,Potato,Amritsar(Amritsar Mewa Mandi),300.0
2023-12-16,Potato,Amritsar(Amritsar Mewa Mandi),1600.0
2023-12-18,Potato,Amritsar(Amritsar Mewa Mandi),300.0
2023-12-19,Potato,Amritsar(Amritsar Mewa Mandi),300.0
2023-12-20,Potato,Amritsar(Amritsar Mewa Mandi),400.0
2023-12-21,Potato,Amritsar(Amritsar Mewa Mandi),300.0
2023-12-22,Potato,Amritsar(Amritsar Mewa Mandi),300.0
2023-12-23,Potato,Amritsar(Amritsar Mewa Mandi),300.0
2023-12-26,Potato,Amritsar(Amritsar Mewa Mandi),300.0
2023-12-27,Potato,Amritsar(Amritsar Mewa Mandi),300.0
2023-12-28,Potato,Amritsar(Amritsar Mewa Mandi),300.0
2023-12-29,Potato,Amritsar(Amritsar Mewa Mandi),300.0
2023-12-30,Potato,Amritsar(Amritsar Mewa Mandi),250.0
2024-01-01,Potato,Amritsar(Amritsar Mewa Mandi),300.0
2024-01-02,Potato,Amritsar(Amritsar Mewa Mandi),300.0
2024-01-03,Potato,Amritsar(Amritsar Mewa Mandi),300.0
2024-01-04,Potato,Amritsar(Amritsar Mewa Mandi),300.0
2024-01-05,Potato,Amritsar(Amritsar Mewa Mandi),300.0
2024-01-06,Potato,Amritsar(Amritsar Mewa Mandi),300.0
2024-01-08,Potato,Amritsar(Amritsar Mewa Mandi),300.0
2024-01-09,Potato,Amritsar(Amritsar Mewa Mandi),300.0
2024-01-10,Potato,Amritsar(Amritsar Mewa Mandi),300.0
2024-01-11,Potato,Amritsar(Amritsar Mewa Mandi),300.0
2024-01-12,Potato,Amritsar(Amritsar Mewa Mandi),300.0
2024-01-13,Potato,Amritsar(Amritsar Mewa Mandi),300.0
2024-01-15,Potato,Amritsar(Amritsar Mewa Mandi),400.0
2024-01-16,Potato,Amritsar(Amritsar Mewa Mandi),300.0
2024-01-17,Potato,Amritsar(Amritsar Mewa Mandi),300.0
2024-01-18,Potato,Amritsar(Amritsar Mewa Mandi),300.0
2024-01-19,Potato,Amritsar(Amritsar Mewa Mandi),300.0
2024-01-20,Potato,Amritsar(Amritsar Mewa Mandi),300.0
2024-01-22,Potato,Amritsar(Amritsar Mewa Mandi),250.0
2024-01-23,Potato,Amritsar(Amritsar Mewa Mandi),250.0
2024-01-24,Potato,Amritsar(Amritsar Mewa Mandi),300.0
2024-01-25,Potato,Amritsar(Amritsar Mewa Mandi),250.0
2024-01-26,Potato,Amritsar(Amritsar Mewa Mandi),300.0
2024-01-27,Potato,Amritsar(Amritsar Mewa Mandi),300.0
2024-01-29,Potato,Amritsar(Amritsar Mewa Mandi),350.0
2024-01-30,Potato,Amritsar(Amritsar Mewa Mandi),350.0
2024-02-01,Potato,Amritsar(Amritsar Mewa Mandi),300.0
2024-02-02,Potato,Amritsar(Amritsar Mewa Mandi),300.0
2024-02-03,Potato,Amritsar(Amritsar Mewa Mandi),300.0
2024-02-05,Potato,Amritsar(Amritsar Mewa Mandi),300.0
2024-02-06,Potato,Amritsar(Amritsar Mewa Mandi),300.0
2024-02-07,Potato,Amritsar(Amritsar Mewa Mandi),300.0
2024-02-08,Potato,Amritsar(Amritsar Mewa Mandi),300.0
2024-02-09,Potato,Amritsar(Amritsar Mewa Mandi),350.0
2024-02-10,Potato,Amritsar(Amritsar Mewa Mandi),300.0
2024-02-12,Potato,Amritsar(Amritsar Mewa Mandi),400.0
2024-02-13,Potato,Amritsar(Amritsar Mewa Mandi),400.0
2024-02-14,Potato,Amritsar(Amritsar Mewa Mandi),300.0
2024-02-15,Potato,Amritsar(Amritsar Mewa Mandi),400.0
2024-02-16,Potato,Amritsar(Amritsar Mewa Mandi),400.0
2024-02-17,Potato,Amritsar(Amritsar Mewa Mandi),400.0
2024-02-19,Potato,Amritsar(Amritsar Mewa Mandi),400.0
2024-02-20,Potato,Amritsar(Amritsar Mewa Mandi),400.0
2024-02-21,Potato,Amritsar(Amritsar Mewa Mandi),400.0
2024-02-22,Potato,Amritsar(Amritsar Mewa Mandi),400.0
2024-02-24,Potato,Amritsar(Amritsar Mewa Mandi),400.0
2024-02-26,Potato,Amritsar(Amritsar Mewa Mandi),400.0
2024-02-27,Potato,Amritsar(Amritsar Mewa Mandi),400.0
2024-02-28,Potato,Amritsar(Amritsar Mewa Mandi),400.0
2024-02-29,Potato,Amritsar(Amritsar Mewa Mandi),400.0
2024-03-01,Potato,Amritsar(Amritsar Mewa Mandi),400.0
2024-03-02,Potato,Amritsar(Amritsar Mewa Mandi),400.0
2024-03-04,Potato,Amritsar(Amritsar Mewa Mandi),400.0
2024-03-05,Potato,Amritsar(Amritsar Mewa Mandi),500.0
2024-03-06,Potato,Amritsar(Amritsar Mewa Mandi),500.0
2024-03-08,Potato,Amritsar(Amritsar Mewa Mandi),400.0
2024-03-09,Potato,Amritsar(Amritsar Mewa Mandi),500.0
2024-03-11,Potato,Amritsar(Amritsar Mewa Mandi),500.0
2024-03-12,Potato,Amritsar(Amritsar Mewa Mandi),500.0
2024-03-13,Potato,Amritsar(Amritsar Mewa Mandi),500.0
2024-03-14,Potato,Amritsar(Amritsar Mewa Mandi),500.0
2024-03-15,Potato,Amritsar(Amritsar Mewa Mandi),500.0
2024-03-16,Potato,Amritsar(Amritsar Mewa Mandi),400.0
2024-03-18,Potato,Amritsar(Amritsar Mewa Mandi),600.0
2024-03-19,Potato,Amritsar(Amritsar Mewa Mandi),600.0
2024-03-20,Potato,Amritsar(Amritsar Mewa Mandi),500.0
2024-03-21,Potato,Amritsar(Amritsar Mewa Mandi),500.0
2024-03-22,Potato,Amritsar(Amritsar Mewa Mandi),500.0
2024-03-23,Potato,Amritsar(Amritsar Mewa Mandi),500.0
2024-03-26,Potato,Amritsar(Amritsar Mewa Mandi),500.0
2024-03-27,Potato,Amritsar(Amritsar Mewa Mandi),500.0
2024-03-28,Potato,Amritsar(Amritsar Mewa Mandi),600.0
2024-03-29,Potato,Amritsar(Amritsar Mewa Mandi),600.0
2024-03-30,Potato,Amritsar(Amritsar Mewa Mandi),600.0
2024-04-01,Potato,Amritsar(Amritsar Mewa Mandi),600.0
2024-04-02,Potato,Amritsar(Amritsar Mewa Mandi),600.0
2024-04-04,Potato,Amritsar(Amritsar Mewa Mandi),600.0
2024-04-05,Potato,Amritsar(Amritsar Mewa Mandi),600.0
2024-04-06,Potato,Amritsar(Amritsar Mewa Mandi),600.0
2024-04-08,Potato,Amritsar(Amritsar Mewa Mandi),700.0
2024-04-09,Potato,Amritsar(Amritsar Mewa Mandi),600.0
2024-04-10,Potato,Amritsar(Amritsar Mewa Mandi),600.0
2024-04-12,Potato,Amritsar(Amritsar Mewa Mandi),600.0
2024-04-13,Potato,Amritsar(Amritsar Mewa Mandi),600.0
2024-04-15,Potato,Amritsar(Amritsar Mewa Mandi),700.0
2024-04-16,Potato,Amritsar(Amritsar Mewa Mandi),700.0
2024-04-17,Potato,Amritsar(Amritsar Mewa Mandi),700.0
2024-04-18,Potato,Amritsar(Amritsar Mewa Mandi),700.0
2024-04-19,Potato,Amritsar(Amritsar Mewa Mandi),600.0
2024-04-22,Potato,Amritsar(Amritsar Mewa Mandi),850.0
2024-04-23,Potato,Amritsar(Amritsar Mewa Mandi),1000.0
2024-04-24,Potato,Amritsar(Amritsar Mewa Mandi),1000.0
2024-04-25,Potato,Amritsar(Amritsar Mewa Mandi),1000.0
2024-04-26,Potato,Amritsar(Amritsar Mewa Mandi),1000.0
2024-04-27,Potato,Amritsar(Amritsar Mewa Mandi),800.0
2024-04-29,Potato,Amritsar(Amritsar Mewa Mandi),800.0
2024-04-30,Potato,Amritsar(Amritsar Mewa Mandi),800.0
2024-05-01,Potato,Amritsar(Amritsar Mewa Mandi),800.0
2024-05-02,Potato,Amritsar(Amritsar Mewa Mandi),800.0
2024-05-03,Potato,Amritsar(Amritsar Mewa Mandi),1000.0
2024-05-04,Potato,Amritsar(Amritsar Mewa Mandi),1000.0
2024-05-06,Potato,Amritsar(Amritsar Mewa Mandi),1000.0
2024-05-07,Potato,Amritsar(Amritsar Mewa Mandi),1000.0
2024-05-08,Potato,Amritsar(Amritsar Mewa Mandi),1000.0
2024-05-09,Potato,Amritsar(Amritsar Mewa Mandi),900.0
2024-05-10,Potato,Amritsar(Amritsar Mewa Mandi),1100.0
2024-05-11,Potato,Amritsar(Amritsar Mewa Mandi),1100.0
2024-05-13,Potato,Amritsar(Amritsar Mewa Mandi),1100.0
2024-05-14,Potato,Amritsar(Amritsar Mewa Mandi),1000.0
2024-05-15,Potato,Amritsar(Amritsar Mewa Mandi),1000.0
2024-05-16,Potato,Amritsar(Amritsar Mewa Mandi),1000.0
2024-05-17,Potato,Amritsar(Amritsar Mewa Mandi),1000.0
2024-05-18,Potato,Amritsar(Amritsar Mewa Mandi),1000.0
2024-05-20,Potato,Amritsar(Amritsar Mewa Mandi),1000.0
2024-05-21,Potato,Amritsar(Amritsar Mewa Mandi),1000.0
2024-05-23,Potato,Amritsar(Amritsar Mewa Mandi),1100.0
2024-05-24,Potato,Amritsar(Amritsar Mewa Mandi),1000.0
2024-05-25,Potato,Amritsar(Amritsar Mewa Mandi),1000.0
2024-05-27,Potato,Amritsar(Amritsar Mewa Mandi),1000.0
2024-05-28,Potato,Amritsar(Amritsar Mewa Mandi),1000.0
2024-05-29,Potato,Amritsar(Amritsar Mewa Mandi),1000.0
2024-05-30,Potato,Amritsar(Amritsar Mewa Mandi),1000.0
2024-05-31,Potato,Amritsar(Amritsar Mewa Mandi),1000.0
2024-06-01,Potato,Amritsar(Amritsar Mewa Mandi),1000.0
2024-06-03,Potato,Amritsar(Amritsar Mewa Mandi),1000.0
2024-06-04,Potato,Amritsar(Amritsar Mewa Mandi),1000.0
2024-06-05,Potato,Amritsar(Amritsar Mewa Mandi),1000.0
2024-06-06,Potato,Amritsar(Amritsar Mewa Mandi),1000.0
2024-06-07,Potato,Amritsar(Amritsar Mewa Mandi),1000.0
2024-06-08,Potato,Amritsar(Amritsar Mewa Mandi),1000.0
2024-06-10,Potato,Amritsar(Amritsar Mewa Mandi),1000.0
2024-06-11,Potato,Amritsar(Amritsar Mewa Mandi),1000.0
2024-06-12,Potato,Amritsar(Amritsar Mewa Mandi),1000.0
2024-06-13,Potato,Amritsar(Amritsar Mewa Mandi),1000.0
2024-06-14,Potato,Amritsar(Amritsar Mewa Mandi),1000.0
2024-06-15,Potato,Amritsar(Amritsar Mewa Mandi),1000.0
2024-06-17,Potato,Amritsar(Amritsar Mewa Mandi),1000.0
2024-06-18,Potato,Amritsar(Amritsar Mewa Mandi),1000.0
2024-06-19,Potato,Amritsar(Amritsar Mewa Mandi),1000.0
2024-06-20,Potato,Amritsar(Amritsar Mewa Mandi),1000.0
2024-06-21,Potato,Amritsar(Amritsar Mewa Mandi),1000.0
2024-06-22,Potato,Amritsar(Amritsar Mewa Mandi),1000.0
2024-06-24,Potato,Amritsar(Amritsar Mewa Mandi),1000.0
2024-06-25,Potato,Amritsar(Amritsar Mewa Mandi),1000.0
2024-06-26,Potato,Amritsar(Amritsar Mewa Mandi),1000.0
2024-06-27,Potato,Amritsar(Amritsar Mewa Mandi),1000.0
2024-06-28,Potato,Amritsar(Amritsar Mewa Mandi),1000.0
2024-06-29,Potato,Amritsar(Amritsar Mewa Mandi),1000.0
2024-07-01,Potato,Amritsar(Amritsar Mewa Mandi),1000.0
2024-07-02,Potato,Amritsar(Amritsar Mewa Mandi),1000.0
2024-07-03,Potato,Amritsar(Amritsar Mewa Mandi),1000.0
2024-07-04,Potato,Amritsar(Amritsar Mewa Mandi),1000.0
2024-07-05,Potato,Amritsar(Amritsar Mewa Mandi),1000.0
2024-07-06,Potato,Amritsar(Amritsar Mewa Mandi),1000.0
2024-07-08,Potato,Amritsar(Amritsar Mewa Mandi),1000.0
2024-07-09,Potato,Amritsar(Amritsar Mewa Mandi),1000.0
2024-07-10,Potato,Amritsar(Amritsar Mewa Mandi),1000.0
2024-07-11,Potato,Amritsar(Amritsar Mewa Mandi),1000.0
2024-07-12,Potato,Amritsar(Amritsar Mewa Mandi),1000.0
2024-07-13,Potato,Amritsar(Amritsar Mewa Mandi),1000.0
2024-07-15,Potato,Amritsar(Amritsar Mewa Mandi),1000.0
2024-07-16,Potato,Amritsar(Amritsar Mewa Mandi),1000.0
2024-07-17,Potato,Amritsar(Amritsar Mewa Mandi),1000.0
2024-07-18,Potato,Amritsar(Amritsar Mewa Mandi),1000.0
2024-07-19,Potato,Amritsar(Amritsar Mewa Mandi),1000.0
2024-07-20,Potato,Amritsar(Amritsar Mewa Mandi),1000.0
2024-07-22,Potato,Amritsar(Amritsar Mewa Mandi),1000.0
2024-07-23,Potato,Amritsar(Amritsar Mewa Mandi),1000.0
2024-07-24,Potato,Amritsar(Amritsar Mewa Mandi),1000.0
2024-07-25,Potato,Amritsar(Amritsar Mewa Mandi),1050.0
2024-07-26,Potato,Amritsar(Amritsar Mewa Mandi),1000.0
2024-07-27,Potato,Amritsar(Amritsar Mewa Mandi),1000.0
2024-07-29,Potato,Amritsar(Amritsar Mewa Mandi),1200.0
2024-07-30,Potato,Amritsar(Amritsar Mewa Mandi),1000.0
2024-07-31,Potato,Amritsar(Amritsar Mewa Mandi),1000.0
2024-08-01,Potato,Amritsar(Amritsar Mewa Mandi),1000.0
2024-08-02,Potato,Amritsar(Amritsar Mewa Mandi),1000.0
2024-08-03,Potato,Amritsar(Amritsar Mewa Mandi),1000.0
2024-08-05,Potato,Amritsar(Amritsar Mewa Mandi),1000.0
2024-08-06,Potato,Amritsar(Amritsar Mewa Mandi),1000.0
2024-08-07,Potato,Amritsar(Amritsar Mewa Mandi),1000.0
2024-08-08,Potato,Amritsar(Amritsar Mewa Mandi),1000.0
2024-08-09,Potato,Amritsar(Amritsar Mewa Mandi),1000.0
2024-08-10,Potato,Amritsar(Amritsar Mewa Mandi),1000.0
2024-08-12,Potato,Amritsar(Amritsar Mewa Mandi),1000.0
2024-08-13,Potato,Amritsar(Amritsar Mewa Mandi),1000.0
2024-08-15,Potato,Amritsar(Amritsar Mewa Mandi),1000.0
2024-08-16,Potato,Amritsar(Amritsar Mewa Mandi),1000.0
2024-08-17,Potato,Amritsar(Amritsar Mewa Mandi),1000.0
2024-08-19,Potato,Amritsar(Amritsar Mewa Mandi),1000.0
2024-08-20,Potato,Amritsar(Amritsar Mewa Mandi),1000.0
2024-08-21,Potato,Amritsar(Amritsar Mewa Mandi),1000.0
2024-08-22,Potato,Amritsar(Amritsar Mewa Mandi),1200.0
2024-08-23,Potato,Amritsar(Amritsar Mewa Mandi),1200.0
2024-08-26,Potato,Amritsar(Amritsar Mewa Mandi),1000.0
2024-08-27,Potato,Amritsar(Amritsar Mewa Mandi),1000.0
2024-08-28,Potato,Amritsar(Amritsar Mewa Mandi),1000.0
2024-08-29,Potato,Amritsar(Amritsar Mewa Mandi),1000.0
2024-08-30,Potato,Amritsar(Amritsar Mewa Mandi),1000.0
2024-08-31,Potato,Amritsar(Amritsar Mewa Mandi),1000.0
2024-09-02,Potato,Amritsar(Amritsar Mewa Mandi),1000.0
2024-09-03,Potato,Amritsar(Amritsar Mewa Mandi),1000.0
2024-09-04,Potato,Amritsar(Amritsar Mewa Mandi),1100.0
2024-09-05,Potato,Amritsar(Amritsar Mewa Mandi),1100.0
2024-09-06,Potato,Amritsar(Amritsar Mewa Mandi),1100.0
2024-09-07,Potato,Amritsar(Amritsar Mewa Mandi),1100.0
2024-09-09,Potato,Amritsar(Amritsar Mewa Mandi),1000.0
2024-09-10,Potato,Amritsar(Amritsar Mewa Mandi),1200.0
2024-09-11,Potato,Amritsar(Amritsar Mewa Mandi),1200.0
2024-09-12,Potato,Amritsar(Amritsar Mewa Mandi),1100.0
2024-09-13,Potato,Amritsar(Amritsar Mewa Mandi),1000.0
2024-09-14,Potato,Amritsar(Amritsar Mewa Mandi),1000.0
2024-09-16,Potato,Amritsar(Amritsar Mewa Mandi),1000.0
2024-09-17,Potato,Amritsar(Amritsar Mewa Mandi),1000.0
2024-09-18,Potato,Amritsar(Amritsar Mewa Mandi),1000.0
2024-09-19,Potato,Amritsar(Amritsar Mewa Mandi),1200.0
2024-09-20,Potato,Amritsar(Amritsar Mewa Mandi),1100.0
2024-09-21,Potato,Amritsar(Amritsar Mewa Mandi),1100.0
2024-09-23,Potato,Amritsar(Amritsar Mewa Mandi),1100.0
2024-09-24,Potato,Amritsar(Amritsar Mewa Mandi),1000.0
2024-09-25,Potato,Amritsar(Amritsar Mewa Mandi),1000.0
2024-09-26,Potato,Amritsar(Amritsar Mewa Mandi),1300.0
2024-09-27,Potato,Amritsar(Amritsar Mewa Mandi),1300.0
2024-09-28,Potato,Amritsar(Amritsar Mewa Mandi),1300.0
2024-09-29,Potato,Amritsar(Amritsar Mewa Mandi),1300.0
2024-09-30,Potato,Amritsar(Amritsar Mewa Mandi),1200.0
2024-12-09,Potato,Amritsar(Amritsar Mewa Mandi),800.0
2024-12-13,Potato,Amritsar(Amritsar Mewa Mandi),800.0
2024-12-16,Potato,Amritsar(Amritsar Mewa Mandi),800.0
2024-12-23,Potato,Amritsar(Amritsar Mewa Mandi),800.0
2025-02-10,Potato,Amritsar(Amritsar Mewa Mandi),370.0
2025-02-12,Potato,Amritsar(Amritsar Mewa Mandi),350.0
2025-02-13,Potato,Amritsar(Amritsar Mewa Mandi),300.0
2025-02-14,Potato,Amritsar(Amritsar Mewa Mandi),300.0
2025-02-18,Potato,Amritsar(Amritsar Mewa Mandi),400.0
2025-02-19,Potato,Amritsar(Amritsar Mewa Mandi),400.0
2025-02-21,Potato,Amritsar(Amritsar Mewa Mandi),400.0
2025-02-27,Potato,Amritsar(Amritsar Mewa Mandi),300.0
2025-02-28,Potato,Amritsar(Amritsar Mewa Mandi),300.0
2025-03-07,Potato,Amritsar(Amritsar Mewa Mandi),400.0
2025-03-10,Potato,Amritsar(Amritsar Mewa Mandi),400.0
2025-03-15,Potato,Amritsar(Amritsar Mewa Mandi),400.0
2025-03-27,Potato,Amritsar(Amritsar Mewa Mandi),200.0
2025-03-28,Potato,Amritsar(Amritsar Mewa Mandi),200.0
2025-04-01,Potato,Amritsar(Amritsar Mewa Mandi),300.0
2025-04-03,Potato,Amritsar(Amritsar Mewa Mandi),200.0
2025-04-04,Potato,Amritsar(Amritsar Mewa Mandi),200.0
2025-04-05,Potato,Amritsar(Amritsar Mewa Mandi),300.0
2025-04-07,Potato,Amritsar(Amritsar Mewa Mandi),300.0
2025-04-08,Potato,Amritsar(Amritsar Mewa Mandi),300.0
2025-04-09,Potato,Amritsar(Amritsar Mewa Mandi),200.0
2025-04-10,Potato,Amritsar(Amritsar Mewa Mandi),200.0
2025-04-11,Potato,Amritsar(Amritsar Mewa Mandi),200.0
2025-04-14,Potato,Amritsar(Amritsar Mewa Mandi),300.0
2025-04-15,Potato,Amritsar(Amritsar Mewa Mandi),300.0
2025-04-16,Potato,Amritsar(Amritsar Mewa Mandi),300.0
2025-04-17,Potato,Amritsar(Amritsar Mewa Mandi),300.0
2025-04-18,Potato,Amritsar(Amritsar Mewa Mandi),300.0
2025-04-21,Potato,Amritsar(Amritsar Mewa Mandi),300.0
2025-04-22,Potato,Amritsar(Amritsar Mewa Mandi),300.0
2025-04-23,Potato,Amritsar(Amritsar Mewa Mandi),400.0
2025-04-24,Potato,Amritsar(Amritsar Mewa Mandi),300.0
2025-04-25,Potato,Amritsar(Amritsar Mewa Mandi),300.0
2025-04-26,Potato,Amritsar(Amritsar Mewa Mandi),150.0
2025-04-28,Potato,Amritsar(Amritsar Mewa Mandi),300.0
2025-04-29,Potato,Amritsar(Amritsar Mewa Mandi),1000.0
2025-04-30,Potato,Amritsar(Amritsar Mewa Mandi),300.0
2025-05-01,Potato,Amritsar(Amritsar Mewa Mandi),400.0
2025-05-02,Potato,Amritsar(Amritsar Mewa Mandi),400.0
2025-05-05,Potato,Amritsar(Amritsar Mewa Mandi),400.0
2025-05-06,Potato,Amritsar(Amritsar Mewa Mandi),400.0
2025-05-07,Potato,Amritsar(Amritsar Mewa Mandi),400.0
2025-05-08,Potato,Amritsar(Amritsar Mewa Mandi),600.0
2025-05-09,Potato,Amritsar(Amritsar Mewa Mandi),400.0
2025-05-10,Potato,Amritsar(Amritsar Mewa Mandi),450.0
2025-05-12,Potato,Amritsar(Amritsar Mewa Mandi),400.0
2025-05-13,Potato,Amritsar(Amritsar Mewa Mandi),400.0
2025-05-14,Potato,Amritsar(Amritsar Mewa Mandi),500.0
2025-05-16,Potato,Amritsar(Amritsar Mewa Mandi),500.0
2025-05-17,Potato,Amritsar(Amritsar Mewa Mandi),400.0
2025-05-19,Potato,Amritsar(Amritsar Mewa Mandi),400.0
2025-05-20,Potato,Amritsar(Amritsar Mewa Mandi),400.0
2025-05-21,Potato,Amritsar(Amritsar Mewa Mandi),300.0
2025-05-22,Potato,Amritsar(Amritsar Mewa Mandi),300.0
2025-05-23,Potato,Amritsar(Amritsar Mewa Mandi),300.0
2025-05-24,Potato,Amritsar(Amritsar Mewa Mandi),300.0
2025-05-28,Potato,Amritsar(Amritsar Mewa Mandi),400.0
2025-05-29,Potato,Amritsar(Amritsar Mewa Mandi),400.0
2025-05-30,Potato,Amritsar(Amritsar Mewa Mandi),400.0
2025-05-31,Potato,Amritsar(Amritsar Mewa Mandi),400.0
2025-06-02,Potato,Amritsar(Amritsar Mewa Mandi),400.0
2025-06-03,Potato,Amritsar(Amritsar Mewa Mandi),400.0
2025-06-04,Potato,Amritsar(Amritsar Mewa Mandi),400.0
2025-06-05,Potato,Amritsar(Amritsar Mewa Mandi),450.0
2025-06-06,Potato,Amritsar(Amritsar Mewa Mandi),450.0
2025-06-10,Potato,Amritsar(Amritsar Mewa Mandi),500.0
2026-01-15,Potato,Amritsar(Amritsar Mewa Mandi),500.0
2026-04-15,Potato,Amritsar(Amritsar Mewa Mandi),300.0
2026-04-16,Potato,Amritsar(Amritsar Mewa Mandi),250.0
2026-08-10,Potato,Amritsar(Amritsar Mewa Mandi),500.0
2026-08-11,Potato,Amritsar(Amritsar Mewa Mandi),1304.0
2026-08-20,Potato,Amritsar(Amritsar Mewa Mandi),700.0
2023-06-06,Potato,Doraha,978.0
2023-06-07,Potato,Doraha,936.0
2023-06-08,Potato,Doraha,945.0
2023-06-10,Potato,Doraha,963.0
2023-06-12,Potato,Doraha,1100.0
2023-06-13,Potato,Doraha,1100.0
2023-06-14,Potato,Doraha,1200.0
2023-06-15,Potato,Doraha,1100.0
2023-06-16,Potato,Doraha,1100.0
2023-06-17,Potato,Doraha,1100.0
2023-06-19,Potato,Doraha,1200.0
2023-06-20,Potato,Doraha,1200.0
2023-06-22,Potato,Doraha,1100.0
2023-06-23,Potato,Doraha,1150.0
2023-06-24,Potato,Doraha,1100.0
2023-06-26,Potato,Doraha,1195.0
2023-06-27,Potato,Doraha,1100.0
2023-06-28,Potato,Doraha,1200.0
2023-06-29,Potato,Doraha,1200.0
2023-06-30,Potato,Doraha,1200.0
2023-07-03,Potato,Doraha,1205.0
2023-07-04,Potato,Doraha,1200.0
2023-07-05,Potato,Doraha,1200.0
2023-07-06,Potato,Doraha,1200.0
2023-07-07,Potato,Doraha,1150.0
2023-07-08,Potato,Doraha,1189.0
2023-07-10,Potato,Doraha,1000.0
2023-07-11,Potato,Doraha,1100.0
2023-07-12,Potato,Doraha,1100.0
2023-07-14,Potato,Doraha,1198.0
2023-07-15,Potato,Doraha,1050.0
2023-07-17,Potato,Doraha,1133.0
2023-07-18,Potato,Doraha,1020.0
2023-07-21,Potato,Doraha,1096.0
2023-07-22,Potato,Doraha,1000.0
2023-07-24,Potato,Doraha,1000.0
2023-07-25,Potato,Doraha,1090.0
2023-07-26,Potato,Doraha,1000.0
2023-07-27,Potato,Doraha,1169.0
2023-07-28,Potato,Doraha,1036.0
2023-07-29,Potato,Doraha,1000.0
2023-07-31,Potato,Doraha,1119.0
2023-08-02,Potato,Doraha,1000.0
2023-08-04,Potato,Doraha,1128.0
2023-08-05,Potato,Doraha,1000.0
2023-08-09,Potato,Doraha,1000.0
2023-08-10,Potato,Doraha,1000.0
2023-08-11,Potato,Doraha,1000.0
2023-08-12,Potato,Doraha,1000.0
2023-08-14,Potato,Doraha,1000.0
2023-08-15,Potato,Doraha,1000.0
2023-08-17,Potato,Doraha,1000.0
2023-08-19,Potato,Doraha,1156.0
2023-08-21,Potato,Doraha,1000.0
2023-08-23,Potato,Doraha,1000.0
2023-08-26,Potato,Doraha,1000.0
2023-08-28,Potato,Doraha,1000.0
2023-08-29,Potato,Doraha,1000.0
2023-08-30,Potato,Doraha,1000.0
2023-08-31,Potato,Doraha,1000.0
2023-09-02,Potato,Doraha,1000.0
2023-09-04,Potato,Doraha,1000.0
2023-09-05,Potato,Doraha,1000.0
2023-09-06,Potato,Doraha,1000.0
2023-09-07,Potato,Doraha,1000.0
2023-09-08,Potato,Doraha,987.0
2023-09-09,Potato,Doraha,1000.0
2023-09-11,Potato,Doraha,998.0
2023-09-12,Potato,Doraha,998.0
2023-09-13,Potato,Doraha,908.0
2023-09-14,Potato,Doraha,1000.0
2023-09-15,Potato,Doraha,939.0
2023-09-16,Potato,Doraha,1000.0
2023-09-18,Potato,Doraha,974.0
2023-09-19,Potato,Doraha,977.0
2023-09-20,Potato,Doraha,1000.0
2023-09-21,Potato,Doraha,950.0
2023-09-22,Potato,Doraha,936.0
2023-09-23,Potato,Doraha,1000.0
2023-09-25,Potato,Doraha,978.0
2023-09-26,Potato,Doraha,988.0
2023-09-27,Potato,Doraha,957.0
2023-09-28,Potato,Doraha,986.0
2023-09-29,Potato,Doraha,900.0
2023-09-30,Potato,Doraha,995.0
2023-10-02,Potato,Doraha,997.0
2023-10-03,Potato,Doraha,925.0
2023-10-04,Potato,Doraha,850.0
2023-10-05,Potato,Doraha,950.0
2023-10-06,Potato,Doraha,880.0
2023-10-07,Potato,Doraha,1000.0
2023-10-08,Potato,Doraha,1000.0
2023-10-09,Potato,Doraha,900.0
2023-10-10,Potato,Doraha,841.0
2023-10-12,Potato,Doraha,900.0
2023-10-14,Potato,Doraha,950.0
2023-10-16,Potato,Doraha,900.0
2023-10-17,Potato,Doraha,900.0
2023-10-18,Potato,Doraha,1100.0
2023-10-19,Potato,Doraha,1300.0
2023-10-20,Potato,Doraha,1100.0
2023-10-21,Potato,Doraha,1300.0
2023-10-23,Potato,Doraha,1100.0
2023-10-24,Potato,Doraha,1350.0
2023-10-25,Potato,Doraha,1110.0
2023-10-26,Potato,Doraha,1100.0
2023-10-27,Potato,Doraha,1000.0
2023-10-28,Potato,Doraha,1100.0
2023-10-30,Potato,Doraha,1100.0
2023-10-31,Potato,Doraha,1000.0
2023-11-01,Potato,Doraha,1000.0
2023-11-02,Potato,Doraha,1000.0
2023-11-03,Potato,Doraha,1050.0
2023-11-04,Potato,Doraha,1050.0
2023-11-06,Potato,Doraha,1050.0
2023-11-07,Potato,Doraha,1050.0
2023-11-08,Potato,Doraha,1000.0
2023-11-09,Potato,Doraha,1000.0
2023-11-10,Potato,Doraha,1000.0
2023-11-13,Potato,Doraha,1000.0
2023-11-14,Potato,Doraha,1185.0
2023-11-15,Potato,Doraha,1000.0
2023-11-16,Potato,Doraha,1000.0
2023-11-17,Potato,Doraha,1300.0
2023-11-18,Potato,Doraha,1000.0
2023-11-20,Potato,Doraha,1200.0
2023-11-21,Potato,Doraha,1336.0
2023-11-22,Potato,Doraha,1200.0
2023-11-23,Potato,Doraha,1000.0
2023-11-24,Potato,Doraha,1400.0
2023-11-25,Potato,Doraha,1200.0
2023-11-27,Potato,Doraha,1000.0
2023-11-29,Potato,Doraha,800.0
2023-11-30,Potato,Doraha,1000.0
2023-12-01,Potato,Doraha,866.0
2023-12-02,Potato,Doraha,900.0
2023-12-04,Potato,Doraha,800.0
2023-12-05,Potato,Doraha,800.0
2023-12-06,Potato,Doraha,850.0
2023-12-07,Potato,Doraha,800.0
2023-12-08,Potato,Doraha,800.0
2023-12-11,Potato,Doraha,800.0
2023-12-12,Potato,Doraha,800.0
2023-12-13,Potato,Doraha,700.0
2023-12-14,Potato,Doraha,650.0
2023-12-15,Potato,Doraha,600.0
2023-12-16,Potato,Doraha,600.0
2023-12-18,Potato,Doraha,600.0
2023-12-19,Potato,Doraha,600.0
2023-12-20,Potato,Doraha,500.0
2023-12-21,Potato,Doraha,500.0
2023-12-22,Potato,Doraha,700.0
2023-12-23,Potato,Doraha,600.0
2023-12-26,Potato,Doraha,600.0
2023-12-27,Potato,Doraha,600.0
2023-12-29,Potato,Doraha,600.0
2023-12-30,Potato,Doraha,600.0
2024-01-02,Potato,Doraha,600.0
2024-01-03,Potato,Doraha,550.0
2024-01-04,Potato,Doraha,550.0
2024-01-05,Potato,Doraha,500.0
2024-01-09,Potato,Doraha,500.0
2024-01-10,Potato,Doraha,600.0
2024-01-11,Potato,Doraha,500.0
2024-01-12,Potato,Doraha,500.0
2024-01-13,Potato,Doraha,500.0
2024-01-15,Potato,Doraha,500.0
2024-01-16,Potato,Doraha,550.0
2024-01-17,Potato,Doraha,500.0
2024-01-18,Potato,Doraha,500.0
2024-01-19,Potato,Doraha,500.0
2024-01-20,Potato,Doraha,500.0
2024-01-22,Potato,Doraha,550.0
2024-01-23,Potato,Doraha,500.0
2024-01-24,Potato,Doraha,500.0
2024-01-25,Potato,Doraha,550.0
2024-01-26,Potato,Doraha,500.0
2024-01-27,Potato,Doraha,500.0
2024-01-29,Potato,Doraha,550.0
2024-01-30,Potato,Doraha,550.0
2024-01-31,Potato,Doraha,550.0
2024-02-01,Potato,Doraha,530.0
2024-02-03,Potato,Doraha,500.0
2024-02-05,Potato,Doraha,500.0
2024-02-06,Potato,Doraha,500.0
2024-02-07,Potato,Doraha,600.0
2024-02-08,Potato,Doraha,500.0
2024-02-09,Potato,Doraha,500.0
2024-02-10,Potato,Doraha,500.0
2024-02-12,Potato,Doraha,550.0
2024-02-13,Potato,Doraha,500.0
2024-02-14,Potato,Doraha,600.0
2024-02-15,Potato,Doraha,550.0
2024-02-16,Potato,Doraha,500.0
2024-02-17,Potato,Doraha,500.0
2024-02-19,Potato,Doraha,500.0
2024-02-20,Potato,Doraha,550.0
2024-02-21,Potato,Doraha,600.0
2024-02-22,Potato,Doraha,550.0
2024-02-23,Potato,Doraha,500.0
2024-02-24,Potato,Doraha,500.0
2024-02-26,Potato,Doraha,500.0
2024-02-28,Potato,Doraha,600.0
2024-02-29,Potato,Doraha,600.0
2024-03-01,Potato,Doraha,600.0
2024-03-02,Potato,Doraha,600.0
2024-03-04,Potato,Doraha,650.0
2024-03-05,Potato,Doraha,800.0
2024-03-07,Potato,Doraha,700.0
2024-03-08,Potato,Doraha,700.0
2024-03-09,Potato,Doraha,700.0
2024-03-11,Potato,Doraha,700.0
2024-03-15,Potato,Doraha,800.0
2024-03-16,Potato,Doraha,800.0
2024-03-19,Potato,Doraha,800.0
2024-03-20,Potato,Doraha,800.0
2024-03-21,Potato,Doraha,800.0
2024-03-22,Potato,Doraha,800.0
2024-03-23,Potato,Doraha,900.0
2024-03-25,Potato,Doraha,800.0
2024-03-26,Potato,Doraha,800.0
2024-03-28,Potato,Doraha,800.0
2024-03-29,Potato,Doraha,800.0
2024-04-01,Potato,Doraha,800.0
2024-04-04,Potato,Doraha,800.0
2024-04-05,Potato,Doraha,900.0
2024-04-06,Potato,Doraha,1000.0
2024-04-08,Potato,Doraha,900.0
2024-04-09,Potato,Doraha,900.0
2024-04-10,Potato,Doraha,900.0
2024-04-11,Potato,Doraha,1000.0
2024-04-12,Potato,Doraha,1000.0
2024-04-13,Potato,Doraha,1000.0
2024-04-17,Potato,Doraha,1100.0
2024-04-19,Potato,Doraha,1100.0
2024-04-20,Potato,Doraha,1100.0
2024-04-22,Potato,Doraha,1100.0
2024-04-23,Potato,Doraha,1100.0
2024-04-24,Potato,Doraha,1150.0
2024-04-25,Potato,Doraha,1100.0
2024-04-26,Potato,Doraha,1200.0
2024-04-27,Potato,Doraha,1200.0
2024-04-29,Potato,Doraha,1200.0
2024-04-30,Potato,Doraha,1200.0
2024-05-01,Potato,Doraha,1200.0
2024-05-02,Potato,Doraha,1250.0
2024-05-03,Potato,Doraha,1300.0
2024-05-04,Potato,Doraha,1400.0
2024-05-06,Potato,Doraha,1400.0
2024-05-07,Potato,Doraha,1400.0
2024-05-08,Potato,Doraha,1500.0
2024-05-09,Potato,Doraha,1500.0
2024-05-10,Potato,Doraha,1500.0
2024-05-11,Potato,Doraha,1500.0
2024-05-13,Potato,Doraha,1600.0
2024-05-14,Potato,Doraha,1600.0
2024-05-15,Potato,Doraha,1600.0
2024-05-16,Potato,Doraha,1600.0
2024-05-17,Potato,Doraha,1600.0
2024-05-18,Potato,Doraha,1600.0
2024-05-20,Potato,Doraha,1700.0
2024-05-21,Potato,Doraha,1800.0
2024-05-22,Potato,Doraha,1600.0
2024-05-23,Potato,Doraha,1700.0
2024-05-24,Potato,Doraha,1700.0
2024-05-25,Potato,Doraha,1700.0
2024-05-27,Potato,Doraha,1700.0
2024-05-28,Potato,Doraha,1800.0
2024-05-29,Potato,Doraha,1800.0
2024-05-31,Potato,Doraha,1800.0
2024-06-03,Potato,Doraha,1800.0
2024-06-04,Potato,Doraha,1700.0
2024-06-05,Potato,Doraha,1900.0
2024-06-06,Potato,Doraha,1900.0
2024-06-07,Potato,Doraha,1800.0
2024-06-11,Potato,Doraha,1800.0
2024-06-12,Potato,Doraha,1900.0
2024-06-13,Potato,Doraha,1900.0
2024-06-18,Potato,Doraha,1800.0
2024-06-19,Potato,Doraha,1800.0
2024-06-20,Potato,Doraha,1800.0
2024-06-21,Potato,Doraha,1800.0
2024-06-22,Potato,Doraha,1900.0
2024-06-24,Potato,Doraha,1800.0
2024-06-25,Potato,Doraha,1800.0
2024-06-26,Potato,Doraha,1900.0
2024-06-27,Potato,Doraha,1900.0
2024-07-02,Potato,Doraha,1950.0
2024-07-03,Potato,Doraha,1900.0
2024-07-05,Potato,Doraha,2021.0
2024-07-06,Potato,Doraha,2000.0
2024-07-08,Potato,Doraha,2000.0
2024-07-09,Potato,Doraha,2300.0
2024-07-10,Potato,Doraha,2000.0
2024-07-11,Potato,Doraha,2300.0
2024-07-12,Potato,Doraha,1900.0
2024-07-13,Potato,Doraha,1900.0
2024-07-15,Potato,Doraha,1900.0
2024-07-18,Potato,Doraha,2100.0
2024-07-22,Potato,Doraha,1900.0
2024-07-23,Potato,Doraha,2000.0
2024-07-27,Potato,Doraha,2000.0
2024-07-29,Potato,Doraha,2000.0
2024-07-30,Potato,Doraha,1850.0
2024-07-31,Potato,Doraha,2000.0
2024-08-02,Potato,Doraha,1900.0
2024-08-03,Potato,Doraha,2000.0
2024-08-06,Potato,Doraha,1900.0
2024-08-08,Potato,Doraha,1500.0
2024-08-10,Potato,Doraha,1900.0
2024-08-17,Potato,Doraha,2000.0
2024-08-19,Potato,Doraha,1900.0
2024-08-24,Potato,Doraha,2000.0
2024-08-26,Potato,Doraha,2000.0
2024-08-27,Potato,Doraha,1900.0
2024-08-28,Potato,Doraha,1900.0
2024-08-29,Potato,Doraha,2000.0
2024-08-31,Potato,Doraha,2000.0
2024-09-02,Potato,Doraha,1900.0
2024-09-07,Potato,Doraha,1900.0
2024-09-09,Potato,Doraha,1900.0
2024-09-10,Potato,Doraha,1900.0
2024-09-14,Potato,Doraha,1900.0
2024-09-16,Potato,Doraha,1900.0
2024-09-17,Potato,Doraha,1900.0
2024-09-18,Potato,Doraha,1900.0
2024-09-19,Potato,Doraha,1900.0
2024-09-20,Potato,Doraha,1950.0
2024-09-23,Potato,Doraha,1900.0
2024-09-24,Potato,Doraha,1900.0
2024-09-27,Potato,Doraha,1900.0
2024-09-28,Potato,Doraha,1900.0
2024-09-30,Potato,Doraha,1900.0
2024-10-01,Potato,Doraha,1900.0
2024-10-02,Potato,Doraha,1800.0
2024-10-03,Potato,Doraha,1800.0
2024-10-04,Potato,Doraha,1800.0
2024-10-05,Potato,Doraha,1900.0
2024-10-07,Potato,Doraha,1800.0
2024-10-08,Potato,Doraha,1800.0
2024-10-10,Potato,Doraha,1900.0
2024-10-11,Potato,Doraha,1800.0
2024-10-12,Potato,Doraha,1900.0
2024-10-15,Potato,Doraha,1900.0
2024-10-16,Potato,Doraha,1800.0
2024-10-17,Potato,Doraha,1800.0
2024-10-21,Potato,Doraha,1800.0
2024-10-22,Potato,Doraha,1850.0
2024-10-23,Potato,Doraha,1800.0
2024-10-30,Potato,Doraha,1800.0
2024-11-01,Potato,Doraha,1800.0
2024-11-04,Potato,Doraha,1800.0
2024-11-07,Potato,Doraha,1800.0
2024-11-13,Potato,Doraha,1800.0
2024-11-14,Potato,Doraha,1800.0
2024-11-21,Potato,Doraha,1800.0
2024-11-22,Potato,Doraha,1800.0
2024-11-23,Potato,Doraha,1800.0
2024-11-25,Potato,Doraha,1800.0
2024-11-26,Potato,Doraha,1800.0
2024-11-29,Potato,Doraha,1800.0
2024-12-03,Potato,Doraha,1800.0
2024-12-04,Potato,Doraha,1800.0
2024-12-06,Potato,Doraha,1800.0
2024-12-07,Potato,Doraha,1800.0
2024-12-09,Potato,Doraha,1800.0
2024-12-10,Potato,Doraha,1800.0
2024-12-11,Potato,Doraha,1800.0
2024-12-13,Potato,Doraha,1700.0
2024-12-14,Potato,Doraha,1800.0
2024-12-16,Potato,Doraha,1400.0
2024-12-17,Potato,Doraha,1300.0
2024-12-18,Potato,Doraha,1200.0
2024-12-19,Potato,Doraha,1400.0
2024-12-20,Potato,Doraha,1300.0
2024-12-23,Potato,Doraha,1300.0
2024-12-24,Potato,Doraha,1300.0
2024-12-26,Potato,Doraha,1300.0
2024-12-27,Potato,Doraha,1200.0
2024-12-31,Potato,Doraha,1200.0
2025-01-02,Potato,Doraha,1400.0
2025-01-04,Potato,Doraha,1300.0
2025-01-06,Potato,Doraha,800.0
2025-01-07,Potato,Doraha,800.0
2025-01-08,Potato,Doraha,800.0
2025-01-09,Potato,Doraha,700.0
2025-01-10,Potato,Doraha,600.0
2025-01-15,Potato,Doraha,800.0
2025-01-16,Potato,Doraha,800.0
2025-01-18,Potato,Doraha,800.0
2025-01-21,Potato,Doraha,800.0
2025-01-22,Potato,Doraha,850.0
2025-01-24,Potato,Doraha,750.0
2025-01-25,Potato,Doraha,700.0
2025-01-27,Potato,Doraha,700.0
2025-01-28,Potato,Doraha,650.0
2025-01-29,Potato,Doraha,600.0
2025-01-30,Potato,Doraha,600.0
2025-01-31,Potato,Doraha,500.0
2025-02-04,Potato,Doraha,500.0
2025-02-05,Potato,Doraha,500.0
2025-02-06,Potato,Doraha,500.0
2025-02-07,Potato,Doraha,500.0
2025-02-08,Potato,Doraha,500.0
2025-02-10,Potato,Doraha,500.0
2025-02-11,Potato,Doraha,500.0
2025-02-12,Potato,Doraha,600.0
2025-02-13,Potato,Doraha,600.0
2025-02-14,Potato,Doraha,600.0
2025-02-15,Potato,Doraha,600.0
2025-02-17,Potato,Doraha,600.0
2025-02-18,Potato,Doraha,600.0
2025-02-19,Potato,Doraha,600.0
2025-02-21,Potato,Doraha,500.0
2025-02-22,Potato,Doraha,600.0
2025-02-25,Potato,Doraha,600.0
2025-02-27,Potato,Doraha,600.0
2025-02-28,Potato,Doraha,600.0
2025-03-03,Potato,Doraha,600.0
2025-03-04,Potato,Doraha,600.0
2025-03-05,Potato,Doraha,700.0
2025-03-06,Potato,Doraha,600.0
2025-03-07,Potato,Doraha,600.0
2025-03-08,Potato,Doraha,600.0
2025-03-10,Potato,Doraha,600.0
2025-03-11,Potato,Doraha,600.0
2025-03-12,Potato,Doraha,500.0
2025-03-13,Potato,Doraha,500.0
2025-03-17,Potato,Doraha,500.0
2025-03-18,Potato,Doraha,500.0
2025-03-20,Potato,Doraha,500.0
2025-03-21,Potato,Doraha,500.0
2025-03-25,Potato,Doraha,600.0
2025-03-26,Potato,Doraha,600.0
2025-03-27,Potato,Doraha,575.0
2025-03-28,Potato,Doraha,575.0
2025-03-31,Potato,Doraha,900.0
2025-04-04,Potato,Doraha,500.0
2025-04-05,Potato,Doraha,550.0
2025-04-07,Potato,Doraha,550.0
2025-04-08,Potato,Doraha,550.0
2025-04-09,Potato,Doraha,525.0
2025-04-11,Potato,Doraha,550.0
2025-04-14,Potato,Doraha,550.0
2025-04-15,Potato,Doraha,550.0
2025-04-16,Potato,Doraha,550.0
2025-04-17,Potato,Doraha,500.0
2025-04-18,Potato,Doraha,550.0
2025-04-21,Potato,Doraha,600.0
2025-04-22,Potato,Doraha,550.0
2025-04-23,Potato,Doraha,525.0
2025-04-24,Potato,Doraha,500.0
2025-04-25,Potato,Doraha,600.0
2025-04-26,Potato,Doraha,625.0
2025-04-28,Potato,Doraha,625.0
2025-04-30,Potato,Doraha,575.0
2025-05-02,Potato,Doraha,550.0
2025-05-03,Potato,Doraha,525.0
2025-05-05,Potato,Doraha,650.0
2025-05-06,Potato,Doraha,550.0
2025-05-07,Potato,Doraha,700.0
2025-05-08,Potato,Doraha,700.0
2025-05-09,Potato,Doraha,700.0
2025-05-12,Potato,Doraha,700.0
2025-05-13,Potato,Doraha,750.0
2025-05-14,Potato,Doraha,750.0
2025-05-15,Potato,Doraha,700.0
2025-05-16,Potato,Doraha,700.0
2025-05-19,Potato,Doraha,700.0
2025-05-20,Potato,Doraha,800.0
2025-05-21,Potato,Doraha,800.0
2025-05-22,Potato,Doraha,850.0
2025-05-23,Potato,Doraha,850.0
2025-05-26,Potato,Doraha,850.0
2025-05-28,Potato,Doraha,850.0
2025-05-29,Potato,Doraha,800.0
2025-05-30,Potato,Doraha,825.0
2025-06-02,Potato,Doraha,850.0
2025-06-03,Potato,Doraha,800.0
2025-06-05,Potato,Doraha,900.0
2025-06-07,Potato,Doraha,800.0
2025-06-10,Potato,Doraha,800.0
2025-11-07,Potato,Doraha,1000.0
2025-11-10,Potato,Doraha,1300.0
2025-11-11,Potato,Doraha,1200.0
2025-11-12,Potato,Doraha,1300.0
2025-11-13,Potato,Doraha,1100.0
2025-11-14,Potato,Doraha,1000.0
2025-11-17,Potato,Doraha,1100.0
2025-11-18,Potato,Doraha,1100.0
2025-11-19,Potato,Doraha,1100.0
2025-11-20,Potato,Doraha,1300.0
2025-11-21,Potato,Doraha,1300.0
2025-11-24,Potato,Doraha,1000.0
2025-11-25,Potato,Doraha,1000.0
2025-11-26,Potato,Doraha,1100.0
2025-11-27,Potato,Doraha,1300.0
2025-11-28,Potato,Doraha,1400.0
2025-12-01,Potato,Doraha,1350.0
2025-12-02,Potato,Doraha,1100.0
2025-12-04,Potato,Doraha,1000.0
2025-12-05,Potato,Doraha,1350.0
2025-12-08,Potato,Doraha,1000.0
2025-12-09,Potato,Doraha,900.0
2025-12-10,Potato,Doraha,850.0
2025-12-11,Potato,Doraha,850.0
2025-12-12,Potato,Doraha,900.0
2025-12-15,Potato,Doraha,900.0
2025-12-16,Potato,Doraha,1000.0
2025-12-17,Potato,Doraha,800.0
2025-12-19,Potato,Doraha,900.0
2025-12-22,Potato,Doraha,800.0
2025-12-23,Potato,Doraha,700.0
2025-12-24,Potato,Doraha,700.0
2025-12-25,Potato,Doraha,700.0
2025-12-26,Potato,Doraha,700.0
2025-12-29,Potato,Doraha,700.0
2025-12-30,Potato,Doraha,650.0
2025-12-31,Potato,Doraha,700.0
2026-01-02,Potato,Doraha,700.0
2026-01-05,Potato,Doraha,600.0
2026-01-06,Potato,Doraha,700.0
2026-01-07,Potato,Doraha,600.0
2026-01-08,Potato,Doraha,700.0
2026-01-09,Potato,Doraha,600.0
2026-01-12,Potato,Doraha,600.0
2026-01-15,Potato,Doraha,550.0
2026-01-16,Potato,Doraha,550.0
2026-01-19,Potato,Doraha,550.0
2026-01-20,Potato,Doraha,550.0
2026-01-21,Potato,Doraha,550.0
2026-01-22,Potato,Doraha,550.0
2026-01-23,Potato,Doraha,550.0
2026-01-26,Potato,Doraha,550.0
2026-01-27,Potato,Doraha,550.0
2026-01-28,Potato,Doraha,500.0
2026-01-29,Potato,Doraha,500.0
2026-01-30,Potato,Doraha,500.0
2026-02-02,Potato,Doraha,550.0
2026-02-03,Potato,Doraha,550.0
2026-02-04,Potato,Doraha,550.0
2026-02-05,Potato,Doraha,500.0
2026-02-06,Potato,Doraha,600.0
2026-02-09,Potato,Doraha,600.0
2026-02-10,Potato,Doraha,550.0
2026-02-12,Potato,Doraha,550.0
2026-02-13,Potato,Doraha,600.0
2026-02-16,Potato,Doraha,550.0
2026-02-17,Potato,Doraha,550.0
2026-02-18,Potato,Doraha,550.0
2026-02-19,Potato,Doraha,500.0
2026-02-20,Potato,Doraha,500.0
2026-02-23,Potato,Doraha,500.0
2026-02-24,Potato,Doraha,500.0
2026-02-25,Potato,Doraha,500.0
2026-02-26,Potato,Doraha,500.0
2026-02-27,Potato,Doraha,550.0
2026-03-02,Potato,Doraha,500.0
2026-03-03,Potato,Doraha,500.0
2026-03-04,Potato,Doraha,500.0
2026-03-05,Potato,Doraha,500.0
2026-03-06,Potato,Doraha,500.0
2026-03-10,Potato,Doraha,500.0
2026-03-11,Potato,Doraha,550.0
2026-03-12,Potato,Doraha,500.0
2026-03-13,Potato,Doraha,500.0
2026-03-18,Potato,Doraha,550.0
2026-03-20,Potato,Doraha,550.0
2026-03-24,Potato,Doraha,550.0
2026-03-25,Potato,Doraha,550.0
2026-03-27,Potato,Doraha,550.0
2026-03-30,Potato,Doraha,500.0
2026-04-01,Potato,Doraha,550.0
2026-04-02,Potato,Doraha,500.0
2026-04-03,Potato,Doraha,550.0
2026-04-06,Potato,Doraha,550.0
2026-04-07,Potato,Doraha,500.0
2026-04-08,Potato,Doraha,550.0
2026-04-09,Potato,Doraha,550.0
2026-04-10,Potato,Doraha,600.0
2026-04-13,Potato,Doraha,550.0
2026-04-15,Potato,Doraha,550.0
2026-04-16,Potato,Doraha,550.0
2026-04-17,Potato,Doraha,550.0
2026-04-20,Potato,Doraha,550.0
2026-04-22,Potato,Doraha,550.0
2026-04-23,Potato,Doraha,550.0
2026-04-24,Potato,Doraha,600.0
2026-04-28,Potato,Doraha,600.0
2026-04-30,Potato,Doraha,600.0
2026-05-04,Potato,Doraha,500.0
2026-05-05,Potato,Doraha,550.0
2026-05-06,Potato,Doraha,550.0
2026-05-07,Potato,Doraha,550.0
2026-05-08,Potato,Doraha,550.0
2026-05-11,Potato,Doraha,550.0
2026-05-13,Potato,Doraha,600.0
2026-05-14,Potato,Doraha,550.0
2026-05-15,Potato,Doraha,600.0
2026-05-19,Potato,Doraha,600.0
2026-05-21,Potato,Doraha,550.0
2026-05-22,Potato,Doraha,600.0
2026-05-24,Potato,Doraha,550.0
2026-05-25,Potato,Doraha,550.0
2026-05-26,Potato,Doraha,550.0
2026-05-27,Potato,Doraha,550.0
2026-05-28,Potato,Doraha,550.0
2026-05-29,Potato,Doraha,550.0
2026-06-02,Potato,Doraha,550.0
2026-06-03,Potato,Doraha,550.0
2026-06-04,Potato,Doraha,550.0
2026-06-05,Potato,Doraha,550.0
2026-06-08,Potato,Doraha,700.0
2026-06-09,Potato,Doraha,700.0
2026-06-11,Potato,Doraha,700.0
2026-06-12,Potato,Doraha,700.0
2026-06-15,Potato,Doraha,600.0
2026-06-16,Potato,Doraha,650.0
2026-06-17,Potato,Doraha,700.0
2026-06-18,Potato,Doraha,700.0
2026-06-19,Potato,Doraha,700.0
2026-06-23,Potato,Doraha,600.0
2026-06-25,Potato,Doraha,700.0
2026-06-26,Potato,Doraha,700.0
2026-07-02,Potato,Doraha,700.0
2026-07-03,Potato,Doraha,700.0
2026-07-06,Potato,Doraha,700.0
2026-07-07,Potato,Doraha,700.0
2026-07-08,Potato,Doraha,700.0
2026-07-09,Potato,Doraha,700.0
2026-07-10,Potato,Doraha,750.0
2026-07-11,Potato,Doraha,750.0
2026-07-13,Potato,Doraha,700.0
2026-07-14,Potato,Doraha,700.0
2026-07-16,Potato,Doraha,700.0
2026-07-17,Potato,Doraha,750.0
2026-07-18,Potato,Doraha,750.0
2026-07-20,Potato,Doraha,750.0
2026-07-21,Potato,Doraha,750.0
2026-07-22,Potato,Doraha,750.0
2026-07-23,Potato,Doraha,750.0
2026-07-24,Potato,Doraha,750.0
2026-07-25,Potato,Doraha,750.0
2026-07-27,Potato,Doraha,750.0
2026-07-28,Potato,Doraha,750.0
2026-07-29,Potato,Doraha,750.0
2026-07-31,Potato,Doraha,600.0
2026-08-01,Potato,Doraha,700.0
2026-08-03,Potato,Doraha,750.0
2026-08-05,Potato,Doraha,750.0
2026-08-06,Potato,Doraha,750.0
2026-08-07,Potato,Doraha,750.0
2026-08-08,Potato,Doraha,700.0
2026-08-10,Potato,Doraha,750.0
2026-08-11,Potato,Doraha,750.0
2026-08-12,Potato,Doraha,750.0
2026-08-13,Potato,Doraha,750.0
2026-08-17,Potato,Doraha,750.0
2026-08-18,Potato,Doraha,750.0
2026-08-19,Potato,Doraha,750.0
2026-08-20,Potato,Doraha,750.0
2026-08-21,Potato,Doraha,750.0
2026-08-22,Potato,Doraha,750.0
2026-08-24,Potato,Doraha,750.0
2026-08-25,Potato,Doraha,750.0
2026-08-26,Potato,Doraha,700.0
2026-08-27,Potato,Doraha,700.0
2026-08-28,Potato,Doraha,650.0
2023-06-07,Potato,Dudhansadhan,1400.0
2023-06-08,Potato,Dudhansadhan,1400.0
2023-06-09,Potato,Dudhansadhan,1400.0
2023-06-10,Potato,Dudhansadhan,2000.0
2023-06-11,Potato,Dudhansadhan,1500.0
2023-06-12,Potato,Dudhansadhan,1400.0
2023-06-16,Potato,Dudhansadhan,1400.0
2023-06-17,Potato,Dudhansadhan,1400.0
2023-06-18,Potato,Dudhansadhan,1400.0
2023-06-19,Potato,Dudhansadhan,1400.0
2023-06-20,Potato,Dudhansadhan,1400.0
2023-06-23,Potato,Dudhansadhan,1400.0
2023-06-24,Potato,Dudhansadhan,1400.0
2023-06-26,Potato,Dudhansadhan,1400.0
2023-06-27,Potato,Dudhansadhan,1400.0
2023-06-30,Potato,Dudhansadhan,1400.0
2023-07-01,Potato,Dudhansadhan,1400.0
2023-07-02,Potato,Dudhansadhan,1400.0
2023-07-04,Potato,Dudhansadhan,1400.0
2023-07-05,Potato,Dudhansadhan,1400.0
2023-07-06,Potato,Dudhansadhan,1300.0
2023-07-08,Potato,Dudhansadhan,1400.0
2023-07-09,Potato,Dudhansadhan,1300.0
2023-07-10,Potato,Dudhansadhan,1400.0
2023-07-11,Potato,Dudhansadhan,1400.0
2023-07-12,Potato,Dudhansadhan,1300.0
2023-07-13,Potato,Dudhansadhan,1400.0
2023-07-14,Potato,Dudhansadhan,1400.0
2023-07-15,Potato,Dudhansadhan,1400.0
2023-07-16,Potato,Dudhansadhan,1400.0
2023-07-17,Potato,Dudhansadhan,1400.0
2023-07-18,Potato,Dudhansadhan,1400.0
2023-07-19,Potato,Dudhansadhan,1400.0
2023-07-20,Potato,Dudhansadhan,1400.0
2023-07-21,Potato,Dudhansadhan,1400.0
2023-07-22,Potato,Dudhansadhan,1400.0
2023-07-23,Potato,Dudhansadhan,1400.0
2023-07-24,Potato,Dudhansadhan,1400.0
2023-07-25,Potato,Dudhansadhan,1400.0
2023-07-26,Potato,Dudhansadhan,1400.0
2023-07-28,Potato,Dudhansadhan,1500.0
2023-07-29,Potato,Dudhansadhan,1600.0
2023-07-31,Potato,Dudhansadhan,1400.0
2023-08-01,Potato,Dudhansadhan,1500.0
2023-08-02,Potato,Dudhansadhan,1500.0
2023-08-05,Potato,Dudhansadhan,1500.0
2023-08-06,Potato,Dudhansadhan,1500.0
2023-08-07,Potato,Dudhansadhan,1500.0
2023-08-08,Potato,Dudhansadhan,1500.0
2023-08-09,Potato,Dudhansadhan,1500.0
2023-08-11,Potato,Dudhansadhan,1500.0
2023-08-12,Potato,Dudhansadhan,1500.0
2023-08-14,Potato,Dudhansadhan,1500.0
2023-08-15,Potato,Dudhansadhan,1500.0
2023-08-16,Potato,Dudhansadhan,1500.0
2023-08-17,Potato,Dudhansadhan,1500.0
2023-08-18,Potato,Dudhansadhan,1500.0
2023-08-19,Potato,Dudhansadhan,1500.0
2023-08-20,Potato,Dudhansadhan,1500.0
2023-08-21,Potato,Dudhansadhan,1500.0
2023-08-24,Potato,Dudhansadhan,1700.0
2023-08-25,Potato,Dudhansadhan,1700.0
2023-08-26,Potato,Dudhansadhan,1700.0
2023-08-28,Potato,Dudhansadhan,1700.0
2023-08-29,Potato,Dudhansadhan,1700.0
2023-08-31,Potato,Dudhansadhan,1700.0
2023-09-01,Potato,Dudhansadhan,1700.0
2023-09-04,Potato,Dudhansadhan,1700.0
2023-09-08,Potato,Dudhansadhan,1700.0
2023-09-09,Potato,Dudhansadhan,1700.0
2023-09-10,Potato,Dudhansadhan,1700.0
2023-09-13,Potato,Dudhansadhan,1700.0
2023-09-16,Potato,Dudhansadhan,1700.0
2023-09-17,Potato,Dudhansadhan,1700.0
2023-09-18,Potato,Dudhansadhan,1600.0
2023-09-21,Potato,Dudhansadhan,1400.0
2023-09-22,Potato,Dudhansadhan,1400.0
2023-09-25,Potato,Dudhansadhan,1400.0
2023-09-26,Potato,Dudhansadhan,1400.0
2023-09-27,Potato,Dudhansadhan,1400.0
2023-09-29,Potato,Dudhansadhan,1400.0
2023-10-03,Potato,Dudhansadhan,1400.0
2023-10-04,Potato,Dudhansadhan,1500.0
2023-10-05,Potato,Dudhansadhan,1400.0
2023-10-06,Potato,Dudhansadhan,1500.0
2023-10-07,Potato,Dudhansadhan,1400.0
2023-10-11,Potato,Dudhansadhan,1400.0
2023-10-12,Potato,Dudhansadhan,1500.0
2023-10-16,Potato,Dudhansadhan,1400.0
2023-10-17,Potato,Dudhansadhan,1400.0
2023-10-19,Potato,Dudhansadhan,1400.0
2023-10-20,Potato,Dudhansadhan,1600.0
2023-10-21,Potato,Dudhansadhan,1500.0
2023-10-27,Potato,Dudhansadhan,1700.0
2023-10-28,Potato,Dudhansadhan,1400.0
2023-10-30,Potato,Dudhansadhan,1400.0
2023-11-02,Potato,Dudhansadhan,1400.0
2023-11-03,Potato,Dudhansadhan,1400.0
2023-11-04,Potato,Dudhansadhan,1400.0
2023-11-05,Potato,Dudhansadhan,1500.0
2023-11-06,Potato,Dudhansadhan,1500.0
2023-11-13,Potato,Dudhansadhan,1700.0
2023-11-14,Potato,Dudhansadhan,1700.0
2023-11-16,Potato,Dudhansadhan,1700.0
2023-11-17,Potato,Dudhansadhan,1700.0
2023-11-18,Potato,Dudhansadhan,1700.0
2023-11-21,Potato,Dudhansadhan,1800.0
2023-11-22,Potato,Dudhansadhan,1700.0
2023-11-23,Potato,Dudhansadhan,1700.0
2023-11-24,Potato,Dudhansadhan,1700.0
2023-11-27,Potato,Dudhansadhan,1700.0
2023-11-28,Potato,Dudhansadhan,1400.0
2023-11-29,Potato,Dudhansadhan,1400.0
2023-12-01,Potato,Dudhansadhan,1400.0
2023-12-06,Potato,Dudhansadhan,1400.0
2023-12-07,Potato,Dudhansadhan,1200.0
2023-12-08,Potato,Dudhansadhan,1200.0
2023-12-12,Potato,Dudhansadhan,1200.0
2023-12-14,Potato,Dudhansadhan,1000.0
2023-12-15,Potato,Dudhansadhan,1000.0
2023-12-16,Potato,Dudhansadhan,1000.0
2023-12-17,Potato,Dudhansadhan,1200.0
2023-12-18,Potato,Dudhansadhan,1200.0
2023-12-26,Potato,Dudhansadhan,1200.0
2023-12-27,Potato,Dudhansadhan,900.0
2023-12-28,Potato,Dudhansadhan,900.0
2023-12-29,Potato,Dudhansadhan,900.0
2023-12-30,Potato,Dudhansadhan,900.0
2024-01-01,Potato,Dudhansadhan,900.0
2024-01-02,Potato,Dudhansadhan,900.0
2024-01-05,Potato,Dudhansadhan,900.0
2024-01-06,Potato,Dudhansadhan,800.0
2024-01-07,Potato,Dudhansadhan,800.0
2024-01-12,Potato,Dudhansadhan,800.0
2024-01-13,Potato,Dudhansadhan,800.0
2024-01-15,Potato,Dudhansadhan,900.0
2024-01-16,Potato,Dudhansadhan,900.0
2024-01-17,Potato,Dudhansadhan,900.0
2024-01-18,Potato,Dudhansadhan,900.0
2024-01-19,Potato,Dudhansadhan,800.0
2024-01-20,Potato,Dudhansadhan,700.0
2024-01-21,Potato,Dudhansadhan,700.0
2024-01-22,Potato,Dudhansadhan,800.0
2024-01-23,Potato,Dudhansadhan,800.0
2024-01-24,Potato,Dudhansadhan,800.0
2024-01-25,Potato,Dudhansadhan,800.0
2024-01-27,Potato,Dudhansadhan,800.0
2024-01-30,Potato,Dudhansadhan,800.0
2024-02-01,Potato,Dudhansadhan,800.0
2024-02-03,Potato,Dudhansadhan,800.0
2024-02-04,Potato,Dudhansadhan,800.0
2024-02-09,Potato,Dudhansadhan,900.0
2024-02-12,Potato,Dudhansadhan,900.0
2024-02-13,Potato,Dudhansadhan,900.0
2024-02-14,Potato,Dudhansadhan,900.0
2024-02-15,Potato,Dudhansadhan,900.0
2024-02-16,Potato,Dudhansadhan,900.0
2024-02-29,Potato,Dudhansadhan,1200.0
2024-03-01,Potato,Dudhansadhan,1200.0
2024-03-02,Potato,Dudhansadhan,1100.0
2024-03-03,Potato,Dudhansadhan,1200.0
2024-03-05,Potato,Dudhansadhan,1200.0
2024-03-06,Potato,Dudhansadhan,1200.0
2024-03-07,Potato,Dudhansadhan,1200.0
2024-03-08,Potato,Dudhansadhan,1200.0
2024-03-14,Potato,Dudhansadhan,1200.0
2024-03-15,Potato,Dudhansadhan,1200.0
2024-03-16,Potato,Dudhansadhan,1200.0
2024-03-17,Potato,Dudhansadhan,1200.0
2024-03-19,Potato,Dudhansadhan,1200.0
2024-03-20,Potato,Dudhansadhan,1200.0
2024-03-22,Potato,Dudhansadhan,1400.0
2024-03-23,Potato,Dudhansadhan,1400.0
2024-03-25,Potato,Dudhansadhan,1300.0
2024-03-27,Potato,Dudhansadhan,1400.0
2024-03-28,Potato,Dudhansadhan,1400.0
2024-03-29,Potato,Dudhansadhan,1400.0
2024-03-30,Potato,Dudhansadhan,1400.0
2024-04-03,Potato,Dudhansadhan,1400.0
2024-04-04,Potato,Dudhansadhan,1400.0
2024-04-05,Potato,Dudhansadhan,1400.0
2024-04-06,Potato,Dudhansadhan,1400.0
2024-04-07,Potato,Dudhansadhan,1400.0
2024-04-08,Potato,Dudhansadhan,1400.0
2024-04-10,Potato,Dudhansadhan,1400.0
2024-04-11,Potato,Dudhansadhan,1400.0
2024-04-12,Potato,Dudhansadhan,1500.0
2024-04-13,Potato,Dudhansadhan,1400.0
2024-04-14,Potato,Dudhansadhan,1500.0
2024-04-15,Potato,Dudhansadhan,1400.0
2024-04-17,Potato,Dudhansadhan,1400.0
2024-04-18,Potato,Dudhansadhan,1400.0
2024-04-19,Potato,Dudhansadhan,1500.0
2024-04-20,Potato,Dudhansadhan,1500.0
2024-04-21,Potato,Dudhansadhan,1800.0
2024-04-22,Potato,Dudhansadhan,1800.0
2024-04-23,Potato,Dudhansadhan,1800.0
2024-04-24,Potato,Dudhansadhan,1900.0
2024-04-26,Potato,Dudhansadhan,1900.0
2024-04-27,Potato,Dudhansadhan,2200.0
2024-05-02,Potato,Dudhansadhan,2100.0
2024-05-03,Potato,Dudhansadhan,2200.0
2024-05-07,Potato,Dudhansadhan,2200.0
2024-05-10,Potato,Dudhansadhan,2200.0
2024-05-11,Potato,Dudhansadhan,2200.0
2024-05-12,Potato,Dudhansadhan,2200.0
2024-05-21,Potato,Dudhansadhan,2100.0
2024-05-27,Potato,Dudhansadhan,2200.0
2024-05-28,Potato,Dudhansadhan,2200.0
2024-05-31,Potato,Dudhansadhan,2200.0
2024-06-01,Potato,Dudhansadhan,2200.0
2024-06-02,Potato,Dudhansadhan,2200.0
2024-06-03,Potato,Dudhansadhan,2200.0
2024-06-04,Potato,Dudhansadhan,2000.0
2024-06-05,Potato,Dudhansadhan,2000.0
2024-06-06,Potato,Dudhansadhan,1900.0
2024-06-07,Potato,Dudhansadhan,2000.0
2024-06-08,Potato,Dudhansadhan,2000.0
2024-06-11,Potato,Dudhansadhan,2000.0
2024-06-12,Potato,Dudhansadhan,2000.0
2024-06-13,Potato,Dudhansadhan,2000.0
2024-06-14,Potato,Dudhansadhan,1900.0
2024-06-15,Potato,Dudhansadhan,1900.0
2024-06-16,Potato,Dudhansadhan,2000.0
2024-06-17,Potato,Dudhansadhan,2000.0
2024-06-18,Potato,Dudhansadhan,1900.0
2024-06-19,Potato,Dudhansadhan,2000.0
2024-06-20,Potato,Dudhansadhan,2000.0
2024-06-21,Potato,Dudhansadhan,2000.0
2024-06-22,Potato,Dudhansadhan,2000.0
2024-06-23,Potato,Dudhansadhan,2100.0
2024-06-24,Potato,Dudhansadhan,2100.0
2024-06-25,Potato,Dudhansadhan,2100.0
2024-06-26,Potato,Dudhansadhan,2200.0
2024-06-27,Potato,Dudhansadhan,2100.0
2024-06-28,Potato,Dudhansadhan,2200.0
2024-06-29,Potato,Dudhansadhan,2200.0
2024-07-02,Potato,Dudhansadhan,2200.0
2024-07-03,Potato,Dudhansadhan,2200.0
2024-07-04,Potato,Dudhansadhan,2200.0
2024-07-10,Potato,Dudhansadhan,2400.0
2024-07-11,Potato,Dudhansadhan,2400.0
2024-07-12,Potato,Dudhansadhan,2100.0
2024-07-13,Potato,Dudhansadhan,2200.0
2024-07-14,Potato,Dudhansadhan,2200.0
2024-07-15,Potato,Dudhansadhan,2200.0
2024-07-19,Potato,Dudhansadhan,2200.0
2024-07-20,Potato,Dudhansadhan,2400.0
2024-07-21,Potato,Dudhansadhan,2700.0
2024-07-22,Potato,Dudhansadhan,2300.0
2024-07-23,Potato,Dudhansadhan,3500.0
2024-07-24,Potato,Dudhansadhan,2400.0
2024-07-29,Potato,Dudhansadhan,2300.0
2024-07-30,Potato,Dudhansadhan,2300.0
2024-08-02,Potato,Dudhansadhan,2300.0
2024-08-04,Potato,Dudhansadhan,2300.0
2024-08-05,Potato,Dudhansadhan,2300.0
2024-08-08,Potato,Dudhansadhan,2300.0
2024-08-09,Potato,Dudhansadhan,2300.0
2024-08-11,Potato,Dudhansadhan,2300.0
2024-08-12,Potato,Dudhansadhan,2400.0
2024-08-13,Potato,Dudhansadhan,2300.0
2024-08-15,Potato,Dudhansadhan,2300.0
2024-08-16,Potato,Dudhansadhan,2300.0
2024-08-17,Potato,Dudhansadhan,2300.0
2024-08-19,Potato,Dudhansadhan,2300.0
2024-08-20,Potato,Dudhansadhan,2300.0
2024-08-21,Potato,Dudhansadhan,2300.0
2024-08-22,Potato,Dudhansadhan,2300.0
2024-08-23,Potato,Dudhansadhan,2300.0
2024-08-24,Potato,Dudhansadhan,2300.0
2024-08-26,Potato,Dudhansadhan,2300.0
2024-08-27,Potato,Dudhansadhan,2300.0
2024-08-29,Potato,Dudhansadhan,2300.0
2024-08-30,Potato,Dudhansadhan,2300.0
2024-08-31,Potato,Dudhansadhan,2300.0
2024-09-01,Potato,Dudhansadhan,2300.0
2024-09-02,Potato,Dudhansadhan,2300.0
2024-09-03,Potato,Dudhansadhan,2300.0
2024-09-04,Potato,Dudhansadhan,2300.0
2024-09-05,Potato,Dudhansadhan,2300.0
2024-09-06,Potato,Dudhansadhan,2300.0
2024-09-07,Potato,Dudhansadhan,2300.0
2024-09-08,Potato,Dudhansadhan,2300.0
2024-09-09,Potato,Dudhansadhan,2300.0
2024-09-10,Potato,Dudhansadhan,2300.0
2024-09-11,Potato,Dudhansadhan,2300.0
2024-09-12,Potato,Dudhansadhan,2300.0
2024-09-13,Potato,Dudhansadhan,2300.0
2024-09-14,Potato,Dudhansadhan,2300.0
2024-09-16,Potato,Dudhansadhan,2300.0
2024-09-17,Potato,Dudhansadhan,2300.0
2024-09-18,Potato,Dudhansadhan,2300.0
2024-09-19,Potato,Dudhansadhan,2300.0
2024-09-20,Potato,Dudhansadhan,2300.0
2024-09-21,Potato,Dudhansadhan,2300.0
2024-09-22,Potato,Dudhansadhan,2300.0
2024-09-23,Potato,Dudhansadhan,2300.0
2024-09-24,Potato,Dudhansadhan,2300.0
2024-09-25,Potato,Dudhansadhan,2300.0
2024-09-26,Potato,Dudhansadhan,2300.0
2024-09-27,Potato,Dudhansadhan,2300.0
2024-09-28,Potato,Dudhansadhan,2300.0
2024-09-30,Potato,Dudhansadhan,2300.0
2024-10-01,Potato,Dudhansadhan,2300.0
2024-10-03,Potato,Dudhansadhan,2300.0
2024-10-04,Potato,Dudhansadhan,2300.0
2024-10-05,Potato,Dudhansadhan,2300.0
2024-10-06,Potato,Dudhansadhan,2300.0
2024-10-07,Potato,Dudhansadhan,2300.0
2024-10-09,Potato,Dudhansadhan,2300.0
2024-10-10,Potato,Dudhansadhan,2300.0
2024-10-11,Potato,Dudhansadhan,2200.0
2024-10-12,Potato,Dudhansadhan,2200.0
2024-10-13,Potato,Dudhansadhan,2200.0
2024-10-14,Potato,Dudhansadhan,2300.0
2024-10-15,Potato,Dudhansadhan,2300.0
2024-10-16,Potato,Dudhansadhan,2300.0
2024-10-17,Potato,Dudhansadhan,2300.0
2024-10-18,Potato,Dudhansadhan,2300.0
2024-10-19,Potato,Dudhansadhan,2300.0
2024-10-21,Potato,Dudhansadhan,2300.0
2024-10-23,Potato,Dudhansadhan,2300.0
2024-10-24,Potato,Dudhansadhan,2300.0
2024-10-25,Potato,Dudhansadhan,2300.0
2024-10-26,Potato,Dudhansadhan,2300.0
2024-10-27,Potato,Dudhansadhan,2300.0
2024-10-29,Potato,Dudhansadhan,2300.0
2024-10-30,Potato,Dudhansadhan,2300.0
2024-10-31,Potato,Dudhansadhan,2300.0
2024-11-01,Potato,Dudhansadhan,2300.0
2024-11-02,Potato,Dudhansadhan,2300.0
2024-11-03,Potato,Dudhansadhan,2300.0
2024-11-05,Potato,Dudhansadhan,2300.0
2024-11-06,Potato,Dudhansadhan,2400.0
2024-11-07,Potato,Dudhansadhan,2300.0
2024-11-09,Potato,Dudhansadhan,2400.0
2024-11-10,Potato,Dudhansadhan,2400.0
2024-11-12,Potato,Dudhansadhan,2300.0
2024-11-13,Potato,Dudhansadhan,2300.0
2024-11-14,Potato,Dudhansadhan,2300.0
2024-11-15,Potato,Dudhansadhan,2300.0
2024-11-16,Potato,Dudhansadhan,2400.0
2024-11-17,Potato,Dudhansadhan,2400.0
2024-11-18,Potato,Dudhansadhan,2400.0
2024-11-20,Potato,Dudhansadhan,2600.0
2024-11-21,Potato,Dudhansadhan,2700.0
2024-11-22,Potato,Dudhansadhan,2700.0
2024-11-23,Potato,Dudhansadhan,2700.0
2024-11-25,Potato,Dudhansadhan,2700.0
2024-11-26,Potato,Dudhansadhan,2700.0
2024-11-27,Potato,Dudhansadhan,2700.0
2024-11-28,Potato,Dudhansadhan,2700.0
2024-11-29,Potato,Dudhansadhan,2600.0
2024-12-03,Potato,Dudhansadhan,2700.0
2024-12-04,Potato,Dudhansadhan,2700.0
2024-12-05,Potato,Dudhansadhan,2700.0
2024-12-06,Potato,Dudhansadhan,2800.0
2024-12-07,Potato,Dudhansadhan,2900.0
2024-12-08,Potato,Dudhansadhan,2800.0
2024-12-09,Potato,Dudhansadhan,4400.0
2024-12-10,Potato,Dudhansadhan,1900.0
2024-12-11,Potato,Dudhansadhan,1900.0
2024-12-12,Potato,Dudhansadhan,2000.0
2024-12-13,Potato,Dudhansadhan,1900.0
2024-12-14,Potato,Dudhansadhan,1900.0
2024-12-15,Potato,Dudhansadhan,1900.0
2024-12-16,Potato,Dudhansadhan,1900.0
2024-12-17,Potato,Dudhansadhan,1900.0
2024-12-18,Potato,Dudhansadhan,1900.0
2024-12-19,Potato,Dudhansadhan,1900.0
2024-12-20,Potato,Dudhansadhan,1900.0
2024-12-21,Potato,Dudhansadhan,1900.0
2024-12-22,Potato,Dudhansadhan,1900.0
2024-12-23,Potato,Dudhansadhan,1900.0
2024-12-24,Potato,Dudhansadhan,1900.0
2024-12-25,Potato,Dudhansadhan,1900.0
2024-12-26,Potato,Dudhansadhan,1800.0
2024-12-27,Potato,Dudhansadhan,1900.0
2024-12-28,Potato,Dudhansadhan,1900.0
2024-12-30,Potato,Dudhansadhan,1800.0
2024-12-31,Potato,Dudhansadhan,1700.0
2025-01-01,Potato,Dudhansadhan,1600.0
2025-01-02,Potato,Dudhansadhan,1600.0
2025-01-03,Potato,Dudhansadhan,1600.0
2025-01-04,Potato,Dudhansadhan,1600.0
2025-01-05,Potato,Dudhansadhan,1600.0
2025-01-06,Potato,Dudhansadhan,1600.0
2025-01-07,Potato,Dudhansadhan,1600.0
2025-01-08,Potato,Dudhansadhan,1600.0
2025-01-09,Potato,Dudhansadhan,1600.0
2025-01-10,Potato,Dudhansadhan,1600.0
2025-01-11,Potato,Dudhansadhan,1600.0
2025-01-12,Potato,Dudhansadhan,1600.0
2025-01-13,Potato,Dudhansadhan,1600.0
2025-01-14,Potato,Dudhansadhan,1600.0
2025-01-17,Potato,Dudhansadhan,1600.0
2025-01-18,Potato,Dudhansadhan,1600.0
2025-01-19,Potato,Dudhansadhan,1600.0
2025-01-20,Potato,Dudhansadhan,1600.0
2025-01-21,Potato,Dudhansadhan,900.0
2025-01-22,Potato,Dudhansadhan,900.0
2025-01-23,Potato,Dudhansadhan,900.0
2025-01-24,Potato,Dudhansadhan,900.0
2025-01-25,Potato,Dudhansadhan,900.0
2025-01-27,Potato,Dudhansadhan,900.0
2025-01-28,Potato,Dudhansadhan,900.0
2025-01-29,Potato,Dudhansadhan,900.0
2025-01-31,Potato,Dudhansadhan,900.0
2025-02-01,Potato,Dudhansadhan,900.0
2025-02-02,Potato,Dudhansadhan,900.0
2025-02-03,Potato,Dudhansadhan,900.0
2025-02-04,Potato,Dudhansadhan,900.0
2025-02-05,Potato,Dudhansadhan,900.0
2025-02-06,Potato,Dudhansadhan,900.0
2025-02-07,Potato,Dudhansadhan,900.0
2025-02-08,Potato,Dudhansadhan,900.0
2025-02-09,Potato,Dudhansadhan,900.0
2025-02-10,Potato,Dudhansadhan,900.0
2025-02-11,Potato,Dudhansadhan,900.0
2025-02-12,Potato,Dudhansadhan,900.0
2025-02-13,Potato,Dudhansadhan,900.0
2025-02-14,Potato,Dudhansadhan,900.0
2025-02-15,Potato,Dudhansadhan,900.0
2025-02-16,Potato,Dudhansadhan,900.0
2025-02-17,Potato,Dudhansadhan,900.0
2025-02-18,Potato,Dudhansadhan,900.0
2025-02-19,Potato,Dudhansadhan,900.0
2025-02-20,Potato,Dudhansadhan,900.0
2025-02-21,Potato,Dudhansadhan,900.0
2025-02-22,Potato,Dudhansadhan,900.0
2025-02-24,Potato,Dudhansadhan,900.0
2025-02-25,Potato,Dudhansadhan,900.0
2025-02-26,Potato,Dudhansadhan,900.0
2025-02-27,Potato,Dudhansadhan,900.0
2025-02-28,Potato,Dudhansadhan,900.0
2025-03-01,Potato,Dudhansadhan,900.0
2025-03-02,Potato,Dudhansadhan,900.0
2025-03-03,Potato,Dudhansadhan,900.0
2025-03-04,Potato,Dudhansadhan,900.0
2025-03-06,Potato,Dudhansadhan,900.0
2025-03-07,Potato,Dudhansadhan,900.0
2025-03-08,Potato,Dudhansadhan,900.0
2025-03-09,Potato,Dudhansadhan,900.0
2025-03-10,Potato,Dudhansadhan,900.0
2025-03-11,Potato,Dudhansadhan,900.0
2025-03-12,Potato,Dudhansadhan,900.0
2025-03-13,Potato,Dudhansadhan,900.0
2025-03-14,Potato,Dudhansadhan,900.0
2025-03-15,Potato,Dudhansadhan,900.0
2025-03-16,Potato,Dudhansadhan,900.0
2025-03-17,Potato,Dudhansadhan,900.0
2025-03-18,Potato,Dudhansadhan,900.0
2025-03-19,Potato,Dudhansadhan,900.0
2025-03-20,Potato,Dudhansadhan,900.0
2025-03-21,Potato,Dudhansadhan,900.0
2025-03-22,Potato,Dudhansadhan,900.0
2025-03-23,Potato,Dudhansadhan,900.0
2025-03-24,Potato,Dudhansadhan,900.0
2025-03-25,Potato,Dudhansadhan,900.0
2025-03-26,Potato,Dudhansadhan,900.0
2025-03-27,Potato,Dudhansadhan,900.0
2025-03-28,Potato,Dudhansadhan,900.0
2025-03-29,Potato,Dudhansadhan,900.0
2025-03-31,Potato,Dudhansadhan,900.0
2025-04-01,Potato,Dudhansadhan,900.0
2025-04-02,Potato,Dudhansadhan,900.0
2025-04-03,Potato,Dudhansadhan,800.0
2025-04-04,Potato,Dudhansadhan,900.0
2025-04-05,Potato,Dudhansadhan,900.0
2025-04-06,Potato,Dudhansadhan,900.0
2025-04-07,Potato,Dudhansadhan,900.0
2025-04-08,Potato,Dudhansadhan,900.0
2025-04-09,Potato,Dudhansadhan,900.0
2025-04-10,Potato,Dudhansadhan,900.0
2025-04-11,Potato,Dudhansadhan,900.0
2025-04-12,Potato,Dudhansadhan,900.0
2025-04-13,Potato,Dudhansadhan,900.0
2025-04-14,Potato,Dudhansadhan,900.0
2025-04-15,Potato,Dudhansadhan,900.0
2025-04-16,Potato,Dudhansadhan,900.0
2025-04-18,Potato,Dudhansadhan,900.0
2025-04-19,Potato,Dudhansadhan,900.0
2025-04-20,Potato,Dudhansadhan,900.0
2025-04-21,Potato,Dudhansadhan,900.0
2025-04-22,Potato,Dudhansadhan,900.0
2025-04-23,Potato,Dudhansadhan,900.0
2025-04-24,Potato,Dudhansadhan,900.0
2025-04-25,Potato,Dudhansadhan,900.0
2025-04-26,Potato,Dudhansadhan,900.0
2025-04-29,Potato,Dudhansadhan,800.0
2025-04-30,Potato,Dudhansadhan,800.0
2025-05-01,Potato,Dudhansadhan,800.0
2025-05-02,Potato,Dudhansadhan,900.0
2025-05-03,Potato,Dudhansadhan,800.0
2025-05-04,Potato,Dudhansadhan,800.0
2025-05-05,Potato,Dudhansadhan,800.0
2025-05-06,Potato,Dudhansadhan,1000.0
2025-05-08,Potato,Dudhansadhan,1100.0
2025-05-09,Potato,Dudhansadhan,1100.0
2025-05-10,Potato,Dudhansadhan,1100.0
2025-05-11,Potato,Dudhansadhan,1100.0
2025-05-13,Potato,Dudhansadhan,1100.0
2025-05-14,Potato,Dudhansadhan,1100.0
2025-05-15,Potato,Dudhansadhan,1100.0
2025-05-16,Potato,Dudhansadhan,1100.0
2025-05-17,Potato,Dudhansadhan,1100.0
2025-05-18,Potato,Dudhansadhan,1200.0
2025-05-20,Potato,Dudhansadhan,1200.0
2025-05-21,Potato,Dudhansadhan,1200.0
2025-05-22,Potato,Dudhansadhan,900.0
2025-05-23,Potato,Dudhansadhan,1200.0
2025-05-24,Potato,Dudhansadhan,1200.0
2025-05-26,Potato,Dudhansadhan,1200.0
2025-05-27,Potato,Dudhansadhan,1200.0
2025-05-29,Potato,Dudhansadhan,1200.0
2025-05-30,Potato,Dudhansadhan,1200.0
2025-05-31,Potato,Dudhansadhan,1100.0
2025-06-02,Potato,Dudhansadhan,1100.0
2025-06-03,Potato,Dudhansadhan,1100.0
2025-06-04,Potato,Dudhansadhan,1100.0
2025-11-09,Potato,Dudhansadhan,1500.0
2025-11-10,Potato,Dudhansadhan,1500.0
2025-11-11,Potato,Dudhansadhan,1500.0
2025-11-12,Potato,Dudhansadhan,1500.0
2025-11-18,Potato,Dudhansadhan,1600.0
2025-11-19,Potato,Dudhansadhan,1600.0
2025-11-20,Potato,Dudhansadhan,1600.0
2025-11-21,Potato,Dudhansadhan,1600.0
2025-11-22,Potato,Dudhansadhan,1500.0
2025-11-23,Potato,Dudhansadhan,1500.0
2025-11-24,Potato,Dudhansadhan,1600.0
2025-11-26,Potato,Dudhansadhan,1400.0
2025-11-27,Potato,Dudhansadhan,1500.0
2025-11-28,Potato,Dudhansadhan,1500.0
2025-11-29,Potato,Dudhansadhan,1500.0
2025-12-01,Potato,Dudhansadhan,1500.0
2025-12-02,Potato,Dudhansadhan,1500.0
2025-12-03,Potato,Dudhansadhan,1600.0
2025-12-04,Potato,Dudhansadhan,1500.0
2025-12-05,Potato,Dudhansadhan,1500.0
2025-12-06,Potato,Dudhansadhan,1500.0
2025-12-09,Potato,Dudhansadhan,1500.0
2025-12-11,Potato,Dudhansadhan,1500.0
2025-12-12,Potato,Dudhansadhan,1500.0
2025-12-18,Potato,Dudhansadhan,1500.0
2025-12-23,Potato,Dudhansadhan,1500.0
2025-12-27,Potato,Dudhansadhan,1200.0
2026-01-01,Potato,Dudhansadhan,800.0
2026-01-02,Potato,Dudhansadhan,800.0
2026-01-03,Potato,Dudhansadhan,800.0
2026-01-04,Potato,Dudhansadhan,800.0
2026-01-05,Potato,Dudhansadhan,900.0
2026-01-08,Potato,Dudhansadhan,800.0
2026-01-10,Potato,Dudhansadhan,900.0
2026-01-13,Potato,Dudhansadhan,1000.0
2026-01-14,Potato,Dudhansadhan,1000.0
2026-01-17,Potato,Dudhansadhan,1000.0
2026-01-18,Potato,Dudhansadhan,1000.0
2026-01-19,Potato,Dudhansadhan,1000.0
2026-01-20,Potato,Dudhansadhan,1000.0
2026-01-22,Potato,Dudhansadhan,1000.0
2026-01-24,Potato,Dudhansadhan,1000.0
2026-01-26,Potato,Dudhansadhan,1000.0
2026-01-28,Potato,Dudhansadhan,1000.0
2026-01-29,Potato,Dudhansadhan,1000.0
2026-01-30,Potato,Dudhansadhan,1000.0
2026-01-31,Potato,Dudhansadhan,1000.0
2026-02-01,Potato,Dudhansadhan,1000.0
2026-02-02,Potato,Dudhansadhan,1000.0
2026-02-04,Potato,Dudhansadhan,1000.0
2026-02-05,Potato,Dudhansadhan,900.0
2026-02-08,Potato,Dudhansadhan,1000.0
2026-02-09,Potato,Dudhansadhan,1000.0
2026-02-10,Potato,Dudhansadhan,1000.0
2026-02-11,Potato,Dudhansadhan,1000.0
2026-02-12,Potato,Dudhansadhan,1000.0
2026-02-13,Potato,Dudhansadhan,1000.0
2026-02-14,Potato,Dudhansadhan,1000.0
2026-02-16,Potato,Dudhansadhan,1000.0
2026-02-17,Potato,Dudhansadhan,1000.0
2026-02-18,Potato,Dudhansadhan,1000.0
2026-02-19,Potato,Dudhansadhan,1000.0
2026-02-21,Potato,Dudhansadhan,1000.0
2026-02-23,Potato,Dudhansadhan,1000.0
2026-02-25,Potato,Dudhansadhan,1000.0
2026-03-01,Potato,Dudhansadhan,895.24
2026-03-02,Potato,Dudhansadhan,800.0
2026-03-03,Potato,Dudhansadhan,1000.0
2026-03-04,Potato,Dudhansadhan,1000.0
2026-03-05,Potato,Dudhansadhan,1000.0
2026-03-06,Potato,Dudhansadhan,1000.0
2026-03-09,Potato,Dudhansadhan,1000.0
2026-03-10,Potato,Dudhansadhan,1000.0
2026-03-11,Potato,Dudhansadhan,1000.0
2026-03-12,Potato,Dudhansadhan,1000.0
2026-03-14,Potato,Dudhansadhan,1000.0
2026-03-15,Potato,Dudhansadhan,1000.0
2026-03-17,Potato,Dudhansadhan,1000.0
2026-03-18,Potato,Dudhansadhan,1000.0
2026-03-19,Potato,Dudhansadhan,1000.0
2026-03-20,Potato,Dudhansadhan,1000.0
2026-03-21,Potato,Dudhansadhan,1000.0
2026-03-23,Potato,Dudhansadhan,1000.0
2026-03-24,Potato,Dudhansadhan,1000.0
2026-03-25,Potato,Dudhansadhan,1000.0
2026-03-26,Potato,Dudhansadhan,1000.0
2026-03-27,Potato,Dudhansadhan,700.0
2026-03-30,Potato,Dudhansadhan,700.0
2026-03-31,Potato,Dudhansadhan,700.0
2026-04-02,Potato,Dudhansadhan,800.0
2026-04-03,Potato,Dudhansadhan,700.0
2026-04-04,Potato,Dudhansadhan,700.0
2026-04-05,Potato,Dudhansadhan,700.0
2026-04-06,Potato,Dudhansadhan,700.0
2026-04-07,Potato,Dudhansadhan,700.0
2026-04-08,Potato,Dudhansadhan,700.0
2026-04-09,Potato,Dudhansadhan,700.0
2026-04-10,Potato,Dudhansadhan,700.0
2026-04-11,Potato,Dudhansadhan,700.0
2026-04-13,Potato,Dudhansadhan,500.0
2026-04-15,Potato,Dudhansadhan,500.0
2026-04-16,Potato,Dudhansadhan,500.0
2026-04-17,Potato,Dudhansadhan,500.0
2026-04-18,Potato,Dudhansadhan,500.0
2026-04-19,Potato,Dudhansadhan,500.0
2026-04-20,Potato,Dudhansadhan,600.0
2026-04-21,Potato,Dudhansadhan,700.0
2026-04-23,Potato,Dudhansadhan,700.0
2026-04-24,Potato,Dudhansadhan,700.0
2026-04-25,Potato,Dudhansadhan,700.0
2026-04-27,Potato,Dudhansadhan,700.0
2026-04-28,Potato,Dudhansadhan,700.0
2026-04-29,Potato,Dudhansadhan,700.0
2026-04-30,Potato,Dudhansadhan,700.0
2026-05-01,Potato,Dudhansadhan,700.0
2026-05-02,Potato,Dudhansadhan,700.0
2026-05-03,Potato,Dudhansadhan,700.0
2026-05-04,Potato,Dudhansadhan,700.0
2026-05-05,Potato,Dudhansadhan,700.0
2026-05-06,Potato,Dudhansadhan,700.0
2026-05-07,Potato,Dudhansadhan,700.0
2026-05-08,Potato,Dudhansadhan,700.0
2026-05-09,Potato,Dudhansadhan,800.0
2026-05-10,Potato,Dudhansadhan,800.0
2026-05-11,Potato,Dudhansadhan,800.0
2026-05-12,Potato,Dudhansadhan,800.0
2026-05-13,Potato,Dudhansadhan,800.0
2026-05-14,Potato,Dudhansadhan,800.0
2026-05-15,Potato,Dudhansadhan,800.0
2026-05-16,Potato,Dudhansadhan,800.0
2026-05-17,Potato,Dudhansadhan,800.0
2026-05-18,Potato,Dudhansadhan,800.0
2026-05-19,Potato,Dudhansadhan,800.0
2026-05-21,Potato,Dudhansadhan,800.0
2026-05-23,Potato,Dudhansadhan,800.0
2026-05-24,Potato,Dudhansadhan,800.0
2026-05-26,Potato,Dudhansadhan,800.0
2026-05-27,Potato,Dudhansadhan,800.0
2026-05-29,Potato,Dudhansadhan,800.0
2026-05-30,Potato,Dudhansadhan,800.0
2026-06-01,Potato,Dudhansadhan,800.0
2026-06-02,Potato,Dudhansadhan,800.0
2026-06-03,Potato,Dudhansadhan,800.0
2026-06-04,Potato,Dudhansadhan,800.0
2026-06-05,Potato,Dudhansadhan,800.0
2026-06-06,Potato,Dudhansadhan,800.0
2026-06-07,Potato,Dudhansadhan,800.0
2026-06-08,Potato,Dudhansadhan,800.0
2026-06-10,Potato,Dudhansadhan,900.0
2026-06-12,Potato,Dudhansadhan,900.0
2026-06-13,Potato,Dudhansadhan,900.0
2026-06-14,Potato,Dudhansadhan,900.0
2026-06-15,Potato,Dudhansadhan,900.0
2026-06-16,Potato,Dudhansadhan,900.0
2026-06-17,Potato,Dudhansadhan,1000.0
2026-06-18,Potato,Dudhansadhan,900.0
2026-06-19,Potato,Dudhansadhan,1000.0
2026-06-20,Potato,Dudhansadhan,1000.0
2026-06-22,Potato,Dudhansadhan,900.0
2026-06-23,Potato,Dudhansadhan,1000.0
2026-06-26,Potato,Dudhansadhan,900.0
2026-06-27,Potato,Dudhansadhan,900.0
2026-06-30,Potato,Dudhansadhan,900.0
2026-07-01,Potato,Dudhansadhan,900.0
2026-07-02,Potato,Dudhansadhan,900.0
2026-07-03,Potato,Dudhansadhan,900.0
2026-07-04,Potato,Dudhansadhan,900.0
2026-07-05,Potato,Dudhansadhan,900.0
2026-07-06,Potato,Dudhansadhan,900.0
2026-07-07,Potato,Dudhansadhan,900.0
2026-07-08,Potato,Dudhansadhan,900.0
2026-07-09,Potato,Dudhansadhan,900.0
2026-07-10,Potato,Dudhansadhan,900.0
2026-07-12,Potato,Dudhansadhan,900.0
2026-07-13,Potato,Dudhansadhan,900.0
2026-07-15,Potato,Dudhansadhan,900.0
2026-07-16,Potato,Dudhansadhan,900.0
2026-07-17,Potato,Dudhansadhan,900.0
2026-07-18,Potato,Dudhansadhan,900.0
2026-07-19,Potato,Dudhansadhan,900.0
2026-07-21,Potato,Dudhansadhan,900.0
2026-07-22,Potato,Dudhansadhan,900.0
2026-07-23,Potato,Dudhansadhan,900.0
2026-07-25,Potato,Dudhansadhan,900.0
2026-07-27,Potato,Dudhansadhan,900.0
2026-07-28,Potato,Dudhansadhan,900.0
2026-07-29,Potato,Dudhansadhan,800.0
2026-07-30,Potato,Dudhansadhan,800.0
2026-07-31,Potato,Dudhansadhan,800.0
2026-08-01,Potato,Dudhansadhan,900.0
2026-08-02,Potato,Dudhansadhan,900.0
2026-08-03,Potato,Dudhansadhan,900.0
2026-08-04,Potato,Dudhansadhan,900.0
2026-08-05,Potato,Dudhansadhan,900.0
2026-08-06,Potato,Dudhansadhan,900.0
2026-08-07,Potato,Dudhansadhan,800.0
2026-08-08,Potato,Dudhansadhan,800.0
2026-08-09,Potato,Dudhansadhan,800.0
2026-08-10,Potato,Dudhansadhan,800.0
2026-08-12,Potato,Dudhansadhan,800.0
2026-08-13,Potato,Dudhansadhan,800.0
2026-08-14,Potato,Dudhansadhan,800.0
2026-08-15,Potato,Dudhansadhan,800.0
2026-08-16,Potato,Dudhansadhan,800.0
2026-08-17,Potato,Dudhansadhan,800.0
2026-08-19,Potato,Dudhansadhan,800.0
2026-08-20,Potato,Dudhansadhan,800.0
2026-08-21,Potato,Dudhansadhan,800.0
2026-08-22,Potato,Dudhansadhan,800.0
2026-08-23,Potato,Dudhansadhan,800.0
2026-08-24,Potato,Dudhansadhan,800.0
2026-08-25,Potato,Dudhansadhan,800.0
2026-08-26,Potato,Dudhansadhan,800.0
2026-08-27,Potato,Dudhansadhan,800.0
2024-09-02,Potato,Gehri,2000.0
2024-09-03,Potato,Gehri,2000.0
2024-09-06,Potato,Gehri,1500.0
2024-11-14,Potato,Gehri,800.0
2026-01-21,Potato,Gehri,400.0
2026-05-14,Potato,Gehri,750.0
2026-08-07,Potato,Gehri,1200.0
2026-08-12,Potato,Gehri,1000.0
2026-08-17,Potato,Gehri,900.0
2023-06-11,Potato,Gehri(Jandiala mandi),500.0
2023-06-13,Potato,Gehri(Jandiala mandi),700.0
2023-06-15,Potato,Gehri(Jandiala mandi),600.0
2023-08-23,Potato,Gehri(Jandiala mandi),500.0
2023-08-24,Potato,Gehri(Jandiala mandi),500.0
2023-12-18,Potato,Gehri(Jandiala mandi),400.0
2023-12-19,Potato,Gehri(Jandiala mandi),400.0
2023-12-21,Potato,Gehri(Jandiala mandi),550.0
2023-12-22,Potato,Gehri(Jandiala mandi),450.0
2024-01-03,Potato,Gehri(Jandiala mandi),550.0
2024-01-24,Potato,Gehri(Jandiala mandi),600.0
2024-02-19,Potato,Gehri(Jandiala mandi),700.0
2024-03-21,Potato,Gehri(Jandiala mandi),1100.0
2024-03-22,Potato,Gehri(Jandiala mandi),500.0
2024-03-26,Potato,Gehri(Jandiala mandi),500.0
2024-03-27,Potato,Gehri(Jandiala mandi),500.0
2024-04-01,Potato,Gehri(Jandiala mandi),800.0
2024-04-02,Potato,Gehri(Jandiala mandi),500.0
2024-04-03,Potato,Gehri(Jandiala mandi),500.0
2024-04-04,Potato,Gehri(Jandiala mandi),500.0
2024-04-10,Potato,Gehri(Jandiala mandi),500.0
2024-05-24,Potato,Gehri(Jandiala mandi),500.0
2024-05-27,Potato,Gehri(Jandiala mandi),650.0
2024-05-29,Potato,Gehri(Jandiala mandi),550.0
2024-11-09,Potato,Ghanaur,2000.0
2024-11-10,Potato,Ghanaur,2200.0
2024-11-12,Potato,Ghanaur,2000.0
2024-11-13,Potato,Ghanaur,2000.0
2024-11-15,Potato,Ghanaur,2800.0
2024-11-16,Potato,Ghanaur,2800.0
2024-11-17,Potato,Ghanaur,2900.0
2024-11-18,Potato,Ghanaur,2900.0
2024-11-19,Potato,Ghanaur,2800.0
2024-11-20,Potato,Ghanaur,2800.0
2024-11-21,Potato,Ghanaur,2800.0
2024-11-22,Potato,Ghanaur,2700.0
2024-11-23,Potato,Ghanaur,2700.0
2024-11-24,Potato,Ghanaur,2700.0
2024-11-25,Potato,Ghanaur,2700.0
2024-11-26,Potato,Ghanaur,2700.0
2024-11-27,Potato,Ghanaur,2700.0
2024-11-28,Potato,Ghanaur,2900.0
2024-11-29,Potato,Ghanaur,2900.0
2024-12-17,Potato,Ghanaur,850.0
2024-12-18,Potato,Ghanaur,900.0
2024-12-19,Potato,Ghanaur,1700.0
2024-12-20,Potato,Ghanaur,1200.0
2024-12-21,Potato,Ghanaur,1200.0
2024-12-22,Potato,Ghanaur,1300.0
2024-12-23,Potato,Ghanaur,1300.0
2024-12-24,Potato,Ghanaur,1200.0
2024-12-25,Potato,Ghanaur,1200.0
2024-12-26,Potato,Ghanaur,1400.0
2024-12-30,Potato,Ghanaur,1500.0
2024-12-31,Potato,Ghanaur,1600.0
2025-01-02,Potato,Ghanaur,1650.0
2025-01-03,Potato,Ghanaur,1400.0
2025-01-12,Potato,Ghanaur,1300.0
2025-01-13,Potato,Ghanaur,1100.0
2025-01-16,Potato,Ghanaur,1000.0
2025-01-18,Potato,Ghanaur,1000.0
2025-01-19,Potato,Ghanaur,1000.0
2025-01-20,Potato,Ghanaur,1000.0
2025-01-21,Potato,Ghanaur,900.0
2025-01-22,Potato,Ghanaur,900.0
2025-01-23,Potato,Ghanaur,900.0
2025-01-24,Potato,Ghanaur,900.0
2025-01-28,Potato,Ghanaur,800.0
2025-01-29,Potato,Ghanaur,800.0
2025-01-30,Potato,Ghanaur,800.0
2025-01-31,Potato,Ghanaur,800.0
2025-02-02,Potato,Ghanaur,800.0
2025-02-03,Potato,Ghanaur,800.0
2025-02-04,Potato,Ghanaur,800.0
2025-02-05,Potato,Ghanaur,600.0
2025-02-06,Potato,Ghanaur,600.0
2025-02-07,Potato,Ghanaur,600.0
2025-02-10,Potato,Ghanaur,600.0
2025-02-11,Potato,Ghanaur,700.0
2025-02-12,Potato,Ghanaur,700.0
2025-02-13,Potato,Ghanaur,700.0
2025-02-14,Potato,Ghanaur,700.0
2025-02-15,Potato,Ghanaur,500.0
2025-02-16,Potato,Ghanaur,700.0
2025-02-17,Potato,Ghanaur,600.0
2025-02-20,Potato,Ghanaur,700.0
2025-02-21,Potato,Ghanaur,700.0
2025-02-27,Potato,Ghanaur,900.0
2025-02-28,Potato,Ghanaur,900.0
2025-03-03,Potato,Ghanaur,900.0
2025-03-04,Potato,Ghanaur,800.0
2025-03-05,Potato,Ghanaur,800.0
2025-03-06,Potato,Ghanaur,800.0
2025-03-08,Potato,Ghanaur,700.0
2025-03-10,Potato,Ghanaur,900.0
2025-03-11,Potato,Ghanaur,900.0
2025-03-16,Potato,Ghanaur,800.0
2025-03-17,Potato,Ghanaur,800.0
2025-03-19,Potato,Ghanaur,700.0
2025-03-20,Potato,Ghanaur,700.0
2025-04-01,Potato,Ghanaur,800.0
2025-04-02,Potato,Ghanaur,800.0
2025-04-03,Potato,Ghanaur,800.0
2025-04-04,Potato,Ghanaur,800.0
2025-04-05,Potato,Ghanaur,800.0
2025-04-06,Potato,Ghanaur,700.0
2025-04-07,Potato,Ghanaur,700.0
2025-04-08,Potato,Ghanaur,700.0
2025-04-09,Potato,Ghanaur,600.0
2025-04-10,Potato,Ghanaur,800.0
2025-04-11,Potato,Ghanaur,800.0
2025-04-12,Potato,Ghanaur,800.0
2025-04-13,Potato,Ghanaur,800.0
2025-04-14,Potato,Ghanaur,800.0
2025-04-15,Potato,Ghanaur,800.0
2025-04-16,Potato,Ghanaur,800.0
2025-04-18,Potato,Ghanaur,800.0
2025-04-19,Potato,Ghanaur,800.0
2025-04-20,Potato,Ghanaur,800.0
2025-04-21,Potato,Ghanaur,800.0
2025-04-22,Potato,Ghanaur,800.0
2025-04-24,Potato,Ghanaur,700.0
2025-04-25,Potato,Ghanaur,700.0
2025-04-26,Potato,Ghanaur,700.0
2025-04-27,Potato,Ghanaur,800.0
2025-04-28,Potato,Ghanaur,800.0
2025-04-29,Potato,Ghanaur,800.0
2025-04-30,Potato,Ghanaur,800.0
2025-05-01,Potato,Ghanaur,800.0
2025-05-02,Potato,Ghanaur,800.0
2025-05-03,Potato,Ghanaur,1100.0
2025-05-04,Potato,Ghanaur,1000.0
2025-05-05,Potato,Ghanaur,1100.0
2025-05-06,Potato,Ghanaur,900.0
2025-05-07,Potato,Ghanaur,900.0
2025-05-08,Potato,Ghanaur,900.0
2025-05-09,Potato,Ghanaur,900.0
2025-05-10,Potato,Ghanaur,900.0
2025-05-13,Potato,Ghanaur,900.0
2025-05-14,Potato,Ghanaur,900.0
2025-05-15,Potato,Ghanaur,900.0
2025-05-16,Potato,Ghanaur,900.0
2025-05-17,Potato,Ghanaur,900.0
2025-05-18,Potato,Ghanaur,900.0
2025-05-19,Potato,Ghanaur,900.0
2025-05-21,Potato,Ghanaur,900.0
2025-05-22,Potato,Ghanaur,1100.0
2025-05-23,Potato,Ghanaur,900.0
2025-05-24,Potato,Ghanaur,800.0
2025-05-25,Potato,Ghanaur,900.0
2025-05-26,Potato,Ghanaur,900.0
2025-05-27,Potato,Ghanaur,900.0
2025-05-28,Potato,Ghanaur,800.0
2025-05-29,Potato,Ghanaur,800.0
2025-06-04,Potato,Ghanaur,1300.0
2025-06-05,Potato,Ghanaur,1300.0
2025-06-06,Potato,Ghanaur,1300.0
2025-06-07,Potato,Ghanaur,1300.0
2025-06-09,Potato,Ghanaur,1100.0
2025-11-07,Potato,Ghanaur,1500.0
2025-11-10,Potato,Ghanaur,1400.0
2025-11-11,Potato,Ghanaur,1400.0
2025-11-12,Potato,Ghanaur,1400.0
2025-11-13,Potato,Ghanaur,1400.0
2025-11-15,Potato,Ghanaur,1400.0
2025-11-16,Potato,Ghanaur,1400.0
2025-11-17,Potato,Ghanaur,1750.0
2025-11-18,Potato,Ghanaur,1750.0
2025-11-19,Potato,Ghanaur,1750.0
2025-11-20,Potato,Ghanaur,1750.0
2025-11-21,Potato,Ghanaur,1750.0
2025-11-23,Potato,Ghanaur,1400.0
2025-11-24,Potato,Ghanaur,1400.0
2025-11-25,Potato,Ghanaur,1400.0
2025-11-26,Potato,Ghanaur,1400.0
2025-11-28,Potato,Ghanaur,1400.0
2025-11-29,Potato,Ghanaur,1400.0
2025-12-01,Potato,Ghanaur,900.0
2025-12-02,Potato,Ghanaur,900.0
2025-12-03,Potato,Ghanaur,1200.0
2025-12-04,Potato,Ghanaur,700.0
2025-12-05,Potato,Ghanaur,700.0
2025-12-06,Potato,Ghanaur,600.0
2025-12-07,Potato,Ghanaur,600.0
2025-12-08,Potato,Ghanaur,600.0
2025-12-09,Potato,Ghanaur,600.0
2025-12-10,Potato,Ghanaur,900.0
2025-12-11,Potato,Ghanaur,900.0
2025-12-12,Potato,Ghanaur,900.0
2025-12-13,Potato,Ghanaur,900.0
2025-12-14,Potato,Ghanaur,900.0
2025-12-15,Potato,Ghanaur,900.0
2025-12-16,Potato,Ghanaur,900.0
2025-12-17,Potato,Ghanaur,900.0
2025-12-18,Potato,Ghanaur,900.0
2025-12-19,Potato,Ghanaur,900.0
2025-12-21,Potato,Ghanaur,900.0
2025-12-22,Potato,Ghanaur,900.0
2025-12-23,Potato,Ghanaur,800.0
2025-12-25,Potato,Ghanaur,900.0
2025-12-26,Potato,Ghanaur,900.0
2025-12-28,Potato,Ghanaur,800.0
2025-12-29,Potato,Ghanaur,900.0
2025-12-30,Potato,Ghanaur,800.0
2025-12-31,Potato,Ghanaur,800.0
2026-01-01,Potato,Ghanaur,700.0
2026-01-02,Potato,Ghanaur,600.0
2026-01-03,Potato,Ghanaur,700.0
2026-01-04,Potato,Ghanaur,600.0
2026-01-05,Potato,Ghanaur,600.0
2026-01-06,Potato,Ghanaur,600.0
2026-01-09,Potato,Ghanaur,600.0
2026-01-10,Potato,Ghanaur,600.0
2026-01-11,Potato,Ghanaur,600.0
2026-01-12,Potato,Ghanaur,600.0
2026-01-13,Potato,Ghanaur,400.0
2026-01-14,Potato,Ghanaur,400.0
2026-01-15,Potato,Ghanaur,400.0
2026-01-19,Potato,Ghanaur,400.0
2026-01-20,Potato,Ghanaur,400.0
2026-01-21,Potato,Ghanaur,400.0
2026-01-23,Potato,Ghanaur,400.0
2026-01-24,Potato,Ghanaur,400.0
2026-01-26,Potato,Ghanaur,400.0
2026-01-27,Potato,Ghanaur,400.0
2026-01-28,Potato,Ghanaur,400.0
2026-01-29,Potato,Ghanaur,400.0
2026-01-30,Potato,Ghanaur,400.0
2026-01-31,Potato,Ghanaur,400.0
2026-02-01,Potato,Ghanaur,400.0
2026-02-02,Potato,Ghanaur,400.0
2026-02-03,Potato,Ghanaur,400.0
2026-02-04,Potato,Ghanaur,400.0
2026-02-05,Potato,Ghanaur,400.0
2026-02-08,Potato,Ghanaur,400.0
2026-02-09,Potato,Ghanaur,400.0
2026-02-10,Potato,Ghanaur,400.0
2026-02-11,Potato,Ghanaur,400.0
2026-02-12,Potato,Ghanaur,400.0
2026-02-15,Potato,Ghanaur,500.0
2026-02-16,Potato,Ghanaur,500.0
2026-02-17,Potato,Ghanaur,400.0
2026-02-18,Potato,Ghanaur,400.0
2026-02-25,Potato,Ghanaur,400.0
2026-02-26,Potato,Ghanaur,400.0
2026-02-27,Potato,Ghanaur,400.0
2026-03-01,Potato,Ghanaur,400.0
2026-03-02,Potato,Ghanaur,400.0
2026-03-04,Potato,Ghanaur,400.0
2026-03-05,Potato,Ghanaur,400.0
2026-03-08,Potato,Ghanaur,300.0
2026-03-09,Potato,Ghanaur,300.0
2026-03-10,Potato,Ghanaur,300.0
2026-03-11,Potato,Ghanaur,300.0
2026-03-12,Potato,Ghanaur,300.0
2026-03-13,Potato,Ghanaur,300.0
2026-03-15,Potato,Ghanaur,300.0
2026-03-16,Potato,Ghanaur,300.0
2026-03-17,Potato,Ghanaur,300.0
2026-03-18,Potato,Ghanaur,300.0
2026-03-19,Potato,Ghanaur,300.0
2026-03-20,Potato,Ghanaur,300.0
2026-03-23,Potato,Ghanaur,500.0
2026-03-24,Potato,Ghanaur,500.0
2026-03-26,Potato,Ghanaur,500.0
2026-03-27,Potato,Ghanaur,500.0
2026-04-02,Potato,Ghanaur,400.0
2026-04-03,Potato,Ghanaur,400.0
2026-04-04,Potato,Ghanaur,400.0
2026-04-05,Potato,Ghanaur,400.0
2026-04-06,Potato,Ghanaur,400.0
2026-04-07,Potato,Ghanaur,400.0
2026-04-08,Potato,Ghanaur,400.0
2026-04-09,Potato,Ghanaur,400.0
2026-04-10,Potato,Ghanaur,400.0
2026-04-12,Potato,Ghanaur,400.0
2026-04-13,Potato,Ghanaur,400.0
2026-04-14,Potato,Ghanaur,400.0
2026-04-15,Potato,Ghanaur,400.0
2026-04-16,Potato,Ghanaur,500.0
2026-04-17,Potato,Ghanaur,500.0
2026-04-18,Potato,Ghanaur,500.0
2026-04-21,Potato,Ghanaur,500.0
2026-04-22,Potato,Ghanaur,500.0
2026-04-23,Potato,Ghanaur,500.0
2026-04-24,Potato,Ghanaur,600.0
2026-04-25,Potato,Ghanaur,600.0
2026-04-26,Potato,Ghanaur,500.0
2026-05-04,Potato,Ghanaur,500.0
2026-05-05,Potato,Ghanaur,500.0
2026-05-06,Potato,Ghanaur,600.0
2026-05-14,Potato,Ghanaur,600.0
2026-05-15,Potato,Ghanaur,600.0
2026-05-18,Potato,Ghanaur,600.0
2026-05-19,Potato,Ghanaur,600.0
2026-05-21,Potato,Ghanaur,600.0
2026-05-22,Potato,Ghanaur,600.0
2026-05-26,Potato,Ghanaur,600.0
2026-05-27,Potato,Ghanaur,600.0
2026-06-02,Potato,Ghanaur,700.0
2026-06-03,Potato,Ghanaur,700.0
2026-06-08,Potato,Ghanaur,600.0
2026-06-09,Potato,Ghanaur,600.0
2026-06-10,Potato,Ghanaur,700.0
2026-06-16,Potato,Ghanaur,600.0
2026-06-17,Potato,Ghanaur,700.0
2026-06-18,Potato,Ghanaur,900.0
2026-06-19,Potato,Ghanaur,900.0
2026-07-22,Potato,Ghanaur,1100.0
2026-07-23,Potato,Ghanaur,1100.0
2026-07-24,Potato,Ghanaur,1100.0
2026-07-26,Potato,Ghanaur,900.0
2026-07-27,Potato,Ghanaur,1000.0
2026-07-28,Potato,Ghanaur,1100.0
2026-07-29,Potato,Ghanaur,1100.0
2026-07-30,Potato,Ghanaur,1100.0
2026-08-02,Potato,Ghanaur,1100.0
2026-08-03,Potato,Ghanaur,1100.0
2026-08-04,Potato,Ghanaur,1100.0
2026-08-05,Potato,Ghanaur,700.0
2026-08-06,Potato,Ghanaur,700.0
2026-08-07,Potato,Ghanaur,700.0
2026-08-08,Potato,Ghanaur,700.0
2026-08-09,Potato,Ghanaur,700.0
2026-08-10,Potato,Ghanaur,800.0
2026-08-11,Potato,Ghanaur,800.0
2026-08-12,Potato,Ghanaur,800.0
2026-08-13,Potato,Ghanaur,800.0
2026-08-14,Potato,Ghanaur,800.0
2026-08-15,Potato,Ghanaur,800.0
2026-08-16,Potato,Ghanaur,800.0
2026-08-17,Potato,Ghanaur,800.0
2026-08-18,Potato,Ghanaur,800.0
2026-08-19,Potato,Ghanaur,800.0
2026-08-20,Potato,Ghanaur,800.0
2026-08-21,Potato,Ghanaur,900.0
2026-08-23,Potato,Ghanaur,800.0
2026-08-24,Potato,Ghanaur,900.0
2026-08-25,Potato,Ghanaur,900.0
2026-08-26,Potato,Ghanaur,900.0
2026-08-28,Potato,Ghanaur,900.0
2026-08-29,Potato,Ghanaur,900.0
2023-07-27,Potato,Jagraon,1000.0
2023-08-02,Potato,Jagraon,1000.0
2023-08-14,Potato,Jagraon,950.0
2023-08-23,Potato,Jagraon,950.0
2023-08-24,Potato,Jagraon,900.0
2023-09-01,Potato,Jagraon,900.0
2023-09-02,Potato,Jagraon,800.0
2023-09-04,Potato,Jagraon,900.0
2023-09-05,Potato,Jagraon,1050.0
2023-09-08,Potato,Jagraon,1000.0
2023-09-09,Potato,Jagraon,750.0
2023-09-11,Potato,Jagraon,950.0
2023-09-12,Potato,Jagraon,950.0
2023-09-13,Potato,Jagraon,950.0
2023-09-19,Potato,Jagraon,800.0
2023-09-22,Potato,Jagraon,800.0
2023-09-23,Potato,Jagraon,850.0
2023-09-26,Potato,Jagraon,850.0
2023-09-27,Potato,Jagraon,850.0
2023-09-28,Potato,Jagraon,850.0
2023-09-29,Potato,Jagraon,800.0
2023-09-30,Potato,Jagraon,850.0
2023-10-03,Potato,Jagraon,800.0
2023-10-04,Potato,Jagraon,1100.0
2023-10-05,Potato,Jagraon,1100.0
2023-10-06,Potato,Jagraon,1150.0
2023-10-07,Potato,Jagraon,850.0
2023-10-10,Potato,Jagraon,900.0
2023-10-11,Potato,Jagraon,800.0
2023-10-12,Potato,Jagraon,1000.0
2023-10-13,Potato,Jagraon,950.0
2023-10-14,Potato,Jagraon,950.0
2023-10-17,Potato,Jagraon,950.0
2023-10-19,Potato,Jagraon,900.0
2023-10-20,Potato,Jagraon,950.0
2023-10-21,Potato,Jagraon,1000.0
2023-10-23,Potato,Jagraon,950.0
2023-12-04,Potato,Jagraon,1050.0
2023-12-06,Potato,Jagraon,1000.0
2023-12-07,Potato,Jagraon,1000.0
2023-12-08,Potato,Jagraon,1150.0
2023-12-09,Potato,Jagraon,1000.0
2023-12-12,Potato,Jagraon,950.0
2023-12-13,Potato,Jagraon,500.0
2023-12-14,Potato,Jagraon,550.0
2023-12-15,Potato,Jagraon,1000.0
2023-12-16,Potato,Jagraon,550.0
2023-12-18,Potato,Jagraon,550.0
2023-12-20,Potato,Jagraon,450.0
2023-12-26,Potato,Jagraon,550.0
2023-12-27,Potato,Jagraon,550.0
2024-01-01,Potato,Jagraon,650.0
2024-01-02,Potato,Jagraon,550.0
2024-01-05,Potato,Jagraon,550.0
2024-01-06,Potato,Jagraon,550.0
2024-01-08,Potato,Jagraon,500.0
2024-01-09,Potato,Jagraon,550.0
2024-01-10,Potato,Jagraon,650.0
2024-01-11,Potato,Jagraon,650.0
2024-01-12,Potato,Jagraon,650.0
2024-01-13,Potato,Jagraon,650.0
2024-01-15,Potato,Jagraon,650.0
2024-01-24,Potato,Jagraon,650.0
2024-01-25,Potato,Jagraon,650.0
2024-01-26,Potato,Jagraon,600.0
2024-01-27,Potato,Jagraon,600.0
2024-01-29,Potato,Jagraon,600.0
2024-02-01,Potato,Jagraon,700.0
2024-02-02,Potato,Jagraon,600.0
2024-02-03,Potato,Jagraon,600.0
2024-02-05,Potato,Jagraon,450.0
2024-02-07,Potato,Jagraon,700.0
2024-02-08,Potato,Jagraon,650.0
2024-02-10,Potato,Jagraon,550.0
2024-04-02,Potato,Jagraon,1050.0
2024-04-03,Potato,Jagraon,700.0
2024-04-04,Potato,Jagraon,700.0
2024-04-22,Potato,Jagraon,500.0
2024-04-23,Potato,Jagraon,750.0
2024-04-24,Potato,Jagraon,750.0
2024-04-25,Potato,Jagraon,950.0
2024-04-26,Potato,Jagraon,750.0
2024-04-27,Potato,Jagraon,900.0
2024-04-29,Potato,Jagraon,955.0
2024-05-01,Potato,Jagraon,850.0
2024-05-02,Potato,Jagraon,800.0
2024-05-03,Potato,Jagraon,850.0
2024-05-04,Potato,Jagraon,850.0
2024-05-06,Potato,Jagraon,850.0
2024-05-07,Potato,Jagraon,850.0
2024-05-08,Potato,Jagraon,800.0
2024-05-14,Potato,Jagraon,950.0
2024-05-15,Potato,Jagraon,1050.0
2024-05-16,Potato,Jagraon,950.0
2024-05-17,Potato,Jagraon,1000.0
2024-05-20,Potato,Jagraon,1050.0
2024-05-21,Potato,Jagraon,1050.0
2024-05-22,Potato,Jagraon,1250.0
2024-05-24,Potato,Jagraon,1000.0
2024-05-25,Potato,Jagraon,1200.0
2024-05-27,Potato,Jagraon,1050.0
2024-05-29,Potato,Jagraon,1100.0
2024-05-30,Potato,Jagraon,1250.0
2024-06-03,Potato,Jagraon,1050.0
2024-06-05,Potato,Jagraon,1250.0
2024-06-06,Potato,Jagraon,1050.0
2024-06-11,Potato,Jagraon,1050.0
2024-06-12,Potato,Jagraon,1050.0
2024-06-13,Potato,Jagraon,1300.0
2024-07-01,Potato,Jagraon,1300.0
2024-07-02,Potato,Jagraon,1250.0
2024-07-05,Potato,Jagraon,2000.0
2024-07-06,Potato,Jagraon,2100.0
2024-07-08,Potato,Jagraon,2200.0
2024-07-09,Potato,Jagraon,2500.0
2024-07-15,Potato,Jagraon,2300.0
2024-08-01,Potato,Jagraon,950.0
2024-08-05,Potato,Jagraon,1000.0
2024-08-07,Potato,Jagraon,950.0
2024-08-19,Potato,Jagraon,1800.0
2024-08-20,Potato,Jagraon,1500.0
2024-08-21,Potato,Jagraon,1500.0
2024-08-22,Potato,Jagraon,1400.0
2024-08-27,Potato,Jagraon,1300.0
2024-09-03,Potato,Jagraon,1000.0
2024-09-04,Potato,Jagraon,1000.0
2024-09-05,Potato,Jagraon,1000.0
2024-09-06,Potato,Jagraon,1000.0
2024-09-11,Potato,Jagraon,1000.0
2024-09-12,Potato,Jagraon,1000.0
2024-09-19,Potato,Jagraon,1000.0
2024-09-20,Potato,Jagraon,1000.0
2024-09-26,Potato,Jagraon,1500.0
2024-09-30,Potato,Jagraon,1800.0
2024-10-15,Potato,Jagraon,1500.0
2024-10-16,Potato,Jagraon,1400.0
2024-11-13,Potato,Jagraon,1500.0
2024-11-14,Potato,Jagraon,1500.0
2024-12-10,Potato,Jagraon,2700.0
2024-12-11,Potato,Jagraon,3000.0
2024-12-16,Potato,Jagraon,1800.0
2024-12-17,Potato,Jagraon,1800.0
2025-01-01,Potato,Jagraon,1200.0
2025-01-02,Potato,Jagraon,1300.0
2025-01-10,Potato,Jagraon,1200.0
2025-01-11,Potato,Jagraon,1200.0
2025-01-13,Potato,Jagraon,1300.0
2025-01-14,Potato,Jagraon,1200.0
2025-01-17,Potato,Jagraon,700.0
2025-01-18,Potato,Jagraon,700.0
2025-01-20,Potato,Jagraon,700.0
2025-01-21,Potato,Jagraon,700.0
2025-01-22,Potato,Jagraon,700.0
2025-01-24,Potato,Jagraon,700.0
2025-01-25,Potato,Jagraon,700.0
2025-01-27,Potato,Jagraon,700.0
2025-01-28,Potato,Jagraon,700.0
2025-01-31,Potato,Jagraon,700.0
2025-02-03,Potato,Jagraon,700.0
2025-02-05,Potato,Jagraon,700.0
2025-02-06,Potato,Jagraon,700.0
2025-02-07,Potato,Jagraon,700.0
2025-02-08,Potato,Jagraon,700.0
2025-02-13,Potato,Jagraon,750.0
2025-02-14,Potato,Jagraon,650.0
2025-02-17,Potato,Jagraon,1500.0
2025-02-18,Potato,Jagraon,1500.0
2025-03-07,Potato,Jagraon,500.0
2025-03-08,Potato,Jagraon,500.0
2025-03-10,Potato,Jagraon,550.0
2025-03-11,Potato,Jagraon,450.0
2025-03-12,Potato,Jagraon,500.0
2025-03-13,Potato,Jagraon,500.0
2025-03-14,Potato,Jagraon,450.0
2025-03-15,Potato,Jagraon,500.0
2025-03-17,Potato,Jagraon,500.0
2025-03-18,Potato,Jagraon,500.0
2025-03-20,Potato,Jagraon,500.0
2025-03-21,Potato,Jagraon,500.0
2025-03-22,Potato,Jagraon,450.0
2025-03-24,Potato,Jagraon,450.0
2025-03-25,Potato,Jagraon,500.0
2025-03-26,Potato,Jagraon,350.0
2025-03-27,Potato,Jagraon,300.0
2025-04-07,Potato,Jagraon,500.0
2025-04-08,Potato,Jagraon,600.0
2025-04-09,Potato,Jagraon,600.0
2025-04-10,Potato,Jagraon,600.0
2025-04-12,Potato,Jagraon,550.0
2025-04-14,Potato,Jagraon,600.0
2025-04-15,Potato,Jagraon,600.0
2025-04-18,Potato,Jagraon,600.0
2025-04-19,Potato,Jagraon,600.0
2025-04-21,Potato,Jagraon,600.0
2025-04-22,Potato,Jagraon,500.0
2025-04-23,Potato,Jagraon,600.0
2025-04-24,Potato,Jagraon,700.0
2025-04-29,Potato,Jagraon,550.0
2025-04-30,Potato,Jagraon,550.0
2025-05-01,Potato,Jagraon,500.0
2025-05-02,Potato,Jagraon,900.0
2025-05-03,Potato,Jagraon,900.0
2025-05-05,Potato,Jagraon,900.0
2025-05-06,Potato,Jagraon,850.0
2025-05-07,Potato,Jagraon,850.0
2025-05-08,Potato,Jagraon,850.0
2025-05-09,Potato,Jagraon,850.0
2025-05-12,Potato,Jagraon,850.0
2025-05-13,Potato,Jagraon,800.0
2025-05-14,Potato,Jagraon,800.0
2025-05-15,Potato,Jagraon,900.0
2025-05-16,Potato,Jagraon,800.0
2025-05-19,Potato,Jagraon,800.0
2025-05-21,Potato,Jagraon,800.0
2025-05-22,Potato,Jagraon,750.0
2025-05-23,Potato,Jagraon,800.0
2025-05-24,Potato,Jagraon,750.0
2025-05-26,Potato,Jagraon,700.0
2025-06-02,Potato,Jagraon,750.0
2025-06-03,Potato,Jagraon,800.0
2025-06-06,Potato,Jagraon,800.0
2025-06-07,Potato,Jagraon,750.0
2025-06-09,Potato,Jagraon,900.0
2025-06-10,Potato,Jagraon,850.0
2026-04-16,Potato,Jagraon,200.0
2026-04-17,Potato,Jagraon,200.0
2026-04-20,Potato,Jagraon,200.0
2026-04-21,Potato,Jagraon,210.0
2026-04-22,Potato,Jagraon,210.0
2026-04-23,Potato,Jagraon,210.0
2026-04-24,Potato,Jagraon,210.0
2026-05-04,Potato,Jagraon,200.0
2026-05-06,Potato,Jagraon,200.0
2026-05-12,Potato,Jagraon,280.0
2026-05-13,Potato,Jagraon,300.0
2026-05-18,Potato,Jagraon,250.0
2026-05-19,Potato,Jagraon,250.0
2026-05-20,Potato,Jagraon,250.0
2026-05-21,Potato,Jagraon,250.0
2026-05-22,Potato,Jagraon,250.0
2026-05-23,Potato,Jagraon,250.0
2026-05-25,Potato,Jagraon,250.0
2026-05-26,Potato,Jagraon,250.0
2026-05-27,Potato,Jagraon,200.0
2026-05-29,Potato,Jagraon,250.0
2026-05-30,Potato,Jagraon,200.0
2026-06-01,Potato,Jagraon,200.0
2026-06-02,Potato,Jagraon,200.0
2026-06-03,Potato,Jagraon,200.0
2026-06-04,Potato,Jagraon,200.0
2026-06-06,Potato,Jagraon,200.0
2026-06-08,Potato,Jagraon,200.0
2026-06-09,Potato,Jagraon,200.0
2026-06-11,Potato,Jagraon,200.0
2026-06-13,Potato,Jagraon,200.0
2026-06-15,Potato,Jagraon,200.0
2026-06-16,Potato,Jagraon,200.0
2026-06-17,Potato,Jagraon,200.0
2026-06-19,Potato,Jagraon,200.0
2026-06-20,Potato,Jagraon,200.0
2026-06-22,Potato,Jagraon,200.0
2026-06-23,Potato,Jagraon,200.0
2026-06-24,Potato,Jagraon,200.0
2026-06-25,Potato,Jagraon,200.0
2026-06-29,Potato,Jagraon,200.0
2026-06-30,Potato,Jagraon,250.0
2026-07-01,Potato,Jagraon,200.0
2026-07-03,Potato,Jagraon,200.0
2026-07-04,Potato,Jagraon,200.0
2026-07-06,Potato,Jagraon,200.0
2026-07-08,Potato,Jagraon,200.0
2026-07-09,Potato,Jagraon,200.0
2026-07-10,Potato,Jagraon,200.0
2026-07-11,Potato,Jagraon,200.0
2026-07-15,Potato,Jagraon,200.0
2026-07-16,Potato,Jagraon,250.0
2026-07-20,Potato,Jagraon,210.0
2026-07-21,Potato,Jagraon,210.0
2026-07-22,Potato,Jagraon,210.0
2026-07-23,Potato,Jagraon,200.0
2026-07-27,Potato,Jagraon,220.0
2026-07-28,Potato,Jagraon,220.0
2026-07-29,Potato,Jagraon,220.0
2026-07-30,Potato,Jagraon,210.0
2026-07-31,Potato,Jagraon,210.0
2026-08-01,Potato,Jagraon,210.0
2026-08-03,Potato,Jagraon,210.0
2026-08-04,Potato,Jagraon,215.0
2026-08-05,Potato,Jagraon,210.0
2026-08-06,Potato,Jagraon,210.0
2026-08-07,Potato,Jagraon,210.0
2026-08-10,Potato,Jagraon,210.0
2026-08-11,Potato,Jagraon,250.0
2026-08-13,Potato,Jagraon,230.0
2026-08-14,Potato,Jagraon,220.0
2026-08-17,Potato,Jagraon,220.0
2026-08-18,Potato,Jagraon,250.0
2026-08-19,Potato,Jagraon,230.0
2026-08-20,Potato,Jagraon,230.0
2026-08-21,Potato,Jagraon,230.0
2026-08-22,Potato,Jagraon,230.0
2026-08-24,Potato,Jagraon,230.0
2026-08-25,Potato,Jagraon,230.0
2026-08-26,Potato,Jagraon,230.0
2026-08-28,Potato,Jagraon,230.0
2023-06-06,Potato,Khanna,400.0
2023-06-07,Potato,Khanna,300.0
2023-06-09,Potato,Khanna,400.0
2023-06-10,Potato,Khanna,400.0
2023-06-12,Potato,Khanna,400.0
2023-06-13,Potato,Khanna,400.0
2023-06-14,Potato,Khanna,500.0
2023-06-15,Potato,Khanna,400.0
2023-06-16,Potato,Khanna,500.0
2023-06-17,Potato,Khanna,500.0
2023-06-19,Potato,Khanna,300.0
2023-06-20,Potato,Khanna,400.0
2023-06-21,Potato,Khanna,500.0
2023-06-22,Potato,Khanna,500.0
2023-06-27,Potato,Khanna,400.0
2023-06-28,Potato,Khanna,400.0
2023-06-30,Potato,Khanna,400.0
2023-07-01,Potato,Khanna,500.0
2023-07-04,Potato,Khanna,600.0
2023-07-05,Potato,Khanna,700.0
2023-07-06,Potato,Khanna,700.0
2023-07-10,Potato,Khanna,800.0
2023-07-11,Potato,Khanna,700.0
2023-07-12,Potato,Khanna,600.0
2023-07-13,Potato,Khanna,800.0
2023-07-17,Potato,Khanna,500.0
2023-07-18,Potato,Khanna,400.0
2023-07-19,Potato,Khanna,400.0
2023-07-20,Potato,Khanna,400.0
2023-07-21,Potato,Khanna,400.0
2023-07-22,Potato,Khanna,400.0
2023-07-31,Potato,Khanna,500.0
2023-08-01,Potato,Khanna,600.0
2023-08-02,Potato,Khanna,500.0
2023-08-03,Potato,Khanna,400.0
2023-08-04,Potato,Khanna,400.0
2023-08-07,Potato,Khanna,500.0
2023-08-08,Potato,Khanna,400.0
2023-08-09,Potato,Khanna,400.0
2023-08-10,Potato,Khanna,400.0
2023-08-12,Potato,Khanna,500.0
2023-08-14,Potato,Khanna,400.0
2023-08-15,Potato,Khanna,400.0
2023-08-16,Potato,Khanna,400.0
2023-08-17,Potato,Khanna,400.0
2023-08-18,Potato,Khanna,400.0
2023-08-19,Potato,Khanna,600.0
2023-08-22,Potato,Khanna,500.0
2023-08-23,Potato,Khanna,500.0
2023-08-24,Potato,Khanna,500.0
2023-08-25,Potato,Khanna,500.0
2023-08-26,Potato,Khanna,500.0
2023-08-28,Potato,Khanna,500.0
2023-08-31,Potato,Khanna,700.0
2023-09-01,Potato,Khanna,600.0
2023-09-02,Potato,Khanna,500.0
2023-09-04,Potato,Khanna,600.0
2023-09-06,Potato,Khanna,600.0
2023-09-07,Potato,Khanna,600.0
2023-09-08,Potato,Khanna,700.0
2023-09-11,Potato,Khanna,700.0
2023-09-12,Potato,Khanna,500.0
2023-09-13,Potato,Khanna,800.0
2023-09-14,Potato,Khanna,600.0
2023-09-15,Potato,Khanna,700.0
2023-09-16,Potato,Khanna,500.0
2023-09-18,Potato,Khanna,600.0
2023-09-21,Potato,Khanna,500.0
2023-09-22,Potato,Khanna,500.0
2023-09-23,Potato,Khanna,500.0
2023-09-25,Potato,Khanna,500.0
2023-09-28,Potato,Khanna,500.0
2023-09-29,Potato,Khanna,500.0
2023-09-30,Potato,Khanna,500.0
2023-10-02,Potato,Khanna,500.0
2023-10-03,Potato,Khanna,600.0
2023-10-05,Potato,Khanna,600.0
2023-10-06,Potato,Khanna,600.0
2023-10-07,Potato,Khanna,600.0
2023-10-09,Potato,Khanna,700.0
2023-10-10,Potato,Khanna,600.0
2023-10-11,Potato,Khanna,600.0
2023-10-13,Potato,Khanna,600.0
2023-10-14,Potato,Khanna,600.0
2023-10-17,Potato,Khanna,600.0
2023-10-18,Potato,Khanna,500.0
2023-10-20,Potato,Khanna,700.0
2023-10-21,Potato,Khanna,600.0
2023-10-23,Potato,Khanna,600.0
2023-10-24,Potato,Khanna,500.0
2023-10-25,Potato,Khanna,800.0
2023-10-26,Potato,Khanna,800.0
2023-10-28,Potato,Khanna,800.0
2023-10-31,Potato,Khanna,800.0
2023-11-01,Potato,Khanna,1000.0
2023-11-03,Potato,Khanna,800.0
2023-11-04,Potato,Khanna,700.0
2023-11-06,Potato,Khanna,700.0
2023-11-07,Potato,Khanna,700.0
2023-11-09,Potato,Khanna,700.0
2023-11-13,Potato,Khanna,700.0
2023-11-14,Potato,Khanna,700.0
2023-11-15,Potato,Khanna,700.0
2023-11-17,Potato,Khanna,800.0
2023-11-18,Potato,Khanna,800.0
2023-11-20,Potato,Khanna,800.0
2023-11-21,Potato,Khanna,800.0
2023-11-22,Potato,Khanna,800.0
2023-11-23,Potato,Khanna,800.0
2023-11-24,Potato,Khanna,600.0
2023-11-25,Potato,Khanna,600.0
2023-11-27,Potato,Khanna,600.0
2023-11-28,Potato,Khanna,500.0
2023-11-29,Potato,Khanna,400.0
2023-11-30,Potato,Khanna,400.0
2023-12-01,Potato,Khanna,400.0
2023-12-02,Potato,Khanna,400.0
2023-12-04,Potato,Khanna,400.0
2023-12-05,Potato,Khanna,400.0
2023-12-06,Potato,Khanna,400.0
2023-12-07,Potato,Khanna,400.0
2023-12-08,Potato,Khanna,300.0
2023-12-09,Potato,Khanna,400.0
2023-12-11,Potato,Khanna,300.0
2023-12-12,Potato,Khanna,300.0
2023-12-13,Potato,Khanna,300.0
2023-12-14,Potato,Khanna,300.0
2023-12-15,Potato,Khanna,300.0
2023-12-16,Potato,Khanna,300.0
2023-12-18,Potato,Khanna,300.0
2023-12-19,Potato,Khanna,300.0
2023-12-20,Potato,Khanna,300.0
2023-12-21,Potato,Khanna,300.0
2023-12-22,Potato,Khanna,300.0
2023-12-23,Potato,Khanna,300.0
2023-12-25,Potato,Khanna,300.0
2023-12-26,Potato,Khanna,300.0
2023-12-27,Potato,Khanna,300.0
2023-12-28,Potato,Khanna,300.0
2023-12-29,Potato,Khanna,300.0
2023-12-30,Potato,Khanna,300.0
2024-01-02,Potato,Khanna,300.0
2024-01-03,Potato,Khanna,300.0
2024-01-04,Potato,Khanna,300.0
2024-01-05,Potato,Khanna,250.0
2024-01-06,Potato,Khanna,250.0
2024-01-08,Potato,Khanna,250.0
2024-01-09,Potato,Khanna,250.0
2024-01-10,Potato,Khanna,300.0
2024-01-11,Potato,Khanna,300.0
2024-01-12,Potato,Khanna,300.0
2024-01-13,Potato,Khanna,300.0
2024-01-15,Potato,Khanna,300.0
2024-01-16,Potato,Khanna,300.0
2024-01-17,Potato,Khanna,300.0
2024-01-18,Potato,Khanna,300.0
2024-01-19,Potato,Khanna,300.0
2024-01-20,Potato,Khanna,300.0
2024-01-22,Potato,Khanna,300.0
2024-01-23,Potato,Khanna,300.0
2024-01-24,Potato,Khanna,300.0
2024-01-25,Potato,Khanna,300.0
2024-01-26,Potato,Khanna,300.0
2024-01-27,Potato,Khanna,300.0
2024-01-29,Potato,Khanna,300.0
2024-01-30,Potato,Khanna,300.0
2024-01-31,Potato,Khanna,300.0
2024-02-01,Potato,Khanna,300.0
2024-02-02,Potato,Khanna,300.0
2024-02-03,Potato,Khanna,300.0
2024-02-05,Potato,Khanna,300.0
2024-02-06,Potato,Khanna,300.0
2024-02-07,Potato,Khanna,300.0
2024-02-08,Potato,Khanna,300.0
2024-02-09,Potato,Khanna,300.0
2024-02-10,Potato,Khanna,300.0
2024-02-12,Potato,Khanna,400.0
2024-02-13,Potato,Khanna,400.0
2024-02-14,Potato,Khanna,400.0
2024-02-15,Potato,Khanna,400.0
2024-02-16,Potato,Khanna,300.0
2024-02-17,Potato,Khanna,300.0
2024-02-19,Potato,Khanna,300.0
2024-02-20,Potato,Khanna,300.0
2024-02-21,Potato,Khanna,300.0
2024-02-22,Potato,Khanna,300.0
2024-02-23,Potato,Khanna,300.0
2024-02-24,Potato,Khanna,300.0
2024-02-26,Potato,Khanna,300.0
2024-02-27,Potato,Khanna,300.0
2024-02-28,Potato,Khanna,400.0
2024-02-29,Potato,Khanna,400.0
2024-03-01,Potato,Khanna,400.0
2024-03-02,Potato,Khanna,400.0
2024-03-04,Potato,Khanna,400.0
2024-03-05,Potato,Khanna,400.0
2024-03-06,Potato,Khanna,500.0
2024-03-07,Potato,Khanna,400.0
2024-03-08,Potato,Khanna,400.0
2024-03-09,Potato,Khanna,400.0
2024-03-11,Potato,Khanna,400.0
2024-03-12,Potato,Khanna,500.0
2024-03-13,Potato,Khanna,500.0
2024-03-14,Potato,Khanna,500.0
2024-03-15,Potato,Khanna,500.0
2024-03-16,Potato,Khanna,500.0
2024-03-18,Potato,Khanna,500.0
2024-03-19,Potato,Khanna,500.0
2024-03-20,Potato,Khanna,500.0
2024-03-21,Potato,Khanna,500.0
2024-03-22,Potato,Khanna,500.0
2024-03-23,Potato,Khanna,500.0
2024-03-25,Potato,Khanna,400.0
2024-03-26,Potato,Khanna,400.0
2024-03-27,Potato,Khanna,400.0
2024-03-28,Potato,Khanna,400.0
2024-03-29,Potato,Khanna,400.0
2024-03-30,Potato,Khanna,500.0
2024-04-01,Potato,Khanna,400.0
2024-04-04,Potato,Khanna,400.0
2024-04-05,Potato,Khanna,500.0
2024-04-06,Potato,Khanna,400.0
2024-04-08,Potato,Khanna,400.0
2024-04-09,Potato,Khanna,400.0
2024-04-10,Potato,Khanna,500.0
2024-04-11,Potato,Khanna,400.0
2024-04-12,Potato,Khanna,500.0
2024-04-15,Potato,Khanna,400.0
2024-04-16,Potato,Khanna,400.0
2024-04-17,Potato,Khanna,400.0
2024-04-18,Potato,Khanna,400.0
2024-04-19,Potato,Khanna,400.0
2024-04-20,Potato,Khanna,400.0
2024-04-22,Potato,Khanna,400.0
2024-04-23,Potato,Khanna,400.0
2024-04-24,Potato,Khanna,400.0
2024-04-25,Potato,Khanna,500.0
2024-04-26,Potato,Khanna,500.0
2024-04-27,Potato,Khanna,500.0
2024-04-29,Potato,Khanna,500.0
2024-04-30,Potato,Khanna,500.0
2024-05-01,Potato,Khanna,500.0
2024-05-02,Potato,Khanna,500.0
2024-05-03,Potato,Khanna,500.0
2024-05-04,Potato,Khanna,600.0
2024-05-06,Potato,Khanna,500.0
2024-05-07,Potato,Khanna,500.0
2024-05-08,Potato,Khanna,500.0
2024-05-09,Potato,Khanna,500.0
2024-05-10,Potato,Khanna,500.0
2024-05-11,Potato,Khanna,400.0
2024-05-13,Potato,Khanna,500.0
2024-05-14,Potato,Khanna,500.0
2024-05-15,Potato,Khanna,500.0
2024-05-16,Potato,Khanna,500.0
2024-05-17,Potato,Khanna,600.0
2024-05-18,Potato,Khanna,500.0
2024-05-20,Potato,Khanna,500.0
2024-05-21,Potato,Khanna,500.0
2024-05-22,Potato,Khanna,500.0
2024-05-23,Potato,Khanna,500.0
2024-05-24,Potato,Khanna,500.0
2024-05-25,Potato,Khanna,500.0
2024-05-27,Potato,Khanna,500.0
2024-05-28,Potato,Khanna,500.0
2024-05-29,Potato,Khanna,500.0
2024-05-30,Potato,Khanna,700.0
2024-05-31,Potato,Khanna,700.0
2024-06-01,Potato,Khanna,600.0
2024-06-03,Potato,Khanna,800.0
2024-06-04,Potato,Khanna,700.0
2024-06-05,Potato,Khanna,700.0
2024-06-06,Potato,Khanna,700.0
2024-06-07,Potato,Khanna,700.0
2024-06-08,Potato,Khanna,700.0
2024-06-10,Potato,Khanna,700.0
2024-06-11,Potato,Khanna,700.0
2024-06-12,Potato,Khanna,700.0
2024-06-13,Potato,Khanna,700.0
2024-06-14,Potato,Khanna,700.0
2024-06-15,Potato,Khanna,700.0
2024-06-17,Potato,Khanna,700.0
2024-06-18,Potato,Khanna,700.0
2024-06-19,Potato,Khanna,700.0
2024-06-20,Potato,Khanna,700.0
2024-06-21,Potato,Khanna,700.0
2024-06-22,Potato,Khanna,600.0
2024-06-24,Potato,Khanna,700.0
2024-06-25,Potato,Khanna,800.0
2024-06-26,Potato,Khanna,700.0
2024-06-27,Potato,Khanna,700.0
2024-06-28,Potato,Khanna,700.0
2024-06-29,Potato,Khanna,700.0
2024-07-01,Potato,Khanna,700.0
2024-07-02,Potato,Khanna,700.0
2024-07-03,Potato,Khanna,700.0
2024-07-04,Potato,Khanna,700.0
2024-07-05,Potato,Khanna,700.0
2024-07-06,Potato,Khanna,800.0
2024-07-08,Potato,Khanna,700.0
2024-07-09,Potato,Khanna,700.0
2024-07-10,Potato,Khanna,700.0
2024-07-11,Potato,Khanna,700.0
2024-07-12,Potato,Khanna,700.0
2024-07-13,Potato,Khanna,700.0
2024-07-15,Potato,Khanna,700.0
2024-07-16,Potato,Khanna,700.0
2024-07-17,Potato,Khanna,800.0
2024-07-18,Potato,Khanna,700.0
2024-07-19,Potato,Khanna,800.0
2024-07-20,Potato,Khanna,600.0
2024-07-22,Potato,Khanna,700.0
2024-07-23,Potato,Khanna,800.0
2024-07-24,Potato,Khanna,700.0
2024-07-25,Potato,Khanna,700.0
2024-07-26,Potato,Khanna,700.0
2024-07-27,Potato,Khanna,700.0
2024-07-29,Potato,Khanna,700.0
2024-07-30,Potato,Khanna,800.0
2024-07-31,Potato,Khanna,700.0
2024-08-02,Potato,Khanna,800.0
2024-08-03,Potato,Khanna,800.0
2024-08-05,Potato,Khanna,700.0
2024-08-06,Potato,Khanna,700.0
2024-08-07,Potato,Khanna,1200.0
2024-08-08,Potato,Khanna,1500.0
2024-08-09,Potato,Khanna,1500.0
2024-08-10,Potato,Khanna,1500.0
2024-08-12,Potato,Khanna,1500.0
2024-08-13,Potato,Khanna,1500.0
2024-08-14,Potato,Khanna,1500.0
2024-08-15,Potato,Khanna,1500.0
2024-08-16,Potato,Khanna,1500.0
2024-08-17,Potato,Khanna,1500.0
2024-08-19,Potato,Khanna,1500.0
2024-08-20,Potato,Khanna,1500.0
2024-08-21,Potato,Khanna,1500.0
2024-08-22,Potato,Khanna,1500.0
2024-08-23,Potato,Khanna,1500.0
2024-08-24,Potato,Khanna,1400.0
2024-08-26,Potato,Khanna,1500.0
2024-08-27,Potato,Khanna,1500.0
2024-08-28,Potato,Khanna,1500.0
2024-08-29,Potato,Khanna,1500.0
2024-08-30,Potato,Khanna,1400.0
2024-08-31,Potato,Khanna,1400.0
2024-09-02,Potato,Khanna,1500.0
2024-09-03,Potato,Khanna,1500.0
2024-09-04,Potato,Khanna,1500.0
2024-09-06,Potato,Khanna,1500.0
2024-09-07,Potato,Khanna,1500.0
2024-09-09,Potato,Khanna,1200.0
2024-09-10,Potato,Khanna,1200.0
2024-09-11,Potato,Khanna,1200.0
2024-09-12,Potato,Khanna,1500.0
2024-09-13,Potato,Khanna,1200.0
2024-09-14,Potato,Khanna,1500.0
2024-09-16,Potato,Khanna,1500.0
2024-09-17,Potato,Khanna,1500.0
2024-09-18,Potato,Khanna,1500.0
2024-09-19,Potato,Khanna,1500.0
2024-09-20,Potato,Khanna,1500.0
2024-09-21,Potato,Khanna,1500.0
2024-09-23,Potato,Khanna,1500.0
2024-09-24,Potato,Khanna,1500.0
2024-09-25,Potato,Khanna,1500.0
2024-09-26,Potato,Khanna,1500.0
2024-09-27,Potato,Khanna,1500.0
2024-09-28,Potato,Khanna,1500.0
2024-09-30,Potato,Khanna,1500.0
2024-10-01,Potato,Khanna,1500.0
2024-10-02,Potato,Khanna,1500.0
2024-10-03,Potato,Khanna,1500.0
2024-10-04,Potato,Khanna,1600.0
2024-10-05,Potato,Khanna,1600.0
2024-10-07,Potato,Khanna,1600.0
2024-10-08,Potato,Khanna,1500.0
2024-10-09,Potato,Khanna,1500.0
2024-10-10,Potato,Khanna,1500.0
2024-10-11,Potato,Khanna,1500.0
2024-10-12,Potato,Khanna,1500.0
2024-10-14,Potato,Khanna,1500.0
2024-10-15,Potato,Khanna,1500.0
2024-10-16,Potato,Khanna,1500.0
2024-10-17,Potato,Khanna,1300.0
2024-10-18,Potato,Khanna,1500.0
2024-10-19,Potato,Khanna,1500.0
2024-10-21,Potato,Khanna,1500.0
2024-10-22,Potato,Khanna,1500.0
2024-10-24,Potato,Khanna,1500.0
2024-10-25,Potato,Khanna,1500.0
2024-10-26,Potato,Khanna,1500.0
2024-10-28,Potato,Khanna,1500.0
2024-10-29,Potato,Khanna,1500.0
2024-10-30,Potato,Khanna,1500.0
2024-10-31,Potato,Khanna,1500.0
2024-11-01,Potato,Khanna,1500.0
2024-11-02,Potato,Khanna,1500.0
2024-11-04,Potato,Khanna,1600.0
2024-11-05,Potato,Khanna,1500.0
2024-11-06,Potato,Khanna,1500.0
2024-11-07,Potato,Khanna,1500.0
2024-11-08,Potato,Khanna,1500.0
2024-11-09,Potato,Khanna,1600.0
2024-11-11,Potato,Khanna,1500.0
2024-11-12,Potato,Khanna,1500.0
2024-11-13,Potato,Khanna,1300.0
2024-11-20,Potato,Khanna,1500.0
2024-11-27,Potato,Khanna,1400.0
2024-11-28,Potato,Khanna,1400.0
2024-11-29,Potato,Khanna,1400.0
2024-11-30,Potato,Khanna,1500.0
2024-12-02,Potato,Khanna,1500.0
2024-12-03,Potato,Khanna,1500.0
2024-12-04,Potato,Khanna,1500.0
2024-12-05,Potato,Khanna,1500.0
2024-12-06,Potato,Khanna,1500.0
2024-12-07,Potato,Khanna,1400.0
2024-12-10,Potato,Khanna,1500.0
2024-12-11,Potato,Khanna,1500.0
2024-12-12,Potato,Khanna,1500.0
2024-12-13,Potato,Khanna,1500.0
2024-12-14,Potato,Khanna,1500.0
2024-12-16,Potato,Khanna,1500.0
2024-12-17,Potato,Khanna,1500.0
2024-12-19,Potato,Khanna,1200.0
2024-12-20,Potato,Khanna,1000.0
2024-12-21,Potato,Khanna,1000.0
2024-12-23,Potato,Khanna,600.0
2024-12-24,Potato,Khanna,1400.0
2024-12-25,Potato,Khanna,1400.0
2024-12-26,Potato,Khanna,1300.0
2024-12-27,Potato,Khanna,1300.0
2024-12-28,Potato,Khanna,1200.0
2024-12-31,Potato,Khanna,1200.0
2025-01-02,Potato,Khanna,1200.0
2025-01-03,Potato,Khanna,1200.0
2025-01-04,Potato,Khanna,1200.0
2025-01-06,Potato,Khanna,1200.0
2025-01-08,Potato,Khanna,1500.0
2025-01-09,Potato,Khanna,1200.0
2025-01-10,Potato,Khanna,1200.0
2025-01-11,Potato,Khanna,700.0
2025-01-14,Potato,Khanna,700.0
2025-01-15,Potato,Khanna,700.0
2025-01-16,Potato,Khanna,700.0
2025-01-17,Potato,Khanna,700.0
2025-01-18,Potato,Khanna,700.0
2025-01-20,Potato,Khanna,700.0
2025-01-21,Potato,Khanna,700.0
2025-01-22,Potato,Khanna,700.0
2025-01-23,Potato,Khanna,700.0
2025-01-24,Potato,Khanna,700.0
2025-01-25,Potato,Khanna,700.0
2025-01-28,Potato,Khanna,700.0
2025-01-29,Potato,Khanna,700.0
2025-01-30,Potato,Khanna,700.0
2025-02-05,Potato,Khanna,700.0
2025-02-06,Potato,Khanna,700.0
2025-02-07,Potato,Khanna,700.0
2025-02-08,Potato,Khanna,700.0
2025-02-10,Potato,Khanna,600.0
2025-02-11,Potato,Khanna,600.0
2025-02-13,Potato,Khanna,600.0
2025-02-14,Potato,Khanna,600.0
2025-02-15,Potato,Khanna,600.0
2025-02-17,Potato,Khanna,600.0
2025-02-18,Potato,Khanna,600.0
2025-02-19,Potato,Khanna,600.0
2025-02-20,Potato,Khanna,600.0
2025-02-21,Potato,Khanna,600.0
2025-02-22,Potato,Khanna,600.0
2025-02-24,Potato,Khanna,600.0
2025-02-25,Potato,Khanna,600.0
2025-02-26,Potato,Khanna,600.0
2025-02-27,Potato,Khanna,600.0
2025-02-28,Potato,Khanna,600.0
2025-03-01,Potato,Khanna,600.0
2025-03-03,Potato,Khanna,600.0
2025-03-04,Potato,Khanna,600.0
2025-03-05,Potato,Khanna,600.0
2025-03-06,Potato,Khanna,700.0
2025-03-07,Potato,Khanna,700.0
2025-03-08,Potato,Khanna,700.0
2025-03-10,Potato,Khanna,700.0
2025-03-12,Potato,Khanna,600.0
2025-03-13,Potato,Khanna,600.0
2025-03-15,Potato,Khanna,600.0
2025-03-18,Potato,Khanna,600.0
2025-03-19,Potato,Khanna,600.0
2025-03-20,Potato,Khanna,600.0
2025-03-21,Potato,Khanna,600.0
2025-03-24,Potato,Khanna,600.0
2025-03-25,Potato,Khanna,600.0
2025-03-26,Potato,Khanna,600.0
2025-03-27,Potato,Khanna,600.0
2025-03-28,Potato,Khanna,600.0
2025-03-31,Potato,Khanna,600.0
2025-04-01,Potato,Khanna,500.0
2025-04-02,Potato,Khanna,500.0
2025-04-03,Potato,Khanna,500.0
2025-04-04,Potato,Khanna,500.0
2025-04-05,Potato,Khanna,500.0
2025-04-08,Potato,Khanna,500.0
2025-04-09,Potato,Khanna,500.0
2025-04-10,Potato,Khanna,500.0
2025-04-11,Potato,Khanna,500.0
2025-04-12,Potato,Khanna,500.0
2025-04-14,Potato,Khanna,500.0
2025-04-15,Potato,Khanna,500.0
2025-04-16,Potato,Khanna,500.0
2025-04-17,Potato,Khanna,500.0
2025-04-18,Potato,Khanna,500.0
2025-04-19,Potato,Khanna,500.0
2025-04-21,Potato,Khanna,500.0
2025-04-22,Potato,Khanna,500.0
2025-04-23,Potato,Khanna,500.0
2025-04-24,Potato,Khanna,500.0
2025-04-25,Potato,Khanna,500.0
2025-04-28,Potato,Khanna,600.0
2025-05-01,Potato,Khanna,600.0
2025-05-02,Potato,Khanna,600.0
2025-05-03,Potato,Khanna,600.0
2025-05-05,Potato,Khanna,600.0
2025-05-06,Potato,Khanna,500.0
2025-05-07,Potato,Khanna,600.0
2025-05-08,Potato,Khanna,600.0
2025-05-09,Potato,Khanna,600.0
2025-05-10,Potato,Khanna,600.0
2025-05-12,Potato,Khanna,600.0
2025-05-13,Potato,Khanna,600.0
2025-05-14,Potato,Khanna,800.0
2025-05-15,Potato,Khanna,800.0
2025-05-16,Potato,Khanna,800.0
2025-05-17,Potato,Khanna,800.0
2025-05-20,Potato,Khanna,800.0
2025-05-21,Potato,Khanna,800.0
2025-05-22,Potato,Khanna,800.0
2025-05-23,Potato,Khanna,800.0
2025-05-24,Potato,Khanna,800.0
2025-06-03,Potato,Khanna,800.0
2025-06-04,Potato,Khanna,800.0
2025-06-05,Potato,Khanna,800.0
2025-06-09,Potato,Khanna,500.0
2025-11-07,Potato,Khanna,1200.0
2025-11-08,Potato,Khanna,1200.0
2025-11-10,Potato,Khanna,1200.0
2025-11-11,Potato,Khanna,1200.0
2025-11-12,Potato,Khanna,1200.0
2025-11-13,Potato,Khanna,1200.0
2025-11-14,Potato,Khanna,1200.0
2025-11-15,Potato,Khanna,1200.0
2025-11-17,Potato,Khanna,1000.0
2025-11-19,Potato,Khanna,800.0
2025-11-20,Potato,Khanna,700.0
2025-11-21,Potato,Khanna,700.0
2025-11-22,Potato,Khanna,700.0
2025-11-24,Potato,Khanna,700.0
2025-11-25,Potato,Khanna,700.0
2025-11-26,Potato,Khanna,800.0
2025-11-27,Potato,Khanna,700.0
2025-11-28,Potato,Khanna,700.0
2025-12-01,Potato,Khanna,700.0
2025-12-02,Potato,Khanna,500.0
2025-12-03,Potato,Khanna,700.0
2025-12-04,Potato,Khanna,700.0
2025-12-05,Potato,Khanna,700.0
2025-12-06,Potato,Khanna,700.0
2025-12-08,Potato,Khanna,700.0
2025-12-09,Potato,Khanna,700.0
2025-12-10,Potato,Khanna,700.0
2025-12-11,Potato,Khanna,700.0
2025-12-12,Potato,Khanna,500.0
2025-12-13,Potato,Khanna,500.0
2025-12-15,Potato,Khanna,500.0
2025-12-16,Potato,Khanna,500.0
2025-12-17,Potato,Khanna,400.0
2025-12-18,Potato,Khanna,400.0
2025-12-19,Potato,Khanna,400.0
2025-12-20,Potato,Khanna,500.0
2025-12-22,Potato,Khanna,500.0
2025-12-23,Potato,Khanna,500.0
2025-12-24,Potato,Khanna,500.0
2025-12-25,Potato,Khanna,500.0
2025-12-26,Potato,Khanna,500.0
2025-12-27,Potato,Khanna,500.0
2025-12-29,Potato,Khanna,500.0
2025-12-30,Potato,Khanna,500.0
2025-12-31,Potato,Khanna,500.0
2026-01-01,Potato,Khanna,500.0
2026-01-02,Potato,Khanna,500.0
2026-01-03,Potato,Khanna,500.0
2026-01-05,Potato,Khanna,500.0
2026-01-06,Potato,Khanna,600.0
2026-01-07,Potato,Khanna,400.0
2026-01-10,Potato,Khanna,381.35
2026-01-12,Potato,Khanna,300.0
2026-01-13,Potato,Khanna,300.0
2026-01-14,Potato,Khanna,300.0
2026-01-15,Potato,Khanna,300.0
2026-01-16,Potato,Khanna,300.0
2026-01-17,Potato,Khanna,400.0
2026-01-19,Potato,Khanna,300.0
2026-01-20,Potato,Khanna,300.0
2026-01-21,Potato,Khanna,300.0
2026-01-22,Potato,Khanna,300.0
2026-01-23,Potato,Khanna,300.0
2026-01-26,Potato,Khanna,300.0
2026-01-27,Potato,Khanna,300.0
2026-01-28,Potato,Khanna,300.0
2026-01-29,Potato,Khanna,400.0
2026-01-30,Potato,Khanna,400.0
2026-01-31,Potato,Khanna,400.0
2026-02-02,Potato,Khanna,400.0
2026-02-03,Potato,Khanna,400.0
2026-02-04,Potato,Khanna,400.0
2026-02-05,Potato,Khanna,400.0
2026-02-06,Potato,Khanna,400.0
2026-02-08,Potato,Khanna,400.0
2026-02-09,Potato,Khanna,600.0
2026-02-10,Potato,Khanna,600.0
2026-02-11,Potato,Khanna,400.0
2026-02-12,Potato,Khanna,400.0
2026-02-13,Potato,Khanna,400.0
2026-02-16,Potato,Khanna,400.0
2026-02-18,Potato,Khanna,600.0
2026-02-19,Potato,Khanna,400.0
2026-02-20,Potato,Khanna,400.0
2026-02-21,Potato,Khanna,400.0
2026-02-23,Potato,Khanna,400.0
2026-02-24,Potato,Khanna,400.0
2026-02-25,Potato,Khanna,400.0
2026-02-26,Potato,Khanna,400.0
2026-02-27,Potato,Khanna,400.0
2026-02-28,Potato,Khanna,400.0
2026-03-02,Potato,Khanna,300.0
2026-03-03,Potato,Khanna,300.0
2026-03-04,Potato,Khanna,300.0
2026-03-05,Potato,Khanna,300.0
2026-03-06,Potato,Khanna,400.0
2026-03-07,Potato,Khanna,300.0
2026-03-09,Potato,Khanna,300.0
2026-03-10,Potato,Khanna,300.0
2026-03-11,Potato,Khanna,400.0
2026-03-12,Potato,Khanna,400.0
2026-03-13,Potato,Khanna,300.0
2026-03-14,Potato,Khanna,400.0
2026-03-16,Potato,Khanna,300.0
2026-03-17,Potato,Khanna,400.0
2026-03-18,Potato,Khanna,300.0
2026-03-19,Potato,Khanna,300.0
2026-03-20,Potato,Khanna,300.0
2026-03-23,Potato,Khanna,400.0
2026-03-25,Potato,Khanna,400.0
2026-03-26,Potato,Khanna,400.0
2026-03-27,Potato,Khanna,400.0
2026-03-28,Potato,Khanna,400.0
2026-03-30,Potato,Khanna,400.0
2026-03-31,Potato,Khanna,400.0
2026-04-01,Potato,Khanna,400.0
2026-04-02,Potato,Khanna,400.0
2026-04-03,Potato,Khanna,400.0
2026-04-04,Potato,Khanna,400.0
2026-04-06,Potato,Khanna,400.0
2026-04-07,Potato,Khanna,400.0
2026-04-08,Potato,Khanna,400.0
2026-04-09,Potato,Khanna,400.0
2026-04-10,Potato,Khanna,400.0
2026-04-11,Potato,Khanna,400.0
2026-04-14,Potato,Khanna,400.0
2026-04-15,Potato,Khanna,400.0
2026-04-16,Potato,Khanna,400.0
2026-04-17,Potato,Khanna,400.0
2026-04-18,Potato,Khanna,400.0
2026-04-20,Potato,Khanna,400.0
2026-04-21,Potato,Khanna,400.0
2026-04-22,Potato,Khanna,400.0
2026-04-23,Potato,Khanna,400.0
2026-04-24,Potato,Khanna,400.0
2026-04-25,Potato,Khanna,400.0
2026-04-27,Potato,Khanna,400.0
2026-04-28,Potato,Khanna,400.0
2026-04-29,Potato,Khanna,400.0
2026-04-30,Potato,Khanna,400.0
2026-05-01,Potato,Khanna,400.0
2026-05-02,Potato,Khanna,400.0
2026-05-04,Potato,Khanna,400.0
2026-05-05,Potato,Khanna,400.0
2026-05-06,Potato,Khanna,400.0
2026-05-07,Potato,Khanna,400.0
2026-05-08,Potato,Khanna,400.0
2026-05-09,Potato,Khanna,400.0
2026-05-11,Potato,Khanna,400.0
2026-05-12,Potato,Khanna,400.0
2026-05-13,Potato,Khanna,400.0
2026-05-14,Potato,Khanna,400.0
2026-05-15,Potato,Khanna,400.0
2026-05-16,Potato,Khanna,400.0
2026-05-18,Potato,Khanna,400.0
2026-05-19,Potato,Khanna,400.0
2026-05-20,Potato,Khanna,400.0
2026-05-21,Potato,Khanna,400.0
2026-05-22,Potato,Khanna,400.0
2026-05-23,Potato,Khanna,400.0
2026-05-25,Potato,Khanna,400.0
2026-05-26,Potato,Khanna,400.0
2026-05-27,Potato,Khanna,400.0
2026-05-28,Potato,Khanna,400.0
2026-05-29,Potato,Khanna,400.0
2026-05-30,Potato,Khanna,400.0
2026-06-01,Potato,Khanna,400.0
2026-06-02,Potato,Khanna,400.0
2026-06-03,Potato,Khanna,600.0
2026-06-04,Potato,Khanna,600.0
2026-06-05,Potato,Khanna,600.0
2026-06-09,Potato,Khanna,600.0
2026-06-10,Potato,Khanna,600.0
2026-06-11,Potato,Khanna,600.0
2026-06-12,Potato,Khanna,400.0
2026-06-13,Potato,Khanna,600.0
2026-06-15,Potato,Khanna,600.0
2026-06-16,Potato,Khanna,600.0
2026-06-17,Potato,Khanna,600.0
2026-06-18,Potato,Khanna,600.0
2026-06-19,Potato,Khanna,600.0
2026-06-20,Potato,Khanna,600.0
2026-06-23,Potato,Khanna,600.0
2026-06-24,Potato,Khanna,600.0
2026-06-25,Potato,Khanna,600.0
2026-06-26,Potato,Khanna,600.0
2026-06-27,Potato,Khanna,600.0
2026-06-29,Potato,Khanna,600.0
2026-06-30,Potato,Khanna,600.0
2026-07-01,Potato,Khanna,600.0
2026-07-02,Potato,Khanna,600.0
2026-07-03,Potato,Khanna,600.0
2026-07-04,Potato,Khanna,600.0
2026-07-06,Potato,Khanna,600.0
2026-07-08,Potato,Khanna,600.0
2026-07-09,Potato,Khanna,600.0
2026-07-10,Potato,Khanna,600.0
2026-07-13,Potato,Khanna,600.0
2026-07-14,Potato,Khanna,600.0
2026-07-15,Potato,Khanna,600.0
2026-07-16,Potato,Khanna,600.0
2026-07-17,Potato,Khanna,600.0
2026-07-18,Potato,Khanna,600.0
2026-07-20,Potato,Khanna,500.0
2026-07-21,Potato,Khanna,500.0
2026-07-22,Potato,Khanna,500.0
2026-07-23,Potato,Khanna,500.0
2026-07-24,Potato,Khanna,500.0
2026-07-25,Potato,Khanna,500.0
2026-07-27,Potato,Khanna,500.0
2026-07-28,Potato,Khanna,500.0
2026-07-29,Potato,Khanna,500.0
2026-07-30,Potato,Khanna,500.0
2026-07-31,Potato,Khanna,500.0
2026-08-01,Potato,Khanna,500.0
2026-08-03,Potato,Khanna,500.0
2026-08-04,Potato,Khanna,500.0
2026-08-05,Potato,Khanna,500.0
2026-08-06,Potato,Khanna,500.0
2026-08-07,Potato,Khanna,500.0
2026-08-08,Potato,Khanna,500.0
2026-08-10,Potato,Khanna,500.0
2026-08-11,Potato,Khanna,500.0
2026-08-12,Potato,Khanna,500.0
2026-08-13,Potato,Khanna,500.0
2026-08-14,Potato,Khanna,500.0
2026-08-15,Potato,Khanna,500.0
2026-08-17,Potato,Khanna,500.0
2026-08-18,Potato,Khanna,500.0
2026-08-19,Potato,Khanna,500.0
2026-08-20,Potato,Khanna,500.0
2026-08-21,Potato,Khanna,500.0
2026-08-22,Potato,Khanna,500.0
2026-08-24,Potato,Khanna,500.0
2026-08-25,Potato,Khanna,500.0
2026-08-26,Potato,Khanna,500.0
2026-08-27,Potato,Khanna,500.0
2026-08-28,Potato,Khanna,500.0
2026-08-29,Potato,Khanna,500.0
2023-06-06,Potato,Ludhiana,800.0
2023-06-07,Potato,Ludhiana,900.0
2023-06-08,Potato,Ludhiana,800.0
2023-06-09,Potato,Ludhiana,800.0
2023-06-10,Potato,Ludhiana,800.0
2023-06-12,Potato,Ludhiana,700.0
2023-06-13,Potato,Ludhiana,700.0
2023-06-14,Potato,Ludhiana,680.0
2023-06-15,Potato,Ludhiana,700.0
2023-06-16,Potato,Ludhiana,800.0
2023-06-17,Potato,Ludhiana,660.0
2023-06-19,Potato,Ludhiana,740.0
2023-06-20,Potato,Ludhiana,700.0
2023-06-21,Potato,Ludhiana,800.0
2023-06-22,Potato,Ludhiana,780.0
2023-06-23,Potato,Ludhiana,710.0
2023-06-24,Potato,Ludhiana,800.0
2023-06-26,Potato,Ludhiana,800.0
2023-06-27,Potato,Ludhiana,800.0
2023-09-05,Potato,Ludhiana,700.0
2023-09-06,Potato,Ludhiana,800.0
2023-09-07,Potato,Ludhiana,720.0
2023-09-08,Potato,Ludhiana,720.0
2023-09-09,Potato,Ludhiana,700.0
2023-09-11,Potato,Ludhiana,700.0
2023-09-12,Potato,Ludhiana,720.0
2023-09-13,Potato,Ludhiana,760.0
2023-09-14,Potato,Ludhiana,700.0
2023-09-15,Potato,Ludhiana,700.0
2023-09-16,Potato,Ludhiana,800.0
2023-09-18,Potato,Ludhiana,700.0
2023-09-19,Potato,Ludhiana,600.0
2023-09-20,Potato,Ludhiana,600.0
2023-09-21,Potato,Ludhiana,600.0
2023-09-22,Potato,Ludhiana,600.0
2023-09-23,Potato,Ludhiana,700.0
2023-09-25,Potato,Ludhiana,700.0
2023-09-26,Potato,Ludhiana,700.0
2023-09-27,Potato,Ludhiana,700.0
2023-09-28,Potato,Ludhiana,600.0
2023-09-29,Potato,Ludhiana,600.0
2023-09-30,Potato,Ludhiana,700.0
2023-10-02,Potato,Ludhiana,700.0
2023-10-03,Potato,Ludhiana,700.0
2023-10-04,Potato,Ludhiana,700.0
2023-10-05,Potato,Ludhiana,700.0
2023-10-06,Potato,Ludhiana,600.0
2023-10-07,Potato,Ludhiana,700.0
2023-10-09,Potato,Ludhiana,660.0
2023-10-10,Potato,Ludhiana,660.0
2023-10-11,Potato,Ludhiana,700.0
2023-10-12,Potato,Ludhiana,700.0
2023-10-13,Potato,Ludhiana,600.0
2023-10-14,Potato,Ludhiana,700.0
2023-10-16,Potato,Ludhiana,700.0
2023-10-17,Potato,Ludhiana,600.0
2023-10-18,Potato,Ludhiana,600.0
2023-10-19,Potato,Ludhiana,600.0
2023-10-20,Potato,Ludhiana,600.0
2023-10-21,Potato,Ludhiana,700.0
2023-10-23,Potato,Ludhiana,690.0
2023-10-24,Potato,Ludhiana,700.0
2023-10-25,Potato,Ludhiana,600.0
2023-10-26,Potato,Ludhiana,600.0
2023-10-27,Potato,Ludhiana,600.0
2023-10-28,Potato,Ludhiana,600.0
2023-10-30,Potato,Ludhiana,600.0
2023-10-31,Potato,Ludhiana,700.0
2023-11-01,Potato,Ludhiana,600.0
2023-11-02,Potato,Ludhiana,1100.0
2023-11-03,Potato,Ludhiana,1000.0
2023-11-04,Potato,Ludhiana,1000.0
2023-11-06,Potato,Ludhiana,1400.0
2023-11-07,Potato,Ludhiana,1000.0
2023-11-08,Potato,Ludhiana,1000.0
2023-11-09,Potato,Ludhiana,1000.0
2023-11-10,Potato,Ludhiana,1000.0
2023-11-11,Potato,Ludhiana,1000.0
2023-11-14,Potato,Ludhiana,700.0
2023-11-15,Potato,Ludhiana,750.0
2023-11-16,Potato,Ludhiana,800.0
2023-11-17,Potato,Ludhiana,600.0
2023-11-18,Potato,Ludhiana,700.0
2023-11-19,Potato,Ludhiana,700.0
2023-11-20,Potato,Ludhiana,650.0
2023-11-21,Potato,Ludhiana,600.0
2023-11-22,Potato,Ludhiana,550.0
2023-11-23,Potato,Ludhiana,600.0
2023-11-24,Potato,Ludhiana,600.0
2023-11-25,Potato,Ludhiana,550.0
2023-11-27,Potato,Ludhiana,450.0
2023-11-28,Potato,Ludhiana,400.0
2023-11-29,Potato,Ludhiana,300.0
2023-11-30,Potato,Ludhiana,300.0
2023-12-01,Potato,Ludhiana,350.0
2023-12-02,Potato,Ludhiana,400.0
2023-12-04,Potato,Ludhiana,350.0
2023-12-05,Potato,Ludhiana,350.0
2023-12-06,Potato,Ludhiana,350.0
2023-12-07,Potato,Ludhiana,350.0
2023-12-08,Potato,Ludhiana,300.0
2023-12-09,Potato,Ludhiana,250.0
2023-12-11,Potato,Ludhiana,200.0
2023-12-12,Potato,Ludhiana,200.0
2023-12-13,Potato,Ludhiana,200.0
2023-12-14,Potato,Ludhiana,200.0
2023-12-15,Potato,Ludhiana,200.0
2023-12-16,Potato,Ludhiana,200.0
2023-12-18,Potato,Ludhiana,200.0
2023-12-19,Potato,Ludhiana,250.0
2023-12-20,Potato,Ludhiana,250.0
2023-12-22,Potato,Ludhiana,250.0
2023-12-23,Potato,Ludhiana,250.0
2023-12-25,Potato,Ludhiana,300.0
2023-12-26,Potato,Ludhiana,300.0
2023-12-27,Potato,Ludhiana,270.0
2023-12-28,Potato,Ludhiana,280.0
2023-12-29,Potato,Ludhiana,300.0
2023-12-30,Potato,Ludhiana,300.0
2024-01-01,Potato,Ludhiana,300.0
2024-01-02,Potato,Ludhiana,300.0
2024-01-03,Potato,Ludhiana,300.0
2024-01-04,Potato,Ludhiana,300.0
2024-01-05,Potato,Ludhiana,300.0
2024-01-06,Potato,Ludhiana,300.0
2024-01-08,Potato,Ludhiana,300.0
2024-01-09,Potato,Ludhiana,300.0
2024-01-10,Potato,Ludhiana,300.0
2024-01-11,Potato,Ludhiana,300.0
2024-01-12,Potato,Ludhiana,300.0
2024-01-13,Potato,Ludhiana,300.0
2024-01-15,Potato,Ludhiana,300.0
2024-01-16,Potato,Ludhiana,300.0
2024-01-17,Potato,Ludhiana,300.0
2024-01-18,Potato,Ludhiana,300.0
2024-01-19,Potato,Ludhiana,300.0
2024-01-20,Potato,Ludhiana,300.0
2024-01-22,Potato,Ludhiana,300.0
2024-01-23,Potato,Ludhiana,300.0
2024-01-24,Potato,Ludhiana,300.0
2024-01-25,Potato,Ludhiana,300.0
2024-01-26,Potato,Ludhiana,300.0
2024-01-27,Potato,Ludhiana,300.0
2024-01-29,Potato,Ludhiana,300.0
2024-01-30,Potato,Ludhiana,300.0
2024-01-31,Potato,Ludhiana,300.0
2024-02-01,Potato,Ludhiana,400.0
2024-02-02,Potato,Ludhiana,300.0
2024-02-03,Potato,Ludhiana,300.0
2024-02-05,Potato,Ludhiana,300.0
2024-02-06,Potato,Ludhiana,300.0
2024-02-07,Potato,Ludhiana,350.0
2024-02-08,Potato,Ludhiana,400.0
2024-02-09,Potato,Ludhiana,400.0
2024-02-10,Potato,Ludhiana,350.0
2024-02-12,Potato,Ludhiana,350.0
2024-02-13,Potato,Ludhiana,350.0
2024-02-14,Potato,Ludhiana,350.0
2024-02-15,Potato,Ludhiana,350.0
2024-02-16,Potato,Ludhiana,350.0
2024-02-17,Potato,Ludhiana,400.0
2024-02-19,Potato,Ludhiana,400.0
2024-02-20,Potato,Ludhiana,400.0
2024-02-21,Potato,Ludhiana,400.0
2024-02-22,Potato,Ludhiana,400.0
2024-02-23,Potato,Ludhiana,400.0
2024-02-24,Potato,Ludhiana,400.0
2024-02-26,Potato,Ludhiana,400.0
2024-02-27,Potato,Ludhiana,400.0
2024-02-28,Potato,Ludhiana,500.0
2024-02-29,Potato,Ludhiana,450.0
2024-03-01,Potato,Ludhiana,450.0
2024-03-02,Potato,Ludhiana,450.0
2024-03-04,Potato,Ludhiana,400.0
2024-03-05,Potato,Ludhiana,400.0
2024-03-06,Potato,Ludhiana,400.0
2024-03-07,Potato,Ludhiana,500.0
2024-03-08,Potato,Ludhiana,500.0
2024-03-09,Potato,Ludhiana,500.0
2024-03-11,Potato,Ludhiana,500.0
2024-03-12,Potato,Ludhiana,500.0
2024-03-13,Potato,Ludhiana,500.0
2024-03-14,Potato,Ludhiana,500.0
2024-03-16,Potato,Ludhiana,500.0
2024-03-18,Potato,Ludhiana,500.0
2024-03-19,Potato,Ludhiana,500.0
2024-03-20,Potato,Ludhiana,500.0
2024-03-21,Potato,Ludhiana,500.0
2024-03-22,Potato,Ludhiana,500.0
2024-03-23,Potato,Ludhiana,500.0
2024-03-25,Potato,Ludhiana,500.0
2024-03-26,Potato,Ludhiana,500.0
2024-03-27,Potato,Ludhiana,500.0
2024-03-28,Potato,Ludhiana,500.0
2024-03-29,Potato,Ludhiana,450.0
2024-03-30,Potato,Ludhiana,450.0
2024-04-01,Potato,Ludhiana,500.0
2024-04-02,Potato,Ludhiana,500.0
2024-04-03,Potato,Ludhiana,500.0
2024-04-04,Potato,Ludhiana,500.0
2024-04-05,Potato,Ludhiana,500.0
2024-04-06,Potato,Ludhiana,550.0
2024-04-08,Potato,Ludhiana,550.0
2024-04-09,Potato,Ludhiana,550.0
2024-04-10,Potato,Ludhiana,550.0
2024-04-11,Potato,Ludhiana,550.0
2024-04-12,Potato,Ludhiana,550.0
2024-04-13,Potato,Ludhiana,550.0
2024-04-15,Potato,Ludhiana,550.0
2024-04-16,Potato,Ludhiana,600.0
2024-04-18,Potato,Ludhiana,700.0
2024-04-20,Potato,Ludhiana,700.0
2024-04-22,Potato,Ludhiana,700.0
2024-04-23,Potato,Ludhiana,700.0
2024-04-24,Potato,Ludhiana,700.0
2024-04-25,Potato,Ludhiana,700.0
2024-04-26,Potato,Ludhiana,700.0
2024-04-27,Potato,Ludhiana,700.0
2024-04-29,Potato,Ludhiana,700.0
2024-04-30,Potato,Ludhiana,700.0
2024-05-01,Potato,Ludhiana,700.0
2024-05-02,Potato,Ludhiana,700.0
2024-05-03,Potato,Ludhiana,800.0
2024-05-04,Potato,Ludhiana,800.0
2024-05-06,Potato,Ludhiana,800.0
2024-05-07,Potato,Ludhiana,800.0
2024-05-08,Potato,Ludhiana,800.0
2024-05-09,Potato,Ludhiana,850.0
2024-05-10,Potato,Ludhiana,850.0
2024-05-11,Potato,Ludhiana,850.0
2024-05-13,Potato,Ludhiana,850.0
2024-05-14,Potato,Ludhiana,850.0
2024-05-15,Potato,Ludhiana,850.0
2024-05-16,Potato,Ludhiana,850.0
2024-05-17,Potato,Ludhiana,850.0
2024-05-18,Potato,Ludhiana,850.0
2024-05-20,Potato,Ludhiana,850.0
2024-05-21,Potato,Ludhiana,850.0
2024-05-22,Potato,Ludhiana,700.0
2024-05-23,Potato,Ludhiana,700.0
2024-05-24,Potato,Ludhiana,700.0
2024-05-25,Potato,Ludhiana,700.0
2024-05-27,Potato,Ludhiana,700.0
2024-05-28,Potato,Ludhiana,800.0
2024-05-29,Potato,Ludhiana,800.0
2024-05-30,Potato,Ludhiana,900.0
2024-05-31,Potato,Ludhiana,900.0
2024-06-01,Potato,Ludhiana,900.0
2024-06-03,Potato,Ludhiana,900.0
2024-06-04,Potato,Ludhiana,900.0
2024-06-05,Potato,Ludhiana,800.0
2024-06-06,Potato,Ludhiana,850.0
2024-06-07,Potato,Ludhiana,800.0
2024-06-08,Potato,Ludhiana,900.0
2024-06-10,Potato,Ludhiana,900.0
2024-06-11,Potato,Ludhiana,900.0
2024-06-12,Potato,Ludhiana,900.0
2024-06-13,Potato,Ludhiana,900.0
2024-06-14,Potato,Ludhiana,900.0
2024-06-15,Potato,Ludhiana,900.0
2024-06-17,Potato,Ludhiana,900.0
2024-06-18,Potato,Ludhiana,900.0
2024-06-19,Potato,Ludhiana,900.0
2024-06-20,Potato,Ludhiana,900.0
2024-06-21,Potato,Ludhiana,900.0
2024-06-22,Potato,Ludhiana,900.0
2024-06-24,Potato,Ludhiana,900.0
2024-06-25,Potato,Ludhiana,900.0
2024-06-26,Potato,Ludhiana,900.0
2024-06-27,Potato,Ludhiana,900.0
2024-06-28,Potato,Ludhiana,900.0
2024-06-29,Potato,Ludhiana,900.0
2024-07-01,Potato,Ludhiana,900.0
2024-07-02,Potato,Ludhiana,900.0
2024-07-03,Potato,Ludhiana,900.0
2024-07-04,Potato,Ludhiana,900.0
2024-07-05,Potato,Ludhiana,900.0
2024-07-06,Potato,Ludhiana,900.0
2024-07-08,Potato,Ludhiana,900.0
2024-07-09,Potato,Ludhiana,900.0
2024-07-10,Potato,Ludhiana,900.0
2024-07-11,Potato,Ludhiana,900.0
2024-07-12,Potato,Ludhiana,900.0
2024-07-13,Potato,Ludhiana,900.0
2024-07-15,Potato,Ludhiana,900.0
2024-07-16,Potato,Ludhiana,900.0
2024-07-17,Potato,Ludhiana,900.0
2024-07-18,Potato,Ludhiana,1000.0
2024-07-19,Potato,Ludhiana,1000.0
2024-07-20,Potato,Ludhiana,1000.0
2024-07-22,Potato,Ludhiana,1000.0
2024-07-23,Potato,Ludhiana,1000.0
2024-07-24,Potato,Ludhiana,1000.0
2024-07-25,Potato,Ludhiana,1000.0
2024-07-26,Potato,Ludhiana,1000.0
2024-07-27,Potato,Ludhiana,1000.0
2024-07-29,Potato,Ludhiana,1000.0
2024-07-30,Potato,Ludhiana,1000.0
2024-07-31,Potato,Ludhiana,1000.0
2024-08-01,Potato,Ludhiana,1000.0
2024-08-02,Potato,Ludhiana,1000.0
2024-08-03,Potato,Ludhiana,1000.0
2024-08-05,Potato,Ludhiana,1000.0
2024-08-06,Potato,Ludhiana,1000.0
2024-08-07,Potato,Ludhiana,1000.0
2024-08-08,Potato,Ludhiana,900.0
2024-08-09,Potato,Ludhiana,900.0
2024-08-10,Potato,Ludhiana,900.0
2024-08-12,Potato,Ludhiana,900.0
2024-08-13,Potato,Ludhiana,900.0
2024-08-14,Potato,Ludhiana,900.0
2024-08-15,Potato,Ludhiana,900.0
2024-08-16,Potato,Ludhiana,900.0
2024-08-17,Potato,Ludhiana,900.0
2024-08-19,Potato,Ludhiana,900.0
2024-08-20,Potato,Ludhiana,900.0
2024-08-21,Potato,Ludhiana,900.0
2024-08-22,Potato,Ludhiana,900.0
2024-08-23,Potato,Ludhiana,900.0
2024-08-24,Potato,Ludhiana,900.0
2024-08-26,Potato,Ludhiana,900.0
2024-08-27,Potato,Ludhiana,900.0
2024-08-28,Potato,Ludhiana,900.0
2024-08-29,Potato,Ludhiana,900.0
2024-08-30,Potato,Ludhiana,900.0
2024-08-31,Potato,Ludhiana,900.0
2024-09-02,Potato,Ludhiana,900.0
2024-09-03,Potato,Ludhiana,900.0
2024-09-04,Potato,Ludhiana,950.0
2024-09-05,Potato,Ludhiana,950.0
2024-09-06,Potato,Ludhiana,950.0
2024-09-07,Potato,Ludhiana,950.0
2024-09-09,Potato,Ludhiana,850.0
2024-09-10,Potato,Ludhiana,850.0
2024-09-11,Potato,Ludhiana,850.0
2024-09-12,Potato,Ludhiana,900.0
2024-09-13,Potato,Ludhiana,900.0
2024-09-14,Potato,Ludhiana,900.0
2024-09-16,Potato,Ludhiana,900.0
2024-09-17,Potato,Ludhiana,900.0
2024-09-18,Potato,Ludhiana,900.0
2024-09-19,Potato,Ludhiana,900.0
2024-09-20,Potato,Ludhiana,900.0
2024-09-21,Potato,Ludhiana,900.0
2024-09-23,Potato,Ludhiana,900.0
2024-09-24,Potato,Ludhiana,900.0
2024-09-25,Potato,Ludhiana,900.0
2024-09-26,Potato,Ludhiana,950.0
2024-09-27,Potato,Ludhiana,950.0
2024-09-28,Potato,Ludhiana,950.0
2024-09-30,Potato,Ludhiana,950.0
2024-10-01,Potato,Ludhiana,950.0
2024-10-02,Potato,Ludhiana,950.0
2024-10-03,Potato,Ludhiana,950.0
2024-10-04,Potato,Ludhiana,900.0
2024-10-05,Potato,Ludhiana,900.0
2024-10-07,Potato,Ludhiana,900.0
2024-10-08,Potato,Ludhiana,900.0
2024-10-09,Potato,Ludhiana,900.0
2024-10-10,Potato,Ludhiana,900.0
2024-10-11,Potato,Ludhiana,900.0
2024-10-12,Potato,Ludhiana,900.0
2024-10-14,Potato,Ludhiana,900.0
2024-10-15,Potato,Ludhiana,900.0
2024-10-16,Potato,Ludhiana,1000.0
2024-10-17,Potato,Ludhiana,1000.0
2024-10-18,Potato,Ludhiana,1050.0
2024-10-19,Potato,Ludhiana,1050.0
2024-10-21,Potato,Ludhiana,1000.0
2024-10-22,Potato,Ludhiana,1000.0
2024-10-23,Potato,Ludhiana,1000.0
2024-10-24,Potato,Ludhiana,1000.0
2024-10-25,Potato,Ludhiana,1000.0
2024-10-26,Potato,Ludhiana,1000.0
2024-10-28,Potato,Ludhiana,1000.0
2024-10-29,Potato,Ludhiana,1000.0
2024-10-30,Potato,Ludhiana,1000.0
2024-10-31,Potato,Ludhiana,1000.0
2024-11-01,Potato,Ludhiana,1000.0
2024-11-02,Potato,Ludhiana,3600.0
2024-11-04,Potato,Ludhiana,1100.0
2024-11-05,Potato,Ludhiana,1100.0
2024-11-06,Potato,Ludhiana,1100.0
2024-11-07,Potato,Ludhiana,1100.0
2024-11-08,Potato,Ludhiana,1100.0
2024-11-09,Potato,Ludhiana,1200.0
2024-11-11,Potato,Ludhiana,1200.0
2024-11-12,Potato,Ludhiana,1200.0
2024-11-13,Potato,Ludhiana,1200.0
2024-11-14,Potato,Ludhiana,1200.0
2024-11-15,Potato,Ludhiana,1200.0
2024-11-16,Potato,Ludhiana,1200.0
2024-11-18,Potato,Ludhiana,1200.0
2024-11-19,Potato,Ludhiana,1200.0
2024-11-20,Potato,Ludhiana,1200.0
2024-11-21,Potato,Ludhiana,1200.0
2024-11-22,Potato,Ludhiana,1200.0
2024-11-23,Potato,Ludhiana,1200.0
2024-11-25,Potato,Ludhiana,1250.0
2024-11-26,Potato,Ludhiana,1250.0
2024-11-27,Potato,Ludhiana,1250.0
2024-11-28,Potato,Ludhiana,1250.0
2024-11-29,Potato,Ludhiana,1250.0
2024-11-30,Potato,Ludhiana,1250.0
2024-12-02,Potato,Ludhiana,1250.0
2024-12-03,Potato,Ludhiana,1250.0
2024-12-04,Potato,Ludhiana,1250.0
2024-12-05,Potato,Ludhiana,1250.0
2024-12-06,Potato,Ludhiana,1250.0
2024-12-07,Potato,Ludhiana,1250.0
2024-12-09,Potato,Ludhiana,800.0
2024-12-10,Potato,Ludhiana,800.0
2024-12-11,Potato,Ludhiana,800.0
2024-12-12,Potato,Ludhiana,800.0
2024-12-13,Potato,Ludhiana,800.0
2024-12-14,Potato,Ludhiana,800.0
2024-12-16,Potato,Ludhiana,800.0
2024-12-17,Potato,Ludhiana,800.0
2024-12-18,Potato,Ludhiana,800.0
2024-12-19,Potato,Ludhiana,800.0
2024-12-20,Potato,Ludhiana,1000.0
2024-12-21,Potato,Ludhiana,800.0
2024-12-23,Potato,Ludhiana,800.0
2024-12-24,Potato,Ludhiana,800.0
2024-12-25,Potato,Ludhiana,800.0
2024-12-26,Potato,Ludhiana,800.0
2024-12-27,Potato,Ludhiana,800.0
2024-12-28,Potato,Ludhiana,800.0
2024-12-30,Potato,Ludhiana,1000.0
2025-01-01,Potato,Ludhiana,800.0
2025-01-02,Potato,Ludhiana,800.0
2025-01-03,Potato,Ludhiana,800.0
2025-01-04,Potato,Ludhiana,800.0
2025-01-06,Potato,Ludhiana,800.0
2025-01-07,Potato,Ludhiana,800.0
2025-01-08,Potato,Ludhiana,800.0
2025-01-09,Potato,Ludhiana,800.0
2025-01-10,Potato,Ludhiana,800.0
2025-01-11,Potato,Ludhiana,800.0
2025-01-13,Potato,Ludhiana,800.0
2025-01-14,Potato,Ludhiana,800.0
2025-01-15,Potato,Ludhiana,800.0
2025-01-16,Potato,Ludhiana,800.0
2025-01-17,Potato,Ludhiana,800.0
2025-01-18,Potato,Ludhiana,800.0
2025-01-20,Potato,Ludhiana,700.0
2025-01-21,Potato,Ludhiana,600.0
2025-01-22,Potato,Ludhiana,600.0
2025-01-23,Potato,Ludhiana,500.0
2025-01-24,Potato,Ludhiana,500.0
2025-01-25,Potato,Ludhiana,500.0
2025-01-27,Potato,Ludhiana,600.0
2025-01-28,Potato,Ludhiana,600.0
2025-01-29,Potato,Ludhiana,600.0
2025-01-30,Potato,Ludhiana,600.0
2025-01-31,Potato,Ludhiana,600.0
2025-02-01,Potato,Ludhiana,600.0
2025-02-03,Potato,Ludhiana,600.0
2025-02-04,Potato,Ludhiana,500.0
2025-02-05,Potato,Ludhiana,500.0
2025-02-06,Potato,Ludhiana,600.0
2025-02-07,Potato,Ludhiana,600.0
2025-02-08,Potato,Ludhiana,600.0
2025-02-10,Potato,Ludhiana,600.0
2025-02-11,Potato,Ludhiana,500.0
2025-02-12,Potato,Ludhiana,500.0
2025-02-13,Potato,Ludhiana,500.0
2025-02-14,Potato,Ludhiana,500.0
2025-02-15,Potato,Ludhiana,500.0
2025-02-17,Potato,Ludhiana,500.0
2025-02-18,Potato,Ludhiana,600.0
2025-02-19,Potato,Ludhiana,600.0
2025-02-20,Potato,Ludhiana,600.0
2025-02-21,Potato,Ludhiana,600.0
2025-02-22,Potato,Ludhiana,600.0
2025-02-24,Potato,Ludhiana,500.0
2025-02-25,Potato,Ludhiana,500.0
2025-02-26,Potato,Ludhiana,600.0
2025-02-27,Potato,Ludhiana,600.0
2025-02-28,Potato,Ludhiana,600.0
2025-03-01,Potato,Ludhiana,600.0
2025-03-03,Potato,Ludhiana,600.0
2025-03-04,Potato,Ludhiana,600.0
2025-03-05,Potato,Ludhiana,600.0
2025-03-06,Potato,Ludhiana,600.0
2025-03-07,Potato,Ludhiana,600.0
2025-03-08,Potato,Ludhiana,600.0
2025-03-10,Potato,Ludhiana,600.0
2025-03-11,Potato,Ludhiana,600.0
2025-03-12,Potato,Ludhiana,600.0
2025-03-13,Potato,Ludhiana,600.0
2025-03-14,Potato,Ludhiana,600.0
2025-03-15,Potato,Ludhiana,600.0
2025-03-17,Potato,Ludhiana,600.0
2025-03-18,Potato,Ludhiana,600.0
2025-03-19,Potato,Ludhiana,600.0
2025-03-20,Potato,Ludhiana,600.0
2025-03-21,Potato,Ludhiana,600.0
2025-03-22,Potato,Ludhiana,500.0
2025-03-24,Potato,Ludhiana,500.0
2025-03-25,Potato,Ludhiana,500.0
2025-03-26,Potato,Ludhiana,500.0
2025-03-27,Potato,Ludhiana,500.0
2025-03-28,Potato,Ludhiana,500.0
2025-03-29,Potato,Ludhiana,400.0
2025-03-31,Potato,Ludhiana,400.0
2025-04-01,Potato,Ludhiana,400.0
2025-04-02,Potato,Ludhiana,400.0
2025-04-03,Potato,Ludhiana,500.0
2025-04-04,Potato,Ludhiana,500.0
2025-04-05,Potato,Ludhiana,400.0
2025-04-07,Potato,Ludhiana,400.0
2025-04-08,Potato,Ludhiana,400.0
2025-04-09,Potato,Ludhiana,400.0
2025-04-10,Potato,Ludhiana,400.0
2025-04-11,Potato,Ludhiana,400.0
2025-04-12,Potato,Ludhiana,400.0
2025-04-14,Potato,Ludhiana,400.0
2025-04-15,Potato,Ludhiana,400.0
2025-04-16,Potato,Ludhiana,500.0
2025-04-17,Potato,Ludhiana,500.0
2025-04-18,Potato,Ludhiana,500.0
2025-04-19,Potato,Ludhiana,500.0
2025-04-21,Potato,Ludhiana,500.0
2025-04-22,Potato,Ludhiana,500.0
2025-04-23,Potato,Ludhiana,500.0
2025-04-24,Potato,Ludhiana,500.0
2025-04-25,Potato,Ludhiana,500.0
2025-04-26,Potato,Ludhiana,500.0
2025-04-28,Potato,Ludhiana,500.0
2025-04-29,Potato,Ludhiana,500.0
2025-04-30,Potato,Ludhiana,500.0
2025-05-01,Potato,Ludhiana,500.0
2025-05-02,Potato,Ludhiana,500.0
2025-05-03,Potato,Ludhiana,500.0
2025-05-05,Potato,Ludhiana,500.0
2025-05-06,Potato,Ludhiana,500.0
2025-05-07,Potato,Ludhiana,500.0
2025-05-08,Potato,Ludhiana,500.0
2025-05-09,Potato,Ludhiana,500.0
2025-05-10,Potato,Ludhiana,600.0
2025-05-12,Potato,Ludhiana,600.0
2025-05-13,Potato,Ludhiana,600.0
2025-05-14,Potato,Ludhiana,600.0
2025-05-15,Potato,Ludhiana,600.0
2025-05-16,Potato,Ludhiana,600.0
2025-05-17,Potato,Ludhiana,600.0
2025-05-19,Potato,Ludhiana,600.0
2025-05-20,Potato,Ludhiana,600.0
2025-05-21,Potato,Ludhiana,600.0
2025-05-22,Potato,Ludhiana,600.0
2025-05-23,Potato,Ludhiana,600.0
2025-05-24,Potato,Ludhiana,600.0
2025-05-26,Potato,Ludhiana,500.0
2025-05-27,Potato,Ludhiana,500.0
2025-05-28,Potato,Ludhiana,500.0
2025-05-29,Potato,Ludhiana,500.0
2025-05-30,Potato,Ludhiana,500.0
2025-05-31,Potato,Ludhiana,500.0
2025-06-02,Potato,Ludhiana,500.0
2025-06-03,Potato,Ludhiana,500.0
2025-06-04,Potato,Ludhiana,500.0
2025-06-05,Potato,Ludhiana,500.0
2025-06-07,Potato,Ludhiana,600.0
2025-06-09,Potato,Ludhiana,600.0
2025-06-10,Potato,Ludhiana,600.0
2025-06-11,Potato,Ludhiana,600.0
2025-06-12,Potato,Ludhiana,730.0
2025-11-07,Potato,Ludhiana,600.0
2025-11-08,Potato,Ludhiana,600.0
2025-11-10,Potato,Ludhiana,600.0
2025-11-11,Potato,Ludhiana,1000.0
2025-11-12,Potato,Ludhiana,1000.0
2025-11-13,Potato,Ludhiana,600.0
2025-11-14,Potato,Ludhiana,600.0
2025-11-15,Potato,Ludhiana,600.0
2025-11-17,Potato,Ludhiana,600.0
2025-11-18,Potato,Ludhiana,600.0
2025-11-19,Potato,Ludhiana,600.0
2025-11-20,Potato,Ludhiana,600.0
2025-11-21,Potato,Ludhiana,600.0
2025-11-22,Potato,Ludhiana,500.0
2025-11-24,Potato,Ludhiana,500.0
2025-11-25,Potato,Ludhiana,500.0
2025-11-26,Potato,Ludhiana,500.0
2025-11-28,Potato,Ludhiana,500.0
2025-11-29,Potato,Ludhiana,400.0
2025-12-01,Potato,Ludhiana,400.0
2025-12-02,Potato,Ludhiana,400.0
2025-12-03,Potato,Ludhiana,400.0
2025-12-04,Potato,Ludhiana,400.0
2025-12-05,Potato,Ludhiana,400.0
2025-12-06,Potato,Ludhiana,400.0
2025-12-08,Potato,Ludhiana,400.0
2025-12-09,Potato,Ludhiana,400.0
2025-12-10,Potato,Ludhiana,400.0
2025-12-11,Potato,Ludhiana,400.0
2025-12-12,Potato,Ludhiana,400.0
2025-12-13,Potato,Ludhiana,400.0
2025-12-15,Potato,Ludhiana,400.0
2025-12-16,Potato,Ludhiana,400.0
2025-12-17,Potato,Ludhiana,400.0
2025-12-18,Potato,Ludhiana,400.0
2025-12-19,Potato,Ludhiana,400.0
2025-12-20,Potato,Ludhiana,400.0
2025-12-22,Potato,Ludhiana,300.0
2025-12-23,Potato,Ludhiana,300.0
2025-12-24,Potato,Ludhiana,400.0
2025-12-25,Potato,Ludhiana,400.0
2025-12-26,Potato,Ludhiana,400.0
2025-12-27,Potato,Ludhiana,400.0
2025-12-29,Potato,Ludhiana,400.0
2025-12-30,Potato,Ludhiana,400.0
2025-12-31,Potato,Ludhiana,400.0
2026-01-01,Potato,Ludhiana,400.0
2026-01-02,Potato,Ludhiana,400.0
2026-01-03,Potato,Ludhiana,400.0
2026-01-05,Potato,Ludhiana,400.0
2026-01-06,Potato,Ludhiana,400.0
2026-01-07,Potato,Ludhiana,400.0
2026-01-08,Potato,Ludhiana,400.0
2026-01-09,Potato,Ludhiana,400.0
2026-01-10,Potato,Ludhiana,300.0
2026-01-12,Potato,Ludhiana,300.0
2026-01-13,Potato,Ludhiana,300.0
2026-01-14,Potato,Ludhiana,300.0
2026-01-15,Potato,Ludhiana,300.0
2026-01-16,Potato,Ludhiana,300.0
2026-01-17,Potato,Ludhiana,300.0
2026-01-19,Potato,Ludhiana,300.0
2026-01-20,Potato,Ludhiana,400.0
2026-01-21,Potato,Ludhiana,300.0
2026-01-22,Potato,Ludhiana,300.0
2026-01-23,Potato,Ludhiana,300.0
2026-01-24,Potato,Ludhiana,300.0
2026-01-26,Potato,Ludhiana,300.0
2026-01-27,Potato,Ludhiana,300.0
2026-01-28,Potato,Ludhiana,300.0
2026-01-29,Potato,Ludhiana,300.0
2026-01-30,Potato,Ludhiana,300.0
2026-01-31,Potato,Ludhiana,300.0
2026-02-02,Potato,Ludhiana,300.0
2026-02-03,Potato,Ludhiana,300.0
2026-02-04,Potato,Ludhiana,500.0
2026-02-05,Potato,Ludhiana,500.0
2026-02-06,Potato,Ludhiana,500.0
2026-02-07,Potato,Ludhiana,500.0
2026-02-09,Potato,Ludhiana,250.0
2026-02-10,Potato,Ludhiana,250.0
2026-02-11,Potato,Ludhiana,250.0
2026-02-12,Potato,Ludhiana,250.0
2026-02-13,Potato,Ludhiana,250.0
2026-02-14,Potato,Ludhiana,250.0
2026-02-16,Potato,Ludhiana,300.0
2026-02-17,Potato,Ludhiana,300.0
2026-02-18,Potato,Ludhiana,300.0
2026-02-19,Potato,Ludhiana,300.0
2026-02-20,Potato,Ludhiana,300.0
2026-02-21,Potato,Ludhiana,300.0
2026-02-23,Potato,Ludhiana,300.0
2026-02-24,Potato,Ludhiana,300.0
2026-02-25,Potato,Ludhiana,300.0
2026-02-26,Potato,Ludhiana,300.0
2026-02-27,Potato,Ludhiana,300.0
2026-02-28,Potato,Ludhiana,300.0
2026-03-02,Potato,Ludhiana,300.0
2026-03-03,Potato,Ludhiana,300.0
2026-03-04,Potato,Ludhiana,300.0
2026-03-05,Potato,Ludhiana,300.0
2026-03-06,Potato,Ludhiana,300.0
2026-03-07,Potato,Ludhiana,300.0
2026-03-09,Potato,Ludhiana,300.0
2026-03-10,Potato,Ludhiana,300.0
2026-03-11,Potato,Ludhiana,300.0
2026-03-12,Potato,Ludhiana,300.0
2026-03-13,Potato,Ludhiana,300.0
2026-03-14,Potato,Ludhiana,300.0
2026-03-16,Potato,Ludhiana,300.0
2026-03-17,Potato,Ludhiana,300.0
2026-03-18,Potato,Ludhiana,270.0
2026-03-19,Potato,Ludhiana,270.0
2026-03-20,Potato,Ludhiana,270.0
2026-03-21,Potato,Ludhiana,270.0
2026-03-23,Potato,Ludhiana,250.0
2026-03-24,Potato,Ludhiana,250.0
2026-03-25,Potato,Ludhiana,200.0
2026-03-26,Potato,Ludhiana,200.0
2026-03-27,Potato,Ludhiana,200.0
2026-03-30,Potato,Ludhiana,200.0
2026-03-31,Potato,Ludhiana,200.0
2026-04-01,Potato,Ludhiana,200.0
2026-04-02,Potato,Ludhiana,200.0
2026-04-03,Potato,Ludhiana,200.0
2026-04-04,Potato,Ludhiana,200.0
2026-04-06,Potato,Ludhiana,200.0
2026-04-07,Potato,Ludhiana,200.0
2026-04-08,Potato,Ludhiana,200.0
2026-04-09,Potato,Ludhiana,200.0
2026-04-10,Potato,Ludhiana,200.0
2026-04-11,Potato,Ludhiana,200.0
2026-04-13,Potato,Ludhiana,200.0
2026-04-14,Potato,Ludhiana,200.0
2026-04-15,Potato,Ludhiana,200.0
2026-04-16,Potato,Ludhiana,200.0
2026-04-17,Potato,Ludhiana,250.0
2026-04-18,Potato,Ludhiana,230.0
2026-04-20,Potato,Ludhiana,230.0
2026-04-21,Potato,Ludhiana,300.0
2026-04-22,Potato,Ludhiana,300.0
2026-04-23,Potato,Ludhiana,300.0
2026-04-24,Potato,Ludhiana,300.0
2026-04-25,Potato,Ludhiana,300.0
2026-04-27,Potato,Ludhiana,300.0
2026-04-28,Potato,Ludhiana,300.0
2026-04-29,Potato,Ludhiana,300.0
2026-04-30,Potato,Ludhiana,300.0
2026-05-01,Potato,Ludhiana,300.0
2026-05-02,Potato,Ludhiana,300.0
2026-05-04,Potato,Ludhiana,300.0
2026-05-05,Potato,Ludhiana,260.0
2026-05-06,Potato,Ludhiana,260.0
2026-05-07,Potato,Ludhiana,300.0
2026-05-08,Potato,Ludhiana,300.0
2026-05-09,Potato,Ludhiana,300.0
2026-05-11,Potato,Ludhiana,300.0
2026-05-12,Potato,Ludhiana,300.0
2026-05-13,Potato,Ludhiana,300.0
2026-05-14,Potato,Ludhiana,300.0
2026-05-16,Potato,Ludhiana,300.0
2026-05-18,Potato,Ludhiana,270.0
2026-05-19,Potato,Ludhiana,270.0
2026-05-20,Potato,Ludhiana,270.0
2026-05-21,Potato,Ludhiana,250.0
2026-05-22,Potato,Ludhiana,250.0
2026-05-23,Potato,Ludhiana,250.0
2026-05-25,Potato,Ludhiana,250.0
2026-05-26,Potato,Ludhiana,300.0
2026-05-27,Potato,Ludhiana,300.0
2026-05-28,Potato,Ludhiana,300.0
2026-05-29,Potato,Ludhiana,300.0
2026-05-30,Potato,Ludhiana,300.0
2026-06-01,Potato,Ludhiana,400.0
2026-06-02,Potato,Ludhiana,350.0
2026-06-03,Potato,Ludhiana,350.0
2026-06-04,Potato,Ludhiana,400.0
2026-06-05,Potato,Ludhiana,400.0
2026-06-06,Potato,Ludhiana,400.0
2026-06-08,Potato,Ludhiana,370.0
2026-06-09,Potato,Ludhiana,400.0
2026-06-10,Potato,Ludhiana,400.0
2026-06-11,Potato,Ludhiana,400.0
2026-06-12,Potato,Ludhiana,400.0
2026-06-13,Potato,Ludhiana,400.0
2026-06-15,Potato,Ludhiana,400.0
2026-06-16,Potato,Ludhiana,400.0
2026-06-17,Potato,Ludhiana,400.0
2026-06-18,Potato,Ludhiana,400.0
2026-06-19,Potato,Ludhiana,400.0
2026-06-20,Potato,Ludhiana,400.0
2026-06-22,Potato,Ludhiana,400.0
2026-06-23,Potato,Ludhiana,400.0
2026-06-24,Potato,Ludhiana,350.0
2026-06-25,Potato,Ludhiana,360.0
2026-06-26,Potato,Ludhiana,360.0
2026-06-27,Potato,Ludhiana,360.0
2026-06-29,Potato,Ludhiana,360.0
2026-06-30,Potato,Ludhiana,370.0
2026-07-01,Potato,Ludhiana,370.0
2026-07-02,Potato,Ludhiana,370.0
2026-07-03,Potato,Ludhiana,370.0
2026-07-04,Potato,Ludhiana,400.0
2026-07-06,Potato,Ludhiana,400.0
2026-07-07,Potato,Ludhiana,400.0
2026-07-08,Potato,Ludhiana,400.0
2026-07-09,Potato,Ludhiana,400.0
2026-07-10,Potato,Ludhiana,400.0
2026-07-11,Potato,Ludhiana,400.0
2026-07-13,Potato,Ludhiana,400.0
2026-07-14,Potato,Ludhiana,400.0
2026-07-15,Potato,Ludhiana,400.0
2026-07-16,Potato,Ludhiana,400.0
2026-07-17,Potato,Ludhiana,400.0
2026-07-18,Potato,Ludhiana,400.0
2026-07-20,Potato,Ludhiana,400.0
2026-07-21,Potato,Ludhiana,400.0
2026-07-22,Potato,Ludhiana,400.0
2026-07-23,Potato,Ludhiana,400.0
2026-07-24,Potato,Ludhiana,400.0
2026-07-25,Potato,Ludhiana,400.0
2026-07-27,Potato,Ludhiana,400.0
2026-07-28,Potato,Ludhiana,400.0
2026-07-29,Potato,Ludhiana,400.0
2026-07-30,Potato,Ludhiana,400.0
2026-07-31,Potato,Ludhiana,400.0
2026-08-01,Potato,Ludhiana,400.0
2026-08-03,Potato,Ludhiana,400.0
2026-08-04,Potato,Ludhiana,400.0
2026-08-05,Potato,Ludhiana,400.0
2026-08-06,Potato,Ludhiana,400.0
2026-08-07,Potato,Ludhiana,400.0
2026-08-08,Potato,Ludhiana,400.0
2026-08-10,Potato,Ludhiana,400.0
2026-08-11,Potato,Ludhiana,400.0
2026-08-12,Potato,Ludhiana,400.0
2026-08-13,Potato,Ludhiana,400.0
2026-08-14,Potato,Ludhiana,400.0
2026-08-15,Potato,Ludhiana,400.0
2026-08-17,Potato,Ludhiana,400.0
2026-08-18,Potato,Ludhiana,350.0
2026-08-19,Potato,Ludhiana,300.0
2026-08-20,Potato,Ludhiana,300.0
2026-08-21,Potato,Ludhiana,300.0
2026-08-22,Potato,Ludhiana,300.0
2026-08-24,Potato,Ludhiana,300.0
2026-08-25,Potato,Ludhiana,300.0
2026-08-26,Potato,Ludhiana,300.0
2026-08-28,Potato,Ludhiana,300.0
2026-08-29,Potato,Ludhiana,300.0
2023-06-06,Potato,Machhiwara,1000.0
2023-06-07,Potato,Machhiwara,1000.0
2023-06-08,Potato,Machhiwara,1000.0
2023-06-09,Potato,Machhiwara,1000.0
2023-06-10,Potato,Machhiwara,1000.0
2023-06-12,Potato,Machhiwara,1000.0
2023-06-13,Potato,Machhiwara,1100.0
2023-06-14,Potato,Machhiwara,1100.0
2023-06-15,Potato,Machhiwara,1100.0
2023-06-16,Potato,Machhiwara,1100.0
2023-06-17,Potato,Machhiwara,1100.0
2023-06-19,Potato,Machhiwara,1000.0
2023-06-20,Potato,Machhiwara,1000.0
2023-06-21,Potato,Machhiwara,1100.0
2023-06-22,Potato,Machhiwara,1000.0
2023-06-23,Potato,Machhiwara,1000.0
2023-06-24,Potato,Machhiwara,1100.0
2023-06-26,Potato,Machhiwara,1100.0
2023-06-27,Potato,Machhiwara,1100.0
2023-06-28,Potato,Machhiwara,1000.0
2023-06-29,Potato,Machhiwara,1100.0
2023-06-30,Potato,Machhiwara,1100.0
2023-07-01,Potato,Machhiwara,1100.0
2023-07-03,Potato,Machhiwara,1100.0
2023-07-04,Potato,Machhiwara,1000.0
2023-07-07,Potato,Machhiwara,1200.0
2023-07-08,Potato,Machhiwara,1200.0
2023-07-10,Potato,Machhiwara,1200.0
2023-07-11,Potato,Machhiwara,1200.0
2023-07-12,Potato,Machhiwara,1200.0
2023-07-13,Potato,Machhiwara,1200.0
2023-07-14,Potato,Machhiwara,1200.0
2023-07-17,Potato,Machhiwara,1200.0
2023-07-18,Potato,Machhiwara,1200.0
2023-07-19,Potato,Machhiwara,1200.0
2023-07-20,Potato,Machhiwara,1200.0
2023-07-21,Potato,Machhiwara,1200.0
2023-07-22,Potato,Machhiwara,1200.0
2023-07-24,Potato,Machhiwara,1200.0
2023-07-25,Potato,Machhiwara,1200.0
2023-07-26,Potato,Machhiwara,1200.0
2023-07-27,Potato,Machhiwara,1200.0
2023-07-28,Potato,Machhiwara,1200.0
2023-07-29,Potato,Machhiwara,1200.0
2023-07-31,Potato,Machhiwara,1200.0
2023-08-01,Potato,Machhiwara,1200.0
2023-08-02,Potato,Machhiwara,1200.0
2023-08-03,Potato,Machhiwara,1200.0
2023-08-04,Potato,Machhiwara,1200.0
2023-08-05,Potato,Machhiwara,1200.0
2023-08-07,Potato,Machhiwara,1200.0
2023-08-08,Potato,Machhiwara,1200.0
2023-08-10,Potato,Machhiwara,1200.0
2023-08-11,Potato,Machhiwara,1200.0
2023-08-12,Potato,Machhiwara,1200.0
2023-08-14,Potato,Machhiwara,1200.0
2023-08-16,Potato,Machhiwara,1200.0
2023-08-17,Potato,Machhiwara,1200.0
2023-08-18,Potato,Machhiwara,1200.0
2023-08-19,Potato,Machhiwara,1400.0
2023-08-22,Potato,Machhiwara,1400.0
2023-08-23,Potato,Machhiwara,1200.0
2023-08-25,Potato,Machhiwara,1200.0
2023-08-28,Potato,Machhiwara,1200.0
2023-08-29,Potato,Machhiwara,1200.0
2023-08-30,Potato,Machhiwara,1200.0
2023-08-31,Potato,Machhiwara,1200.0
2023-09-01,Potato,Machhiwara,1400.0
2023-09-06,Potato,Machhiwara,1200.0
2023-09-08,Potato,Machhiwara,1200.0
2023-09-09,Potato,Machhiwara,1200.0
2023-09-19,Potato,Machhiwara,1200.0
2023-09-22,Potato,Machhiwara,1200.0
2023-09-29,Potato,Machhiwara,1200.0
2023-09-30,Potato,Machhiwara,1000.0
2023-10-06,Potato,Machhiwara,1200.0
2023-11-29,Potato,Machhiwara,1000.0
2023-12-13,Potato,Machhiwara,600.0
2023-12-20,Potato,Machhiwara,600.0
2023-12-21,Potato,Machhiwara,600.0
2023-12-22,Potato,Machhiwara,700.0
2023-12-26,Potato,Machhiwara,600.0
2023-12-27,Potato,Machhiwara,700.0
2023-12-28,Potato,Machhiwara,600.0
2023-12-29,Potato,Machhiwara,700.0
2023-12-30,Potato,Machhiwara,700.0
2024-01-01,Potato,Machhiwara,700.0
2024-01-05,Potato,Machhiwara,600.0
2024-01-08,Potato,Machhiwara,700.0
2024-01-10,Potato,Machhiwara,700.0
2024-01-11,Potato,Machhiwara,700.0
2024-01-19,Potato,Machhiwara,800.0
2024-01-23,Potato,Machhiwara,700.0
2024-01-24,Potato,Machhiwara,700.0
2024-01-29,Potato,Machhiwara,700.0
2024-03-27,Potato,Machhiwara,1200.0
2024-03-29,Potato,Machhiwara,1200.0
2024-05-01,Potato,Machhiwara,1800.0
2024-09-07,Potato,Machhiwara,1900.0
2024-09-09,Potato,Machhiwara,1900.0
2024-09-10,Potato,Machhiwara,1900.0
2024-09-11,Potato,Machhiwara,1600.0
2024-09-12,Potato,Machhiwara,1600.0
2024-09-13,Potato,Machhiwara,1900.0
2024-09-14,Potato,Machhiwara,1600.0
2024-09-16,Potato,Machhiwara,1800.0
2024-09-17,Potato,Machhiwara,1700.0
2024-09-18,Potato,Machhiwara,1700.0
2024-09-19,Potato,Machhiwara,1700.0
2024-09-20,Potato,Machhiwara,1700.0
2024-09-21,Potato,Machhiwara,1600.0
2024-09-25,Potato,Machhiwara,1700.0
2024-10-01,Potato,Machhiwara,1800.0
2024-11-01,Potato,Machhiwara,1800.0
2024-12-09,Potato,Machhiwara,1600.0
2025-03-19,Potato,Machhiwara,700.0
2025-03-20,Potato,Machhiwara,900.0
2025-03-21,Potato,Machhiwara,900.0
2025-03-25,Potato,Machhiwara,700.0
2025-04-03,Potato,Machhiwara,700.0
2025-04-04,Potato,Machhiwara,800.0
2025-05-14,Potato,Machhiwara,900.0
2025-05-15,Potato,Machhiwara,900.0
2026-05-18,Potato,Machhiwara,500.0
2026-05-19,Potato,Machhiwara,500.0
2026-05-20,Potato,Machhiwara,500.0
2026-05-21,Potato,Machhiwara,500.0
2026-05-25,Potato,Machhiwara,500.0
2026-05-26,Potato,Machhiwara,500.0
2026-05-27,Potato,Machhiwara,500.0
2026-05-28,Potato,Machhiwara,500.0
2026-06-01,Potato,Machhiwara,700.0
2026-06-02,Potato,Machhiwara,600.0
2026-06-03,Potato,Machhiwara,700.0
2026-06-08,Potato,Machhiwara,600.0
2026-06-10,Potato,Machhiwara,600.0
2026-06-11,Potato,Machhiwara,700.0
2026-06-12,Potato,Machhiwara,700.0
2026-06-15,Potato,Machhiwara,700.0
2026-06-16,Potato,Machhiwara,700.0
2026-06-22,Potato,Machhiwara,700.0
2026-06-24,Potato,Machhiwara,700.0
2026-06-25,Potato,Machhiwara,700.0
2026-06-26,Potato,Machhiwara,700.0
2026-07-01,Potato,Machhiwara,700.0
2026-07-02,Potato,Machhiwara,700.0
2026-07-14,Potato,Machhiwara,700.0
2026-07-20,Potato,Machhiwara,700.0
2026-07-21,Potato,Machhiwara,700.0
2026-07-23,Potato,Machhiwara,700.0
2026-07-27,Potato,Machhiwara,700.0
2026-07-29,Potato,Machhiwara,700.0
2026-07-30,Potato,Machhiwara,700.0
2026-07-31,Potato,Machhiwara,700.0
2026-08-03,Potato,Machhiwara,700.0
2026-08-04,Potato,Machhiwara,700.0
2026-08-05,Potato,Machhiwara,700.0
2026-08-06,Potato,Machhiwara,700.0
2026-08-07,Potato,Machhiwara,700.0
2026-08-10,Potato,Machhiwara,700.0
2026-08-11,Potato,Machhiwara,800.0
2026-08-12,Potato,Machhiwara,700.0
2026-08-13,Potato,Machhiwara,600.0
2026-08-17,Potato,Machhiwara,700.0
2026-08-18,Potato,Machhiwara,700.0
2026-08-19,Potato,Machhiwara,700.0
2026-08-20,Potato,Machhiwara,700.0
2026-08-22,Potato,Machhiwara,700.0
2026-08-24,Potato,Machhiwara,700.0
2026-08-25,Potato,Machhiwara,700.0
2026-08-26,Potato,Machhiwara,700.0
2026-08-28,Potato,Machhiwara,700.0
2026-08-29,Potato,Machhiwara,700.0
2023-06-06,Potato,Nabha,900.0
2023-06-07,Potato,Nabha,850.0
2023-06-08,Potato,Nabha,900.0
2023-06-09,Potato,Nabha,760.0
2023-06-10,Potato,Nabha,840.0
2023-06-12,Potato,Nabha,760.0
2023-06-13,Potato,Nabha,800.0
2023-06-14,Potato,Nabha,850.0
2023-06-15,Potato,Nabha,800.0
2023-06-16,Potato,Nabha,800.0
2023-06-17,Potato,Nabha,800.0
2023-06-19,Potato,Nabha,830.0
2023-06-20,Potato,Nabha,840.0
2023-06-21,Potato,Nabha,900.0
2023-06-22,Potato,Nabha,900.0
2023-06-23,Potato,Nabha,900.0
2023-06-24,Potato,Nabha,830.0
2023-06-26,Potato,Nabha,900.0
2023-06-27,Potato,Nabha,880.0
2023-06-28,Potato,Nabha,900.0
2023-06-30,Potato,Nabha,900.0
2023-07-01,Potato,Nabha,900.0
2023-07-03,Potato,Nabha,850.0
2023-07-08,Potato,Nabha,890.0
2023-07-10,Potato,Nabha,800.0
2023-07-11,Potato,Nabha,800.0
2023-07-12,Potato,Nabha,800.0
2023-07-13,Potato,Nabha,900.0
2023-07-14,Potato,Nabha,900.0
2023-07-15,Potato,Nabha,1060.0
2023-07-17,Potato,Nabha,900.0
2023-07-18,Potato,Nabha,900.0
2023-07-21,Potato,Nabha,1000.0
2023-07-22,Potato,Nabha,940.0
2023-07-24,Potato,Nabha,940.0
2023-07-25,Potato,Nabha,850.0
2023-07-26,Potato,Nabha,700.0
2023-07-27,Potato,Nabha,900.0
2023-07-28,Potato,Nabha,1000.0
2023-07-29,Potato,Nabha,870.0
2023-07-31,Potato,Nabha,900.0
2023-08-01,Potato,Nabha,900.0
2023-08-02,Potato,Nabha,1000.0
2023-08-03,Potato,Nabha,870.0
2023-08-05,Potato,Nabha,980.0
2023-08-07,Potato,Nabha,800.0
2023-08-08,Potato,Nabha,880.0
2023-08-09,Potato,Nabha,860.0
2023-08-10,Potato,Nabha,890.0
2023-08-11,Potato,Nabha,870.0
2023-08-12,Potato,Nabha,800.0
2023-08-14,Potato,Nabha,880.0
2023-08-15,Potato,Nabha,900.0
2023-08-16,Potato,Nabha,900.0
2023-08-17,Potato,Nabha,760.0
2023-08-18,Potato,Nabha,800.0
2023-08-19,Potato,Nabha,700.0
2023-08-21,Potato,Nabha,770.0
2023-08-23,Potato,Nabha,860.0
2023-08-24,Potato,Nabha,800.0
2023-08-25,Potato,Nabha,880.0
2023-08-26,Potato,Nabha,880.0
2023-08-28,Potato,Nabha,800.0
2023-08-29,Potato,Nabha,800.0
2023-08-30,Potato,Nabha,900.0
2023-08-31,Potato,Nabha,800.0
2023-09-01,Potato,Nabha,750.0
2023-09-02,Potato,Nabha,700.0
2023-09-04,Potato,Nabha,800.0
2023-09-05,Potato,Nabha,900.0
2023-09-06,Potato,Nabha,750.0
2023-09-07,Potato,Nabha,750.0
2023-09-08,Potato,Nabha,850.0
2023-09-09,Potato,Nabha,820.0
2023-09-11,Potato,Nabha,760.0
2023-09-12,Potato,Nabha,700.0
2023-09-14,Potato,Nabha,760.0
2023-09-15,Potato,Nabha,730.0
2023-09-16,Potato,Nabha,740.0
2023-09-18,Potato,Nabha,700.0
2023-09-19,Potato,Nabha,780.0
2023-09-20,Potato,Nabha,730.0
2023-09-21,Potato,Nabha,800.0
2023-09-22,Potato,Nabha,780.0
2023-09-23,Potato,Nabha,760.0
2023-09-25,Potato,Nabha,750.0
2023-09-26,Potato,Nabha,980.0
2023-09-27,Potato,Nabha,750.0
2023-09-28,Potato,Nabha,770.0
2023-09-29,Potato,Nabha,800.0
2023-09-30,Potato,Nabha,790.0
2023-10-02,Potato,Nabha,830.0
2023-10-03,Potato,Nabha,800.0
2023-10-04,Potato,Nabha,900.0
2023-10-06,Potato,Nabha,840.0
2023-10-10,Potato,Nabha,830.0
2023-10-17,Potato,Nabha,900.0
2023-10-18,Potato,Nabha,790.0
2023-10-19,Potato,Nabha,770.0
2023-10-20,Potato,Nabha,800.0
2023-10-23,Potato,Nabha,800.0
2023-10-26,Potato,Nabha,700.0
2023-10-27,Potato,Nabha,800.0
2023-11-07,Potato,Nabha,700.0
2023-11-08,Potato,Nabha,800.0
2023-11-09,Potato,Nabha,500.0
2023-11-10,Potato,Nabha,650.0
2023-11-14,Potato,Nabha,900.0
2023-11-15,Potato,Nabha,700.0
2023-11-20,Potato,Nabha,800.0
2023-11-21,Potato,Nabha,900.0
2023-11-22,Potato,Nabha,1000.0
2023-11-23,Potato,Nabha,1000.0
2023-11-27,Potato,Nabha,980.0
2023-11-28,Potato,Nabha,1000.0
2023-11-30,Potato,Nabha,800.0
2023-12-01,Potato,Nabha,800.0
2023-12-06,Potato,Nabha,850.0
2023-12-07,Potato,Nabha,600.0
2023-12-08,Potato,Nabha,600.0
2023-12-09,Potato,Nabha,900.0
2023-12-11,Potato,Nabha,600.0
2023-12-12,Potato,Nabha,560.0
2023-12-13,Potato,Nabha,530.0
2023-12-14,Potato,Nabha,470.0
2023-12-15,Potato,Nabha,440.0
2023-12-16,Potato,Nabha,450.0
2023-12-18,Potato,Nabha,470.0
2023-12-19,Potato,Nabha,500.0
2023-12-20,Potato,Nabha,500.0
2023-12-21,Potato,Nabha,530.0
2023-12-22,Potato,Nabha,480.0
2023-12-26,Potato,Nabha,500.0
2023-12-27,Potato,Nabha,440.0
2023-12-28,Potato,Nabha,500.0
2023-12-29,Potato,Nabha,500.0
2023-12-30,Potato,Nabha,500.0
2024-01-01,Potato,Nabha,460.0
2024-01-02,Potato,Nabha,500.0
2024-01-03,Potato,Nabha,500.0
2024-01-04,Potato,Nabha,580.0
2024-01-05,Potato,Nabha,570.0
2024-01-12,Potato,Nabha,480.0
2024-01-18,Potato,Nabha,500.0
2024-01-23,Potato,Nabha,460.0
2024-01-24,Potato,Nabha,480.0
2024-01-25,Potato,Nabha,450.0
2024-01-26,Potato,Nabha,440.0
2024-01-27,Potato,Nabha,400.0
2024-01-29,Potato,Nabha,500.0
2024-01-30,Potato,Nabha,400.0
2024-01-31,Potato,Nabha,500.0
2024-02-01,Potato,Nabha,400.0
2024-02-02,Potato,Nabha,440.0
2024-02-03,Potato,Nabha,430.0
2024-02-05,Potato,Nabha,470.0
2024-02-06,Potato,Nabha,640.0
2024-02-07,Potato,Nabha,580.0
2024-02-08,Potato,Nabha,580.0
2024-02-09,Potato,Nabha,700.0
2024-02-10,Potato,Nabha,500.0
2024-02-12,Potato,Nabha,530.0
2024-02-13,Potato,Nabha,500.0
2024-02-14,Potato,Nabha,570.0
2024-02-15,Potato,Nabha,450.0
2024-02-17,Potato,Nabha,540.0
2024-02-19,Potato,Nabha,500.0
2024-02-23,Potato,Nabha,440.0
2024-02-26,Potato,Nabha,600.0
2024-02-27,Potato,Nabha,600.0
2024-02-28,Potato,Nabha,600.0
2024-02-29,Potato,Nabha,660.0
2024-03-01,Potato,Nabha,640.0
2024-03-04,Potato,Nabha,660.0
2024-03-05,Potato,Nabha,770.0
2024-03-08,Potato,Nabha,800.0
2024-03-09,Potato,Nabha,1000.0
2024-03-11,Potato,Nabha,880.0
2024-03-12,Potato,Nabha,1000.0
2024-03-14,Potato,Nabha,1000.0
2024-03-18,Potato,Nabha,800.0
2024-03-19,Potato,Nabha,700.0
2024-03-20,Potato,Nabha,900.0
2024-03-25,Potato,Nabha,900.0
2024-03-26,Potato,Nabha,900.0
2024-03-27,Potato,Nabha,1000.0
2024-03-28,Potato,Nabha,950.0
2024-04-02,Potato,Nabha,800.0
2024-04-04,Potato,Nabha,1050.0
2024-04-05,Potato,Nabha,1130.0
2024-04-09,Potato,Nabha,1000.0
2024-04-10,Potato,Nabha,1150.0
2024-04-16,Potato,Nabha,1030.0
2024-04-17,Potato,Nabha,900.0
2024-04-18,Potato,Nabha,1140.0
2024-04-22,Potato,Nabha,1300.0
2024-04-23,Potato,Nabha,1300.0
2024-04-24,Potato,Nabha,1300.0
2024-04-25,Potato,Nabha,1300.0
2024-04-26,Potato,Nabha,1350.0
2024-04-27,Potato,Nabha,1500.0
2024-04-29,Potato,Nabha,1300.0
2024-04-30,Potato,Nabha,1500.0
2024-05-01,Potato,Nabha,1480.0
2024-05-02,Potato,Nabha,1530.0
2024-05-15,Potato,Nabha,1480.0
2024-05-16,Potato,Nabha,1480.0
2024-05-17,Potato,Nabha,1300.0
2024-05-18,Potato,Nabha,1160.0
2024-05-20,Potato,Nabha,1400.0
2024-05-22,Potato,Nabha,1440.0
2024-05-24,Potato,Nabha,1580.0
2024-05-28,Potato,Nabha,1500.0
2024-05-29,Potato,Nabha,1400.0
2024-05-30,Potato,Nabha,1600.0
2024-05-31,Potato,Nabha,1400.0
2024-06-01,Potato,Nabha,1500.0
2024-06-03,Potato,Nabha,1600.0
2024-06-07,Potato,Nabha,1400.0
2024-06-10,Potato,Nabha,1480.0
2024-06-11,Potato,Nabha,1470.0
2024-06-12,Potato,Nabha,1500.0
2024-06-13,Potato,Nabha,1500.0
2024-06-20,Potato,Nabha,1550.0
2024-06-21,Potato,Nabha,1460.0
2024-06-22,Potato,Nabha,1500.0
2024-06-24,Potato,Nabha,1600.0
2024-06-25,Potato,Nabha,1700.0
2024-06-26,Potato,Nabha,1300.0
2024-06-28,Potato,Nabha,1500.0
2024-06-29,Potato,Nabha,1660.0
2024-07-01,Potato,Nabha,1500.0
2024-07-02,Potato,Nabha,1500.0
2024-07-06,Potato,Nabha,1500.0
2024-07-08,Potato,Nabha,1570.0
2024-07-09,Potato,Nabha,1380.0
2024-07-10,Potato,Nabha,1590.0
2024-07-11,Potato,Nabha,1970.0
2024-07-16,Potato,Nabha,1600.0
2024-07-17,Potato,Nabha,1450.0
2024-07-18,Potato,Nabha,1760.0
2024-07-19,Potato,Nabha,1700.0
2024-07-20,Potato,Nabha,1700.0
2024-07-25,Potato,Nabha,1560.0
2024-07-26,Potato,Nabha,1530.0
2024-07-27,Potato,Nabha,1600.0
2024-07-29,Potato,Nabha,1500.0
2024-07-30,Potato,Nabha,1470.0
2024-07-31,Potato,Nabha,1520.0
2024-08-01,Potato,Nabha,1600.0
2024-08-03,Potato,Nabha,1500.0
2024-08-05,Potato,Nabha,1250.0
2024-08-06,Potato,Nabha,1680.0
2024-08-07,Potato,Nabha,1540.0
2024-08-08,Potato,Nabha,1600.0
2024-08-09,Potato,Nabha,1500.0
2024-08-12,Potato,Nabha,1530.0
2024-08-14,Potato,Nabha,1700.0
2024-08-15,Potato,Nabha,1350.0
2024-08-16,Potato,Nabha,1100.0
2024-08-20,Potato,Nabha,1440.0
2024-08-21,Potato,Nabha,1700.0
2024-08-22,Potato,Nabha,1550.0
2024-08-23,Potato,Nabha,1500.0
2024-08-26,Potato,Nabha,1500.0
2024-08-27,Potato,Nabha,1600.0
2024-08-28,Potato,Nabha,1500.0
2024-08-29,Potato,Nabha,1540.0
2024-08-30,Potato,Nabha,1400.0
2024-08-31,Potato,Nabha,1300.0
2024-09-02,Potato,Nabha,1550.0
2024-09-03,Potato,Nabha,1570.0
2024-09-04,Potato,Nabha,1500.0
2024-09-05,Potato,Nabha,1360.0
2024-09-06,Potato,Nabha,1500.0
2024-09-11,Potato,Nabha,1570.0
2024-09-12,Potato,Nabha,1400.0
2024-09-13,Potato,Nabha,1440.0
2024-09-14,Potato,Nabha,1480.0
2024-09-16,Potato,Nabha,1500.0
2024-09-17,Potato,Nabha,1500.0
2024-09-19,Potato,Nabha,1440.0
2024-09-20,Potato,Nabha,1500.0
2024-09-21,Potato,Nabha,1550.0
2024-09-23,Potato,Nabha,1400.0
2024-09-24,Potato,Nabha,1530.0
2024-09-25,Potato,Nabha,1560.0
2024-09-26,Potato,Nabha,1550.0
2024-09-27,Potato,Nabha,1600.0
2024-09-28,Potato,Nabha,1600.0
2024-09-30,Potato,Nabha,1600.0
2024-10-01,Potato,Nabha,1600.0
2024-10-02,Potato,Nabha,1650.0
2024-10-03,Potato,Nabha,1580.0
2024-10-04,Potato,Nabha,1700.0
2024-10-05,Potato,Nabha,1700.0
2024-10-07,Potato,Nabha,1600.0
2024-10-08,Potato,Nabha,1700.0
2024-10-09,Potato,Nabha,1970.0
2024-10-10,Potato,Nabha,1970.0
2024-10-11,Potato,Nabha,1700.0
2024-10-12,Potato,Nabha,1900.0
2024-10-14,Potato,Nabha,1880.0
2024-10-15,Potato,Nabha,2100.0
2024-10-16,Potato,Nabha,1800.0
2024-10-17,Potato,Nabha,1800.0
2024-10-18,Potato,Nabha,1780.0
2024-10-19,Potato,Nabha,1850.0
2024-10-21,Potato,Nabha,2000.0
2024-10-22,Potato,Nabha,1700.0
2024-10-23,Potato,Nabha,1750.0
2024-10-24,Potato,Nabha,1700.0
2024-10-25,Potato,Nabha,1680.0
2024-10-26,Potato,Nabha,1500.0
2024-10-28,Potato,Nabha,1800.0
2024-10-29,Potato,Nabha,1600.0
2024-10-30,Potato,Nabha,1500.0
2024-11-01,Potato,Nabha,1800.0
2024-11-02,Potato,Nabha,2000.0
2024-11-04,Potato,Nabha,1500.0
2024-11-05,Potato,Nabha,1500.0
2024-11-07,Potato,Nabha,1900.0
2024-11-08,Potato,Nabha,1800.0
2024-11-09,Potato,Nabha,1300.0
2024-11-11,Potato,Nabha,1700.0
2024-11-12,Potato,Nabha,1700.0
2024-11-14,Potato,Nabha,1800.0
2024-11-15,Potato,Nabha,2030.0
2024-11-18,Potato,Nabha,1770.0
2024-11-19,Potato,Nabha,1800.0
2024-11-20,Potato,Nabha,1980.0
2024-11-21,Potato,Nabha,2100.0
2024-11-22,Potato,Nabha,1980.0
2024-11-23,Potato,Nabha,1750.0
2024-11-25,Potato,Nabha,2000.0
2024-11-26,Potato,Nabha,2170.0
2024-11-27,Potato,Nabha,2250.0
2024-11-28,Potato,Nabha,2180.0
2024-11-29,Potato,Nabha,2200.0
2024-11-30,Potato,Nabha,2300.0
2024-12-02,Potato,Nabha,3000.0
2024-12-03,Potato,Nabha,2000.0
2024-12-06,Potato,Nabha,2300.0
2024-12-07,Potato,Nabha,1400.0
2024-12-09,Potato,Nabha,1450.0
2024-12-10,Potato,Nabha,1500.0
2024-12-11,Potato,Nabha,1400.0
2024-12-12,Potato,Nabha,1270.0
2024-12-13,Potato,Nabha,1300.0
2024-12-14,Potato,Nabha,1300.0
2024-12-16,Potato,Nabha,1300.0
2024-12-17,Potato,Nabha,1300.0
2024-12-18,Potato,Nabha,1200.0
2024-12-19,Potato,Nabha,1650.0
2024-12-20,Potato,Nabha,1400.0
2024-12-21,Potato,Nabha,1100.0
2024-12-24,Potato,Nabha,1150.0
2024-12-25,Potato,Nabha,1300.0
2024-12-26,Potato,Nabha,1100.0
2024-12-27,Potato,Nabha,1100.0
2024-12-30,Potato,Nabha,1180.0
2024-12-31,Potato,Nabha,1100.0
2025-01-01,Potato,Nabha,1270.0
2025-01-02,Potato,Nabha,1170.0
2025-01-03,Potato,Nabha,1180.0
2025-01-04,Potato,Nabha,800.0
2025-01-06,Potato,Nabha,1070.0
2025-01-07,Potato,Nabha,950.0
2025-01-08,Potato,Nabha,1150.0
2025-01-09,Potato,Nabha,1000.0
2025-01-10,Potato,Nabha,700.0
2025-01-14,Potato,Nabha,1000.0
2025-01-15,Potato,Nabha,900.0
2025-01-18,Potato,Nabha,1150.0
2025-01-20,Potato,Nabha,850.0
2025-01-21,Potato,Nabha,890.0
2025-01-22,Potato,Nabha,800.0
2025-01-23,Potato,Nabha,800.0
2025-01-25,Potato,Nabha,570.0
2025-01-27,Potato,Nabha,580.0
2025-01-28,Potato,Nabha,630.0
2025-01-29,Potato,Nabha,700.0
2025-01-30,Potato,Nabha,600.0
2025-02-01,Potato,Nabha,600.0
2025-02-03,Potato,Nabha,570.0
2025-02-04,Potato,Nabha,620.0
2025-02-05,Potato,Nabha,600.0
2025-02-06,Potato,Nabha,620.0
2025-02-07,Potato,Nabha,720.0
2025-02-08,Potato,Nabha,700.0
2025-02-10,Potato,Nabha,600.0
2025-02-11,Potato,Nabha,740.0
2025-02-13,Potato,Nabha,700.0
2025-02-14,Potato,Nabha,700.0
2025-02-15,Potato,Nabha,600.0
2025-02-17,Potato,Nabha,700.0
2025-02-18,Potato,Nabha,600.0
2025-02-19,Potato,Nabha,600.0
2025-02-20,Potato,Nabha,600.0
2025-02-21,Potato,Nabha,600.0
2025-02-24,Potato,Nabha,650.0
2025-02-25,Potato,Nabha,580.0
2025-02-26,Potato,Nabha,600.0
2025-02-27,Potato,Nabha,650.0
2025-02-28,Potato,Nabha,750.0
2025-03-01,Potato,Nabha,600.0
2025-03-03,Potato,Nabha,670.0
2025-03-04,Potato,Nabha,700.0
2025-03-06,Potato,Nabha,660.0
2025-03-07,Potato,Nabha,650.0
2025-03-10,Potato,Nabha,800.0
2025-03-11,Potato,Nabha,600.0
2025-03-12,Potato,Nabha,700.0
2025-03-13,Potato,Nabha,800.0
2025-03-14,Potato,Nabha,750.0
2025-03-15,Potato,Nabha,700.0
2025-03-17,Potato,Nabha,670.0
2025-03-18,Potato,Nabha,700.0
2025-03-19,Potato,Nabha,660.0
2025-03-20,Potato,Nabha,630.0
2025-03-21,Potato,Nabha,600.0
2025-03-22,Potato,Nabha,530.0
2025-03-24,Potato,Nabha,600.0
2025-03-25,Potato,Nabha,570.0
2025-03-26,Potato,Nabha,600.0
2025-03-27,Potato,Nabha,500.0
2025-03-28,Potato,Nabha,550.0
2025-04-03,Potato,Nabha,580.0
2025-04-04,Potato,Nabha,600.0
2025-04-05,Potato,Nabha,600.0
2025-04-07,Potato,Nabha,600.0
2025-04-08,Potato,Nabha,600.0
2025-04-10,Potato,Nabha,600.0
2025-04-11,Potato,Nabha,600.0
2025-04-12,Potato,Nabha,670.0
2025-04-14,Potato,Nabha,700.0
2025-04-15,Potato,Nabha,700.0
2025-04-16,Potato,Nabha,780.0
2025-04-17,Potato,Nabha,600.0
2025-04-18,Potato,Nabha,600.0
2025-04-19,Potato,Nabha,700.0
2025-04-21,Potato,Nabha,550.0
2025-04-22,Potato,Nabha,570.0
2025-04-23,Potato,Nabha,700.0
2025-04-24,Potato,Nabha,680.0
2025-04-25,Potato,Nabha,600.0
2025-04-26,Potato,Nabha,560.0
2025-04-28,Potato,Nabha,660.0
2025-04-29,Potato,Nabha,600.0
2025-04-30,Potato,Nabha,760.0
2025-05-01,Potato,Nabha,700.0
2025-05-02,Potato,Nabha,800.0
2025-05-05,Potato,Nabha,600.0
2025-05-06,Potato,Nabha,800.0
2025-05-09,Potato,Nabha,800.0
2025-05-10,Potato,Nabha,900.0
2025-05-12,Potato,Nabha,700.0
2025-05-13,Potato,Nabha,800.0
2025-05-15,Potato,Nabha,800.0
2025-05-16,Potato,Nabha,850.0
2025-05-20,Potato,Nabha,900.0
2025-05-21,Potato,Nabha,660.0
2025-05-22,Potato,Nabha,800.0
2025-05-26,Potato,Nabha,700.0
2025-06-02,Potato,Nabha,1100.0
2025-06-03,Potato,Nabha,1100.0
2025-06-04,Potato,Nabha,1000.0
2025-06-05,Potato,Nabha,1050.0
2025-06-06,Potato,Nabha,1000.0
2025-06-07,Potato,Nabha,1130.0
2025-06-09,Potato,Nabha,1000.0
2025-11-26,Potato,Nabha,900.0
2025-12-05,Potato,Nabha,700.0
2025-12-16,Potato,Nabha,570.0
2025-12-22,Potato,Nabha,600.0
2025-12-30,Potato,Nabha,480.0
2026-01-01,Potato,Nabha,430.0
2026-01-05,Potato,Nabha,570.0
2026-01-06,Potato,Nabha,500.0
2026-01-07,Potato,Nabha,500.0
2026-01-08,Potato,Nabha,460.0
2026-01-09,Potato,Nabha,400.0
2026-01-12,Potato,Nabha,430.0
2026-01-13,Potato,Nabha,440.0
2026-01-14,Potato,Nabha,400.0
2026-01-15,Potato,Nabha,430.0
2026-01-16,Potato,Nabha,400.0
2026-01-17,Potato,Nabha,430.0
2026-01-19,Potato,Nabha,370.0
2026-01-20,Potato,Nabha,400.0
2026-01-21,Potato,Nabha,400.0
2026-01-22,Potato,Nabha,370.0
2026-01-23,Potato,Nabha,400.0
2026-01-24,Potato,Nabha,400.0
2026-01-26,Potato,Nabha,400.0
2026-01-27,Potato,Nabha,400.0
2026-01-28,Potato,Nabha,460.0
2026-01-29,Potato,Nabha,560.0
2026-01-30,Potato,Nabha,500.0
2026-01-31,Potato,Nabha,500.0
2026-02-02,Potato,Nabha,530.0
2026-02-03,Potato,Nabha,440.0
2026-02-04,Potato,Nabha,500.0
2026-02-05,Potato,Nabha,500.0
2026-02-06,Potato,Nabha,700.0
2026-02-07,Potato,Nabha,450.0
2026-02-09,Potato,Nabha,400.0
2026-02-10,Potato,Nabha,440.0
2026-02-11,Potato,Nabha,400.0
2026-02-12,Potato,Nabha,400.0
2026-02-13,Potato,Nabha,350.0
2026-02-14,Potato,Nabha,400.0
2026-02-16,Potato,Nabha,300.0
2026-02-17,Potato,Nabha,400.0
2026-02-18,Potato,Nabha,350.0
2026-02-19,Potato,Nabha,340.0
2026-02-20,Potato,Nabha,400.0
2026-02-21,Potato,Nabha,400.0
2026-02-23,Potato,Nabha,400.0
2026-02-24,Potato,Nabha,400.0
2026-02-25,Potato,Nabha,300.0
2026-02-26,Potato,Nabha,330.0
2026-02-27,Potato,Nabha,340.0
2026-02-28,Potato,Nabha,400.0
2026-03-02,Potato,Nabha,360.0
2026-03-03,Potato,Nabha,400.0
2026-03-04,Potato,Nabha,400.0
2026-03-05,Potato,Nabha,330.0
2026-03-06,Potato,Nabha,400.0
2026-03-07,Potato,Nabha,300.0
2026-03-09,Potato,Nabha,370.0
2026-03-10,Potato,Nabha,330.0
2026-03-11,Potato,Nabha,450.0
2026-03-12,Potato,Nabha,350.0
2026-03-13,Potato,Nabha,380.0
2026-03-14,Potato,Nabha,370.0
2026-03-16,Potato,Nabha,340.0
2026-03-17,Potato,Nabha,300.0
2026-03-18,Potato,Nabha,380.0
2026-03-19,Potato,Nabha,390.0
2026-03-20,Potato,Nabha,400.0
2026-03-23,Potato,Nabha,450.0
2026-03-24,Potato,Nabha,330.0
2026-03-25,Potato,Nabha,400.0
2026-03-26,Potato,Nabha,400.0
2026-03-27,Potato,Nabha,300.0
2026-03-30,Potato,Nabha,400.0
2026-03-31,Potato,Nabha,360.0
2026-04-01,Potato,Nabha,300.0
2026-04-02,Potato,Nabha,370.0
2026-04-03,Potato,Nabha,250.0
2026-04-04,Potato,Nabha,400.0
2026-04-06,Potato,Nabha,400.0
2026-04-07,Potato,Nabha,340.0
2026-04-08,Potato,Nabha,300.0
2026-04-09,Potato,Nabha,370.0
2026-04-10,Potato,Nabha,300.0
2026-04-11,Potato,Nabha,300.0
2026-04-13,Potato,Nabha,340.0
2026-04-14,Potato,Nabha,370.0
2026-04-15,Potato,Nabha,300.0
2026-04-16,Potato,Nabha,350.0
2026-04-17,Potato,Nabha,300.0
2026-04-18,Potato,Nabha,350.0
2026-04-20,Potato,Nabha,390.0
2026-04-21,Potato,Nabha,450.0
2026-04-22,Potato,Nabha,400.0
2026-04-23,Potato,Nabha,300.0
2026-04-24,Potato,Nabha,300.0
2026-04-25,Potato,Nabha,330.0
2026-04-27,Potato,Nabha,500.0
2026-04-28,Potato,Nabha,500.0
2026-04-29,Potato,Nabha,400.0
2026-05-08,Potato,Nabha,300.0
2026-05-09,Potato,Nabha,380.0
2026-05-11,Potato,Nabha,500.0
2026-05-12,Potato,Nabha,400.0
2026-05-14,Potato,Nabha,460.0
2026-05-15,Potato,Nabha,500.0
2026-05-19,Potato,Nabha,400.0
2026-05-21,Potato,Nabha,400.0
2026-05-22,Potato,Nabha,500.0
2026-05-23,Potato,Nabha,450.0
2026-05-25,Potato,Nabha,400.0
2026-05-26,Potato,Nabha,450.0
2026-05-27,Potato,Nabha,500.0
2026-05-28,Potato,Nabha,560.0
2026-05-29,Potato,Nabha,600.0
2026-05-30,Potato,Nabha,600.0
2026-06-01,Potato,Nabha,600.0
2026-06-02,Potato,Nabha,500.0
2026-06-03,Potato,Nabha,600.0
2026-06-04,Potato,Nabha,550.0
2026-06-05,Potato,Nabha,600.0
2026-06-06,Potato,Nabha,440.0
2026-06-08,Potato,Nabha,600.0
2026-06-09,Potato,Nabha,680.0
2026-06-10,Potato,Nabha,650.0
2026-06-11,Potato,Nabha,560.0
2026-06-12,Potato,Nabha,440.0
2026-06-13,Potato,Nabha,700.0
2026-06-15,Potato,Nabha,700.0
2026-06-16,Potato,Nabha,700.0
2026-06-17,Potato,Nabha,670.0
2026-06-18,Potato,Nabha,500.0
2026-06-19,Potato,Nabha,700.0
2026-06-20,Potato,Nabha,700.0
2026-06-22,Potato,Nabha,700.0
2026-06-23,Potato,Nabha,770.0
2026-06-24,Potato,Nabha,700.0
2026-06-25,Potato,Nabha,750.0
2026-06-26,Potato,Nabha,600.0
2026-06-27,Potato,Nabha,1000.0
2026-06-29,Potato,Nabha,1000.0
2026-06-30,Potato,Nabha,500.0
2026-07-01,Potato,Nabha,700.0
2026-07-02,Potato,Nabha,700.0
2026-07-03,Potato,Nabha,700.0
2026-07-04,Potato,Nabha,700.0
2026-07-06,Potato,Nabha,700.0
2026-07-07,Potato,Nabha,700.0
2026-07-08,Potato,Nabha,850.0
2026-07-09,Potato,Nabha,500.0
2026-07-10,Potato,Nabha,700.0
2026-07-11,Potato,Nabha,600.0
2026-07-13,Potato,Nabha,650.0
2026-07-14,Potato,Nabha,700.0
2026-07-15,Potato,Nabha,650.0
2026-07-16,Potato,Nabha,400.0
2026-07-17,Potato,Nabha,600.0
2026-07-18,Potato,Nabha,600.0
2026-07-20,Potato,Nabha,640.0
2026-07-21,Potato,Nabha,600.0
2026-07-22,Potato,Nabha,650.0
2026-07-23,Potato,Nabha,500.0
2026-07-24,Potato,Nabha,600.0
2026-07-25,Potato,Nabha,600.0
2026-07-27,Potato,Nabha,600.0
2026-07-28,Potato,Nabha,500.0
2026-07-29,Potato,Nabha,600.0
2026-07-30,Potato,Nabha,550.0
2026-07-31,Potato,Nabha,550.0
2026-08-01,Potato,Nabha,630.0
2026-08-03,Potato,Nabha,600.0
2026-08-04,Potato,Nabha,570.0
2026-08-05,Potato,Nabha,600.0
2026-08-06,Potato,Nabha,600.0
2026-08-07,Potato,Nabha,560.0
2026-08-08,Potato,Nabha,570.0
2026-08-10,Potato,Nabha,500.0
2026-08-11,Potato,Nabha,570.0
2026-08-12,Potato,Nabha,550.0
2026-08-13,Potato,Nabha,500.0
2026-08-14,Potato,Nabha,480.0
2026-08-15,Potato,Nabha,500.0
2026-08-17,Potato,Nabha,530.0
2026-08-18,Potato,Nabha,570.0
2026-08-19,Potato,Nabha,400.0
2026-08-21,Potato,Nabha,500.0
2026-08-22,Potato,Nabha,600.0
2026-08-24,Potato,Nabha,500.0
2026-08-25,Potato,Nabha,500.0
2026-08-26,Potato,Nabha,500.0
2026-08-27,Potato,Nabha,500.0
2024-09-10,Potato,Patiala,1900.0
2024-09-11,Potato,Patiala,1900.0
2024-09-12,Potato,Patiala,1900.0
2024-09-13,Potato,Patiala,1900.0
2024-09-16,Potato,Patiala,1800.0
2024-09-17,Potato,Patiala,1800.0
2024-09-19,Potato,Patiala,1800.0
2024-09-20,Potato,Patiala,1800.0
2024-09-21,Potato,Patiala,1800.0
2024-09-23,Potato,Patiala,1800.0
2024-09-24,Potato,Patiala,1800.0
2024-09-25,Potato,Patiala,1800.0
2024-09-26,Potato,Patiala,1800.0
2024-09-28,Potato,Patiala,1800.0
2024-09-30,Potato,Patiala,1800.0
2024-10-01,Potato,Patiala,1800.0
2024-10-02,Potato,Patiala,1800.0
2024-10-03,Potato,Patiala,1800.0
2024-10-04,Potato,Patiala,1800.0
2024-10-07,Potato,Patiala,1800.0
2024-10-08,Potato,Patiala,1800.0
2024-10-09,Potato,Patiala,1800.0
2024-10-10,Potato,Patiala,1800.0
2024-10-14,Potato,Patiala,1800.0
2024-10-15,Potato,Patiala,1800.0
2024-10-16,Potato,Patiala,1800.0
2024-10-19,Potato,Patiala,1800.0
2024-10-29,Potato,Patiala,1800.0
2024-11-05,Potato,Patiala,2000.0
2024-11-06,Potato,Patiala,2000.0
2024-11-08,Potato,Patiala,2000.0
2024-11-12,Potato,Patiala,2000.0
2024-11-16,Potato,Patiala,2000.0
2024-11-19,Potato,Patiala,2000.0
2024-11-21,Potato,Patiala,2000.0
2024-11-22,Potato,Patiala,2000.0
2024-11-25,Potato,Patiala,4000.0
2024-11-27,Potato,Patiala,2600.0
2024-11-28,Potato,Patiala,2600.0
2024-11-29,Potato,Patiala,2600.0
2024-11-30,Potato,Patiala,2600.0
2024-12-02,Potato,Patiala,2600.0
2024-12-03,Potato,Patiala,2600.0
2024-12-04,Potato,Patiala,2600.0
2024-12-09,Potato,Patiala,1800.0
2024-12-10,Potato,Patiala,1800.0
2024-12-11,Potato,Patiala,1800.0
2024-12-13,Potato,Patiala,1800.0
2024-12-18,Potato,Patiala,1800.0
2025-01-02,Potato,Patiala,2200.0
2025-01-14,Potato,Patiala,800.0
2025-01-27,Potato,Patiala,700.0
2025-01-28,Potato,Patiala,700.0
2025-02-04,Potato,Patiala,700.0
2025-02-05,Potato,Patiala,700.0
2025-02-06,Potato,Patiala,700.0
2025-02-08,Potato,Patiala,700.0
2025-02-12,Potato,Patiala,600.0
2025-02-17,Potato,Patiala,600.0
2025-02-20,Potato,Patiala,600.0
2025-03-05,Potato,Patiala,700.0
2025-03-06,Potato,Patiala,700.0
2025-03-07,Potato,Patiala,700.0
2025-03-10,Potato,Patiala,800.0
2025-03-11,Potato,Patiala,800.0
2025-03-17,Potato,Patiala,800.0
2025-03-18,Potato,Patiala,800.0
2025-03-19,Potato,Patiala,800.0
2025-03-22,Potato,Patiala,700.0
2025-03-24,Potato,Patiala,800.0
2025-03-25,Potato,Patiala,800.0
2025-03-26,Potato,Patiala,800.0
2025-03-27,Potato,Patiala,800.0
2025-04-03,Potato,Patiala,700.0
2025-04-04,Potato,Patiala,700.0
2025-04-05,Potato,Patiala,700.0
2025-04-08,Potato,Patiala,700.0
2025-04-14,Potato,Patiala,800.0
2025-04-15,Potato,Patiala,800.0
2025-04-17,Potato,Patiala,800.0
2025-04-25,Potato,Patiala,800.0
2025-04-26,Potato,Patiala,800.0
2025-05-07,Potato,Patiala,800.0
2025-05-08,Potato,Patiala,800.0
2025-05-12,Potato,Patiala,800.0
2025-05-13,Potato,Patiala,800.0
2025-05-16,Potato,Patiala,800.0
2025-05-19,Potato,Patiala,800.0
2025-05-21,Potato,Patiala,1000.0
2025-05-22,Potato,Patiala,1000.0
2025-05-23,Potato,Patiala,1000.0
2025-05-26,Potato,Patiala,1000.0
2025-05-27,Potato,Patiala,1000.0
2025-05-28,Potato,Patiala,1000.0
2025-05-29,Potato,Patiala,1000.0
2025-06-04,Potato,Patiala,1000.0
2025-06-05,Potato,Patiala,1000.0
2025-06-06,Potato,Patiala,1000.0
2025-06-07,Potato,Patiala,1000.0
2025-11-19,Potato,Patiala,1500.0
2025-11-20,Potato,Patiala,1500.0
2025-11-21,Potato,Patiala,1500.0
2025-11-24,Potato,Patiala,1200.0
2025-11-25,Potato,Patiala,1000.0
2025-11-26,Potato,Patiala,1500.0
2025-11-27,Potato,Patiala,1000.0
2025-11-28,Potato,Patiala,1000.0
2025-11-29,Potato,Patiala,1000.0
2025-12-01,Potato,Patiala,800.0
2025-12-02,Potato,Patiala,800.0
2025-12-03,Potato,Patiala,900.0
2025-12-04,Potato,Patiala,800.0
2025-12-05,Potato,Patiala,800.0
2025-12-06,Potato,Patiala,800.0
2025-12-08,Potato,Patiala,600.0
2025-12-09,Potato,Patiala,600.0
2025-12-10,Potato,Patiala,600.0
2025-12-11,Potato,Patiala,700.0
2025-12-12,Potato,Patiala,550.0
2025-12-13,Potato,Patiala,550.0
2025-12-15,Potato,Patiala,600.0
2025-12-16,Potato,Patiala,600.0
2025-12-17,Potato,Patiala,600.0
2025-12-18,Potato,Patiala,500.0
2025-12-19,Potato,Patiala,600.0
2025-12-20,Potato,Patiala,500.0
2025-12-22,Potato,Patiala,700.0
2025-12-23,Potato,Patiala,400.0
2025-12-24,Potato,Patiala,700.0
2025-12-25,Potato,Patiala,600.0
2025-12-26,Potato,Patiala,500.0
2025-12-27,Potato,Patiala,500.0
2025-12-29,Potato,Patiala,300.0
2025-12-30,Potato,Patiala,600.0
2025-12-31,Potato,Patiala,700.0
2026-01-01,Potato,Patiala,600.0
2026-01-02,Potato,Patiala,500.0
2026-01-03,Potato,Patiala,500.0
2026-01-05,Potato,Patiala,600.0
2026-01-06,Potato,Patiala,800.0
2026-01-07,Potato,Patiala,400.0
2026-01-08,Potato,Patiala,400.0
2026-01-09,Potato,Patiala,400.0
2026-01-10,Potato,Patiala,400.0
2026-01-12,Potato,Patiala,400.0
2026-01-13,Potato,Patiala,400.0
2026-01-14,Potato,Patiala,500.0
2026-01-15,Potato,Patiala,300.0
2026-01-16,Potato,Patiala,400.0
2026-01-17,Potato,Patiala,300.0
2026-01-19,Potato,Patiala,400.0
2026-01-20,Potato,Patiala,300.0
2026-01-21,Potato,Patiala,500.0
2026-01-22,Potato,Patiala,300.0
2026-01-23,Potato,Patiala,300.0
2026-01-24,Potato,Patiala,400.0
2026-01-26,Potato,Patiala,400.0
2026-01-27,Potato,Patiala,500.0
2026-01-28,Potato,Patiala,300.0
2026-01-29,Potato,Patiala,300.0
2026-01-30,Potato,Patiala,300.0
2026-01-31,Potato,Patiala,400.0
2026-02-02,Potato,Patiala,300.0
2026-02-03,Potato,Patiala,400.0
2026-02-04,Potato,Patiala,300.0
2026-02-05,Potato,Patiala,200.0
2026-02-06,Potato,Patiala,300.0
2026-02-07,Potato,Patiala,400.0
2026-02-09,Potato,Patiala,300.0
2026-02-10,Potato,Patiala,400.0
2026-02-11,Potato,Patiala,300.0
2026-02-12,Potato,Patiala,300.0
2026-02-13,Potato,Patiala,300.0
2026-02-14,Potato,Patiala,200.0
2026-02-16,Potato,Patiala,300.0
2026-02-17,Potato,Patiala,300.0
2026-02-18,Potato,Patiala,200.0
2026-02-19,Potato,Patiala,200.0
2026-02-20,Potato,Patiala,250.0
2026-02-21,Potato,Patiala,400.0
2026-02-23,Potato,Patiala,400.0
2026-02-24,Potato,Patiala,450.0
2026-02-25,Potato,Patiala,300.0
2026-02-26,Potato,Patiala,300.0
2026-02-27,Potato,Patiala,300.0
2026-02-28,Potato,Patiala,300.0
2026-03-02,Potato,Patiala,250.0
2026-03-03,Potato,Patiala,300.0
2026-03-04,Potato,Patiala,300.0
2026-03-05,Potato,Patiala,300.0
2026-03-06,Potato,Patiala,250.0
2026-03-07,Potato,Patiala,400.0
2026-03-09,Potato,Patiala,400.0
2026-03-10,Potato,Patiala,300.0
2026-03-11,Potato,Patiala,400.0
2026-03-12,Potato,Patiala,300.0
2026-03-13,Potato,Patiala,250.0
2026-03-14,Potato,Patiala,400.0
2026-03-16,Potato,Patiala,300.0
2026-03-17,Potato,Patiala,400.0
2026-03-18,Potato,Patiala,500.0
2026-03-19,Potato,Patiala,400.0
2026-03-20,Potato,Patiala,400.0
2026-03-21,Potato,Patiala,300.0
2026-03-23,Potato,Patiala,300.0
2026-03-24,Potato,Patiala,250.0
2026-03-25,Potato,Patiala,250.0
2026-03-26,Potato,Patiala,300.0
2026-03-27,Potato,Patiala,250.0
2026-03-28,Potato,Patiala,200.0
2026-03-30,Potato,Patiala,200.0
2026-03-31,Potato,Patiala,200.0
2026-04-01,Potato,Patiala,200.0
2026-04-02,Potato,Patiala,200.0
2026-04-03,Potato,Patiala,200.0
2026-04-04,Potato,Patiala,180.0
2026-04-07,Potato,Patiala,120.0
2026-04-08,Potato,Patiala,300.0
2026-04-09,Potato,Patiala,200.0
2026-04-10,Potato,Patiala,200.0
2026-04-11,Potato,Patiala,200.0
2026-04-13,Potato,Patiala,200.0
2026-04-14,Potato,Patiala,200.0
2026-04-15,Potato,Patiala,200.0
2026-04-16,Potato,Patiala,200.0
2026-04-17,Potato,Patiala,300.0
2026-04-18,Potato,Patiala,300.0
2026-04-20,Potato,Patiala,200.0
2026-04-21,Potato,Patiala,200.0
2026-04-22,Potato,Patiala,200.0
2026-04-23,Potato,Patiala,200.0
2026-04-24,Potato,Patiala,300.0
2026-04-27,Potato,Patiala,200.0
2026-04-28,Potato,Patiala,300.0
2026-04-29,Potato,Patiala,300.0
2026-04-30,Potato,Patiala,200.0
2026-05-01,Potato,Patiala,200.0
2026-05-02,Potato,Patiala,200.0
2026-05-05,Potato,Patiala,300.0
2026-05-06,Potato,Patiala,200.0
2026-05-07,Potato,Patiala,300.0
2026-05-08,Potato,Patiala,300.0
2026-05-09,Potato,Patiala,300.0
2026-05-11,Potato,Patiala,300.0
2026-05-12,Potato,Patiala,300.0
2026-05-13,Potato,Patiala,200.0
2026-05-14,Potato,Patiala,300.0
2026-05-15,Potato,Patiala,300.0
2026-05-16,Potato,Patiala,200.0
2026-05-18,Potato,Patiala,200.0
2026-05-19,Potato,Patiala,300.0
2026-05-20,Potato,Patiala,300.0
2026-05-21,Potato,Patiala,300.0
2026-05-22,Potato,Patiala,300.0
2026-05-23,Potato,Patiala,200.0
2026-05-25,Potato,Patiala,300.0
2026-05-26,Potato,Patiala,300.0
2026-05-27,Potato,Patiala,300.0
2026-05-28,Potato,Patiala,300.0
2026-05-29,Potato,Patiala,300.0
2026-05-30,Potato,Patiala,300.0
2026-06-01,Potato,Patiala,300.0
2026-06-02,Potato,Patiala,200.0
2026-06-03,Potato,Patiala,200.0
2026-06-04,Potato,Patiala,200.0
2026-06-05,Potato,Patiala,200.0
2026-06-06,Potato,Patiala,200.0
2026-06-08,Potato,Patiala,200.0
2026-06-09,Potato,Patiala,200.0
2026-06-10,Potato,Patiala,200.0
2026-06-12,Potato,Patiala,200.0
2026-06-13,Potato,Patiala,200.0
2026-06-15,Potato,Patiala,200.0
2026-06-16,Potato,Patiala,200.0
2026-06-17,Potato,Patiala,200.0
2026-06-18,Potato,Patiala,200.0
2026-06-19,Potato,Patiala,200.0
2026-06-20,Potato,Patiala,200.0
2026-06-22,Potato,Patiala,200.0
2026-06-23,Potato,Patiala,200.0
2026-06-24,Potato,Patiala,200.0
2026-06-25,Potato,Patiala,200.0
2026-06-26,Potato,Patiala,200.0
2026-06-27,Potato,Patiala,500.0
2026-06-30,Potato,Patiala,200.0
2026-07-01,Potato,Patiala,200.0
2026-07-02,Potato,Patiala,200.0
2026-07-03,Potato,Patiala,200.0
2026-07-04,Potato,Patiala,200.0
2026-07-06,Potato,Patiala,200.0
2026-07-07,Potato,Patiala,200.0
2026-07-08,Potato,Patiala,200.0
2026-07-09,Potato,Patiala,200.0
2026-07-10,Potato,Patiala,200.0
2026-07-11,Potato,Patiala,200.0
2026-07-13,Potato,Patiala,200.0
2026-07-14,Potato,Patiala,200.0
2026-07-15,Potato,Patiala,200.0
2026-07-16,Potato,Patiala,200.0
2026-07-17,Potato,Patiala,200.0
2026-07-18,Potato,Patiala,200.0
2026-07-20,Potato,Patiala,200.0
2026-07-21,Potato,Patiala,200.0
2026-07-22,Potato,Patiala,200.0
2026-07-23,Potato,Patiala,200.0
2026-07-27,Potato,Patiala,200.0
2026-07-28,Potato,Patiala,200.0
2026-07-29,Potato,Patiala,200.0
2026-07-30,Potato,Patiala,200.0
2026-07-31,Potato,Patiala,200.0
2026-08-01,Potato,Patiala,200.0
2026-08-04,Potato,Patiala,200.0
2026-08-05,Potato,Patiala,200.0
2026-08-06,Potato,Patiala,200.0
2026-08-07,Potato,Patiala,200.0
2026-08-08,Potato,Patiala,200.0
2026-08-10,Potato,Patiala,200.0
2026-08-11,Potato,Patiala,200.0
2026-08-12,Potato,Patiala,200.0
2026-08-13,Potato,Patiala,200.0
2026-08-14,Potato,Patiala,200.0
2026-08-15,Potato,Patiala,200.0
2026-08-17,Potato,Patiala,200.0
2026-08-18,Potato,Patiala,200.0
2026-08-19,Potato,Patiala,600.0
2026-08-20,Potato,Patiala,650.0
2026-08-21,Potato,Patiala,650.0
2026-08-22,Potato,Patiala,600.0
2026-08-24,Potato,Patiala,700.0
2026-08-25,Potato,Patiala,600.0
2026-08-26,Potato,Patiala,650.0
2026-08-27,Potato,Patiala,500.0
2026-08-28,Potato,Patiala,600.0
2026-08-29,Potato,Patiala,600.0
2023-06-06,Potato,Patran,590.0
2023-06-07,Potato,Patran,660.0
2023-06-09,Potato,Patran,680.0
2023-06-10,Potato,Patran,660.0
2023-06-12,Potato,Patran,700.0
2023-06-13,Potato,Patran,700.0
2023-06-14,Potato,Patran,680.0
2023-06-15,Potato,Patran,690.0
2023-06-20,Potato,Patran,680.0
2023-06-23,Potato,Patran,700.0
2023-06-24,Potato,Patran,720.0
2023-06-26,Potato,Patran,670.0
2023-06-27,Potato,Patran,700.0
2023-06-28,Potato,Patran,730.0
2023-06-29,Potato,Patran,700.0
2023-06-30,Potato,Patran,640.0
2023-07-01,Potato,Patran,680.0
2023-07-03,Potato,Patran,690.0
2023-07-04,Potato,Patran,720.0
2023-07-05,Potato,Patran,670.0
2023-07-06,Potato,Patran,670.0
2023-07-07,Potato,Patran,650.0
2023-07-08,Potato,Patran,650.0
2023-07-10,Potato,Patran,660.0
2023-07-11,Potato,Patran,670.0
2023-07-12,Potato,Patran,680.0
2023-07-13,Potato,Patran,680.0
2023-07-14,Potato,Patran,690.0
2023-07-17,Potato,Patran,730.0
2023-07-18,Potato,Patran,1080.0
2023-07-19,Potato,Patran,690.0
2023-07-20,Potato,Patran,710.0
2023-07-21,Potato,Patran,690.0
2023-07-22,Potato,Patran,710.0
2023-07-25,Potato,Patran,670.0
2023-07-26,Potato,Patran,700.0
2023-07-27,Potato,Patran,670.0
2023-07-28,Potato,Patran,640.0
2023-07-29,Potato,Patran,680.0
2023-08-01,Potato,Patran,700.0
2023-08-02,Potato,Patran,680.0
2023-08-03,Potato,Patran,680.0
2023-08-08,Potato,Patran,620.0
2023-08-09,Potato,Patran,630.0
2023-08-10,Potato,Patran,660.0
2023-08-11,Potato,Patran,650.0
2023-08-12,Potato,Patran,660.0
2023-08-14,Potato,Patran,660.0
2023-08-15,Potato,Patran,650.0
2023-08-18,Potato,Patran,640.0
2023-08-19,Potato,Patran,650.0
2023-08-23,Potato,Patran,800.0
2023-08-25,Potato,Patran,810.0
2023-09-02,Potato,Patran,500.0
2023-09-05,Potato,Patran,500.0
2023-09-07,Potato,Patran,500.0
2023-09-09,Potato,Patran,500.0
2023-09-11,Potato,Patran,480.0
2023-09-12,Potato,Patran,500.0
2023-09-13,Potato,Patran,500.0
2023-09-14,Potato,Patran,510.0
2023-09-15,Potato,Patran,600.0
2023-09-16,Potato,Patran,450.0
2023-09-18,Potato,Patran,500.0
2023-09-21,Potato,Patran,450.0
2023-09-22,Potato,Patran,470.0
2023-09-25,Potato,Patran,490.0
2023-09-30,Potato,Patran,470.0
2023-10-03,Potato,Patran,480.0
2023-10-05,Potato,Patran,470.0
2023-10-06,Potato,Patran,470.0
2023-10-07,Potato,Patran,590.0
2023-10-11,Potato,Patran,530.0
2023-10-13,Potato,Patran,510.0
2023-10-16,Potato,Patran,570.0
2023-10-18,Potato,Patran,540.0
2023-10-20,Potato,Patran,520.0
2023-10-24,Potato,Patran,530.0
2023-10-25,Potato,Patran,610.0
2023-10-28,Potato,Patran,510.0
2023-10-31,Potato,Patran,500.0
2023-11-01,Potato,Patran,480.0
2023-11-02,Potato,Patran,530.0
2023-11-04,Potato,Patran,500.0
2023-11-06,Potato,Patran,510.0
2023-11-08,Potato,Patran,420.0
2023-11-13,Potato,Patran,490.0
2023-11-16,Potato,Patran,440.0
2023-11-17,Potato,Patran,470.0
2023-11-18,Potato,Patran,730.0
2023-11-21,Potato,Patran,610.0
2023-11-22,Potato,Patran,490.0
2023-11-27,Potato,Patran,530.0
2023-11-30,Potato,Patran,700.0
2023-12-01,Potato,Patran,760.0
2023-12-04,Potato,Patran,680.0
2023-12-05,Potato,Patran,790.0
2023-12-08,Potato,Patran,500.0
2023-12-09,Potato,Patran,480.0
2023-12-11,Potato,Patran,500.0
2023-12-12,Potato,Patran,490.0
2023-12-13,Potato,Patran,480.0
2023-12-14,Potato,Patran,500.0
2023-12-15,Potato,Patran,490.0
2023-12-16,Potato,Patran,480.0
2023-12-18,Potato,Patran,460.0
2023-12-19,Potato,Patran,490.0
2023-12-20,Potato,Patran,480.0
2023-12-21,Potato,Patran,500.0
2023-12-26,Potato,Patran,490.0
2023-12-29,Potato,Patran,440.0
2023-12-30,Potato,Patran,490.0
2024-01-01,Potato,Patran,470.0
2024-01-02,Potato,Patran,490.0
2024-01-04,Potato,Patran,480.0
2024-01-05,Potato,Patran,520.0
2024-01-06,Potato,Patran,490.0
2024-01-08,Potato,Patran,490.0
2024-01-10,Potato,Patran,490.0
2024-01-12,Potato,Patran,430.0
2024-01-15,Potato,Patran,450.0
2024-01-16,Potato,Patran,460.0
2024-01-17,Potato,Patran,460.0
2024-01-18,Potato,Patran,420.0
2024-01-19,Potato,Patran,420.0
2024-01-20,Potato,Patran,450.0
2024-01-23,Potato,Patran,450.0
2024-01-24,Potato,Patran,450.0
2024-01-30,Potato,Patran,410.0
2024-01-31,Potato,Patran,500.0
2024-02-01,Potato,Patran,400.0
2024-02-02,Potato,Patran,450.0
2024-02-03,Potato,Patran,410.0
2024-02-06,Potato,Patran,440.0
2024-02-07,Potato,Patran,460.0
2024-02-08,Potato,Patran,480.0
2024-02-26,Potato,Patran,540.0
2024-03-05,Potato,Patran,660.0
2024-03-06,Potato,Patran,750.0
2024-03-08,Potato,Patran,760.0
2024-03-09,Potato,Patran,600.0
2024-03-11,Potato,Patran,690.0
2024-03-12,Potato,Patran,730.0
2024-03-13,Potato,Patran,740.0
2024-03-15,Potato,Patran,810.0
2024-03-16,Potato,Patran,840.0
2024-03-18,Potato,Patran,820.0
2024-03-19,Potato,Patran,800.0
2024-03-20,Potato,Patran,830.0
2024-03-26,Potato,Patran,880.0
2024-03-29,Potato,Patran,1010.0
2024-03-30,Potato,Patran,870.0
2024-04-03,Potato,Patran,1090.0
2024-04-04,Potato,Patran,1070.0
2024-04-08,Potato,Patran,1070.0
2024-04-09,Potato,Patran,1090.0
2024-04-10,Potato,Patran,1010.0
2024-04-11,Potato,Patran,1030.0
2024-04-15,Potato,Patran,1060.0
2024-04-16,Potato,Patran,1100.0
2024-04-18,Potato,Patran,1090.0
2024-04-19,Potato,Patran,1100.0
2024-04-20,Potato,Patran,1100.0
2024-04-22,Potato,Patran,1090.0
2024-04-25,Potato,Patran,1210.0
2024-04-27,Potato,Patran,1210.0
2024-04-29,Potato,Patran,930.0
2024-05-01,Potato,Patran,1170.0
2024-05-03,Potato,Patran,1250.0
2024-05-04,Potato,Patran,1220.0
2024-05-06,Potato,Patran,1330.0
2024-05-07,Potato,Patran,1210.0
2024-05-08,Potato,Patran,1280.0
2024-05-10,Potato,Patran,1260.0
2024-05-11,Potato,Patran,1210.0
2024-05-13,Potato,Patran,1220.0
2024-05-15,Potato,Patran,1210.0
2024-05-17,Potato,Patran,1230.0
2024-05-18,Potato,Patran,1230.0
2024-05-20,Potato,Patran,1270.0
2024-05-21,Potato,Patran,1250.0
2024-05-22,Potato,Patran,1230.0
2024-05-23,Potato,Patran,1270.0
2024-05-24,Potato,Patran,1210.0
2024-05-25,Potato,Patran,1250.0
2024-05-27,Potato,Patran,2260.0
2024-05-28,Potato,Patran,1270.0
2024-05-29,Potato,Patran,1220.0
2024-05-30,Potato,Patran,1231.0
2024-05-31,Potato,Patran,1220.0
2024-06-01,Potato,Patran,1250.0
2024-06-04,Potato,Patran,1270.0
2024-06-06,Potato,Patran,1240.0
2024-06-10,Potato,Patran,1230.0
2024-06-11,Potato,Patran,1280.0
2024-06-12,Potato,Patran,1270.0
2024-06-21,Potato,Patran,1250.0
2024-06-22,Potato,Patran,1300.0
2024-06-24,Potato,Patran,1350.0
2024-06-25,Potato,Patran,1340.0
2024-06-26,Potato,Patran,1410.0
2024-06-27,Potato,Patran,1440.0
2024-06-28,Potato,Patran,1430.0
2024-06-29,Potato,Patran,1420.0
2024-07-01,Potato,Patran,1430.0
2024-07-02,Potato,Patran,1420.0
2024-07-03,Potato,Patran,1390.0
2024-07-04,Potato,Patran,1380.0
2024-07-05,Potato,Patran,1400.0
2024-07-06,Potato,Patran,1080.0
2024-07-10,Potato,Patran,1400.0
2024-07-11,Potato,Patran,1430.0
2024-07-12,Potato,Patran,1420.0
2024-07-13,Potato,Patran,1400.0
2024-07-16,Potato,Patran,1610.0
2024-07-17,Potato,Patran,1460.0
2024-07-18,Potato,Patran,1490.0
2024-07-20,Potato,Patran,1460.0
2024-07-22,Potato,Patran,1520.0
2024-07-23,Potato,Patran,1480.0
2024-07-24,Potato,Patran,1390.0
2024-07-25,Potato,Patran,1470.0
2024-07-26,Potato,Patran,1462.0
2024-07-29,Potato,Patran,1560.0
2024-07-30,Potato,Patran,1430.0
2024-07-31,Potato,Patran,1410.0
2024-08-01,Potato,Patran,1420.0
2024-08-02,Potato,Patran,1500.0
2024-08-05,Potato,Patran,1400.0
2024-08-06,Potato,Patran,1420.0
2024-08-07,Potato,Patran,1340.0
2024-08-08,Potato,Patran,1250.0
2024-08-09,Potato,Patran,1400.0
2024-08-10,Potato,Patran,1850.0
2024-08-12,Potato,Patran,1310.0
2024-08-13,Potato,Patran,1410.0
2024-08-14,Potato,Patran,1390.0
2024-08-15,Potato,Patran,1360.0
2024-08-16,Potato,Patran,1400.0
2024-08-19,Potato,Patran,1370.0
2024-08-20,Potato,Patran,1390.0
2024-08-21,Potato,Patran,1420.0
2024-08-22,Potato,Patran,1730.0
2024-08-23,Potato,Patran,1420.0
2024-08-26,Potato,Patran,1430.0
2024-08-27,Potato,Patran,1900.0
2024-08-28,Potato,Patran,1380.0
2024-08-30,Potato,Patran,1370.0
2024-08-31,Potato,Patran,1480.0
2024-09-02,Potato,Patran,1560.0
2024-09-03,Potato,Patran,1350.0
2024-09-04,Potato,Patran,1380.0
2024-09-05,Potato,Patran,1350.0
2024-09-06,Potato,Patran,1340.0
2024-09-07,Potato,Patran,1390.0
2024-09-09,Potato,Patran,1260.0
2024-09-10,Potato,Patran,1370.0
2024-09-11,Potato,Patran,1270.0
2024-09-12,Potato,Patran,1500.0
2024-09-13,Potato,Patran,1240.0
2024-09-14,Potato,Patran,1110.0
2024-09-16,Potato,Patran,1230.0
2024-09-17,Potato,Patran,1170.0
2024-09-18,Potato,Patran,1170.0
2024-09-19,Potato,Patran,1170.0
2024-09-20,Potato,Patran,1290.0
2024-09-21,Potato,Patran,1250.0
2024-09-23,Potato,Patran,1220.0
2024-09-24,Potato,Patran,1210.0
2024-09-25,Potato,Patran,3400.0
2024-09-26,Potato,Patran,1130.0
2024-09-27,Potato,Patran,1180.0
2024-09-28,Potato,Patran,1170.0
2024-09-30,Potato,Patran,1380.0
2024-10-01,Potato,Patran,1180.0
2024-10-02,Potato,Patran,1500.0
2024-10-03,Potato,Patran,1170.0
2024-10-04,Potato,Patran,1350.0
2024-10-07,Potato,Patran,1240.0
2024-10-08,Potato,Patran,1210.0
2024-10-09,Potato,Patran,1220.0
2024-10-10,Potato,Patran,1180.0
2024-10-11,Potato,Patran,1350.0
2024-10-12,Potato,Patran,1270.0
2024-10-14,Potato,Patran,1350.0
2024-10-15,Potato,Patran,1200.0
2024-10-16,Potato,Patran,1250.0
2024-10-17,Potato,Patran,1320.0
2024-10-18,Potato,Patran,1580.0
2024-10-19,Potato,Patran,1400.0
2024-10-21,Potato,Patran,2030.0
2024-10-22,Potato,Patran,1220.0
2024-10-23,Potato,Patran,1430.0
2024-10-28,Potato,Patran,1400.0
2024-10-29,Potato,Patran,1410.0
2024-10-30,Potato,Patran,1300.0
2024-11-02,Potato,Patran,1290.0
2024-11-05,Potato,Patran,1350.0
2024-11-06,Potato,Patran,1420.0
2024-11-07,Potato,Patran,1530.0
2024-11-08,Potato,Patran,1670.0
2024-11-09,Potato,Patran,1720.0
2024-11-11,Potato,Patran,1530.0
2024-11-12,Potato,Patran,1460.0
2024-11-13,Potato,Patran,1760.0
2024-11-14,Potato,Patran,1490.0
2024-11-16,Potato,Patran,1470.0
2024-11-18,Potato,Patran,1580.0
2024-11-19,Potato,Patran,1570.0
2024-11-20,Potato,Patran,1590.0
2024-11-21,Potato,Patran,1500.0
2024-11-22,Potato,Patran,1850.0
2024-11-23,Potato,Patran,1490.0
2024-11-25,Potato,Patran,1580.0
2024-11-26,Potato,Patran,1460.0
2024-11-27,Potato,Patran,1680.0
2024-11-28,Potato,Patran,1550.0
2024-11-29,Potato,Patran,1510.0
2024-11-30,Potato,Patran,1610.0
2024-12-02,Potato,Patran,1600.0
2024-12-03,Potato,Patran,1610.0
2024-12-04,Potato,Patran,1610.0
2024-12-12,Potato,Patran,1389.0
2024-12-16,Potato,Patran,1360.0
2024-12-17,Potato,Patran,1640.0
2024-12-18,Potato,Patran,1310.0
2024-12-19,Potato,Patran,1280.0
2024-12-20,Potato,Patran,1330.0
2024-12-21,Potato,Patran,1280.0
2024-12-23,Potato,Patran,1330.0
2024-12-24,Potato,Patran,1280.0
2024-12-25,Potato,Patran,1280.0
2024-12-26,Potato,Patran,1300.0
2024-12-31,Potato,Patran,1200.0
2025-01-01,Potato,Patran,1300.0
2025-01-02,Potato,Patran,1300.0
2025-01-03,Potato,Patran,1310.0
2025-01-06,Potato,Patran,1260.0
2025-01-07,Potato,Patran,1030.0
2025-01-08,Potato,Patran,1030.0
2025-01-09,Potato,Patran,1020.0
2025-01-10,Potato,Patran,810.0
2025-01-11,Potato,Patran,990.0
2025-01-13,Potato,Patran,870.0
2025-01-14,Potato,Patran,930.0
2025-01-15,Potato,Patran,887.0
2025-01-17,Potato,Patran,920.0
2025-01-18,Potato,Patran,920.0
2025-01-20,Potato,Patran,880.0
2025-01-21,Potato,Patran,860.0
2025-01-22,Potato,Patran,840.0
2025-01-23,Potato,Patran,770.0
2025-01-24,Potato,Patran,690.0
2025-01-25,Potato,Patran,620.0
2025-01-27,Potato,Patran,560.0
2025-01-28,Potato,Patran,580.0
2025-01-29,Potato,Patran,570.0
2025-01-30,Potato,Patran,570.0
2025-01-31,Potato,Patran,640.0
2025-02-01,Potato,Patran,650.0
2025-02-03,Potato,Patran,650.0
2025-02-04,Potato,Patran,650.0
2025-02-05,Potato,Patran,650.0
2025-02-06,Potato,Patran,600.0
2025-02-07,Potato,Patran,600.0
2025-02-08,Potato,Patran,610.0
2025-02-10,Potato,Patran,600.0
2025-02-11,Potato,Patran,600.0
2025-02-12,Potato,Patran,600.0
2025-02-13,Potato,Patran,610.0
2025-02-14,Potato,Patran,600.0
2025-02-15,Potato,Patran,620.0
2025-02-17,Potato,Patran,650.0
2025-02-18,Potato,Patran,600.0
2025-02-19,Potato,Patran,600.0
2025-02-20,Potato,Patran,600.0
2025-02-21,Potato,Patran,670.0
2025-02-22,Potato,Patran,610.0
2025-02-24,Potato,Patran,610.0
2025-02-25,Potato,Patran,600.0
2025-02-26,Potato,Patran,600.0
2025-02-27,Potato,Patran,600.0
2025-02-28,Potato,Patran,590.0
2025-03-01,Potato,Patran,590.0
2025-03-03,Potato,Patran,570.0
2025-03-04,Potato,Patran,600.0
2025-03-05,Potato,Patran,580.0
2025-03-06,Potato,Patran,570.0
2025-03-07,Potato,Patran,610.0
2025-03-10,Potato,Patran,700.0
2025-03-11,Potato,Patran,590.0
2025-03-13,Potato,Patran,580.0
2025-03-14,Potato,Patran,580.0
2025-03-15,Potato,Patran,580.0
2025-03-17,Potato,Patran,500.0
2025-03-18,Potato,Patran,590.0
2025-03-19,Potato,Patran,570.0
2025-03-20,Potato,Patran,590.0
2025-03-21,Potato,Patran,570.0
2025-03-22,Potato,Patran,590.0
2025-03-24,Potato,Patran,590.0
2025-03-26,Potato,Patran,590.0
2025-03-27,Potato,Patran,580.0
2025-03-28,Potato,Patran,520.0
2025-03-31,Potato,Patran,580.0
2025-04-01,Potato,Patran,530.0
2025-04-02,Potato,Patran,500.0
2025-04-03,Potato,Patran,540.0
2025-04-04,Potato,Patran,500.0
2025-04-05,Potato,Patran,520.0
2025-04-07,Potato,Patran,530.0
2025-04-08,Potato,Patran,560.0
2025-04-09,Potato,Patran,520.0
2025-04-10,Potato,Patran,530.0
2025-04-11,Potato,Patran,550.0
2025-04-12,Potato,Patran,530.0
2025-04-14,Potato,Patran,520.0
2025-04-18,Potato,Patran,560.0
2025-04-19,Potato,Patran,560.0
2025-04-21,Potato,Patran,560.0
2025-04-23,Potato,Patran,570.0
2025-04-24,Potato,Patran,530.0
2025-04-25,Potato,Patran,600.0
2025-04-26,Potato,Patran,590.0
2025-04-28,Potato,Patran,600.0
2025-04-29,Potato,Patran,610.0
2025-05-03,Potato,Patran,600.0
2025-05-05,Potato,Patran,600.0
2025-05-06,Potato,Patran,670.0
2025-05-07,Potato,Patran,600.0
2025-05-08,Potato,Patran,620.0
2025-05-09,Potato,Patran,630.0
2025-05-12,Potato,Patran,600.0
2025-05-13,Potato,Patran,650.0
2025-05-15,Potato,Patran,760.0
2025-05-16,Potato,Patran,600.0
2025-05-17,Potato,Patran,760.0
2025-05-20,Potato,Patran,740.0
2025-05-21,Potato,Patran,670.0
2025-05-22,Potato,Patran,650.0
2025-05-23,Potato,Patran,600.0
2025-05-26,Potato,Patran,660.0
2025-05-27,Potato,Patran,600.0
2025-05-28,Potato,Patran,690.0
2025-05-29,Potato,Patran,740.0
2025-05-30,Potato,Patran,700.0
2025-05-31,Potato,Patran,740.0
2025-06-02,Potato,Patran,740.0
2025-06-03,Potato,Patran,690.0
2025-06-04,Potato,Patran,700.0
2025-06-05,Potato,Patran,710.0
2025-06-06,Potato,Patran,690.0
2025-06-09,Potato,Patran,660.0
2025-06-10,Potato,Patran,670.0
2025-11-10,Potato,Patran,920.0
2025-11-11,Potato,Patran,860.0
2025-11-12,Potato,Patran,875.0
2025-11-13,Potato,Patran,960.0
2025-11-14,Potato,Patran,1058.0
2025-11-17,Potato,Patran,810.0
2025-11-18,Potato,Patran,859.88
2025-11-21,Potato,Patran,990.0
2025-11-25,Potato,Patran,970.0
2025-11-26,Potato,Patran,815.0
2025-11-27,Potato,Patran,1016.0
2025-11-28,Potato,Patran,846.0
2025-12-01,Potato,Patran,717.0
2025-12-02,Potato,Patran,675.0
2025-12-03,Potato,Patran,626.0
2025-12-04,Potato,Patran,670.0
2025-12-05,Potato,Patran,652.0
2025-12-08,Potato,Patran,625.0
2025-12-09,Potato,Patran,780.0
2025-12-10,Potato,Patran,600.0
2025-12-11,Potato,Patran,540.0
2025-12-12,Potato,Patran,600.0
2025-12-16,Potato,Patran,600.0
2025-12-17,Potato,Patran,530.0
2025-12-18,Potato,Patran,544.0
2025-12-19,Potato,Patran,550.0
2025-12-22,Potato,Patran,545.0
2025-12-23,Potato,Patran,580.0
2025-12-24,Potato,Patran,600.0
2025-12-25,Potato,Patran,600.0
2025-12-26,Potato,Patran,550.0
2025-12-31,Potato,Patran,516.0
2026-01-01,Potato,Patran,468.0
2026-01-02,Potato,Patran,470.0
2026-01-06,Potato,Patran,500.0
2026-01-07,Potato,Patran,500.0
2026-01-08,Potato,Patran,509.0
2026-01-09,Potato,Patran,510.0
2026-01-12,Potato,Patran,434.0
2026-01-13,Potato,Patran,423.0
2026-01-14,Potato,Patran,420.0
2026-01-15,Potato,Patran,450.0
2026-01-16,Potato,Patran,450.0
2026-01-19,Potato,Patran,420.0
2026-01-20,Potato,Patran,400.0
2026-01-21,Potato,Patran,400.0
2026-01-22,Potato,Patran,400.0
2026-01-23,Potato,Patran,400.0
2026-01-27,Potato,Patran,400.0
2026-01-28,Potato,Patran,400.0
2026-01-29,Potato,Patran,400.0
2026-01-30,Potato,Patran,425.0
2026-02-03,Potato,Patran,476.0
2026-02-04,Potato,Patran,450.0
2026-02-05,Potato,Patran,400.0
2026-02-06,Potato,Patran,450.0
2026-02-09,Potato,Patran,438.0
2026-02-11,Potato,Patran,425.0
2026-02-12,Potato,Patran,500.0
2026-02-13,Potato,Patran,445.0
2026-02-16,Potato,Patran,500.0
2026-02-17,Potato,Patran,510.0
2026-02-18,Potato,Patran,340.0
2026-02-19,Potato,Patran,316.0
2026-02-20,Potato,Patran,500.0
2026-02-23,Potato,Patran,310.0
2026-02-24,Potato,Patran,400.0
2026-02-25,Potato,Patran,300.0
2026-02-26,Potato,Patran,300.0
2026-03-02,Potato,Patran,292.0
2026-03-03,Potato,Patran,400.0
2026-03-04,Potato,Patran,315.0
2026-03-05,Potato,Patran,300.0
2026-03-06,Potato,Patran,400.0
2026-03-09,Potato,Patran,300.0
2026-03-10,Potato,Patran,300.0
2026-03-12,Potato,Patran,300.0
2026-03-13,Potato,Patran,310.0
2026-03-16,Potato,Patran,300.0
2026-03-17,Potato,Patran,300.0
2026-03-18,Potato,Patran,300.0
2026-03-19,Potato,Patran,300.0
2026-03-20,Potato,Patran,300.0
2026-03-23,Potato,Patran,300.0
2026-03-24,Potato,Patran,300.0
2026-03-25,Potato,Patran,300.0
2026-03-26,Potato,Patran,300.0
2026-03-27,Potato,Patran,300.0
2026-03-30,Potato,Patran,300.0
2026-03-31,Potato,Patran,300.0
2026-04-01,Potato,Patran,300.0
2026-04-03,Potato,Patran,300.0
2026-04-04,Potato,Patran,300.0
2026-04-06,Potato,Patran,300.0
2026-04-07,Potato,Patran,300.0
2026-04-08,Potato,Patran,300.0
2026-04-09,Potato,Patran,300.0
2026-04-10,Potato,Patran,300.0
2026-04-11,Potato,Patran,322.0
2026-04-13,Potato,Patran,300.0
2026-04-15,Potato,Patran,300.0
2026-04-16,Potato,Patran,300.0
2026-04-17,Potato,Patran,300.0
2026-04-18,Potato,Patran,300.0
2026-04-20,Potato,Patran,300.0
2026-04-21,Potato,Patran,300.0
2026-04-22,Potato,Patran,300.0
2026-04-23,Potato,Patran,300.0
2026-04-27,Potato,Patran,418.0
2026-04-28,Potato,Patran,300.0
2026-04-29,Potato,Patran,300.0
2026-04-30,Potato,Patran,332.57
2026-05-04,Potato,Patran,440.0
2026-05-06,Potato,Patran,440.0
2026-05-07,Potato,Patran,500.0
2026-05-11,Potato,Patran,310.0
2026-05-12,Potato,Patran,400.0
2026-05-13,Potato,Patran,410.0
2026-05-14,Potato,Patran,340.0
2026-05-15,Potato,Patran,410.0
2026-05-18,Potato,Patran,480.0
2026-05-19,Potato,Patran,480.0
2026-05-20,Potato,Patran,440.0
2026-05-21,Potato,Patran,460.0
2026-05-22,Potato,Patran,440.0
2026-05-26,Potato,Patran,430.0
2026-05-27,Potato,Patran,450.0
2026-05-28,Potato,Patran,460.0
2026-05-29,Potato,Patran,480.0
2026-06-02,Potato,Patran,450.0
2026-06-03,Potato,Patran,480.0
2026-06-04,Potato,Patran,430.0
2026-06-05,Potato,Patran,400.0
2026-06-08,Potato,Patran,470.0
2026-06-09,Potato,Patran,530.0
2026-06-10,Potato,Patran,610.0
2026-06-11,Potato,Patran,720.0
2026-06-15,Potato,Patran,460.0
2026-06-16,Potato,Patran,640.0
2026-06-17,Potato,Patran,540.0
2026-06-22,Potato,Patran,780.0
2026-06-23,Potato,Patran,650.0
2026-06-24,Potato,Patran,580.0
2026-06-26,Potato,Patran,500.0
2026-07-01,Potato,Patran,500.0
2026-07-02,Potato,Patran,450.0
2026-07-06,Potato,Patran,550.0
2026-07-07,Potato,Patran,560.0
2026-07-08,Potato,Patran,500.0
2026-07-09,Potato,Patran,500.0
2026-07-10,Potato,Patran,450.0
2026-07-13,Potato,Patran,490.0
2026-07-14,Potato,Patran,500.0
2026-07-15,Potato,Patran,470.0
2026-07-16,Potato,Patran,850.0
2026-07-17,Potato,Patran,620.0
2026-07-20,Potato,Patran,500.0
2026-07-21,Potato,Patran,490.0
2026-07-22,Potato,Patran,500.0
2026-07-24,Potato,Patran,680.0
2026-07-27,Potato,Patran,520.0
2026-07-28,Potato,Patran,500.0
2026-07-29,Potato,Patran,490.0
2026-07-30,Potato,Patran,470.0
2026-08-03,Potato,Patran,480.0
2026-08-04,Potato,Patran,500.0
2026-08-05,Potato,Patran,500.0
2026-08-06,Potato,Patran,490.0
2026-08-07,Potato,Patran,500.0
2026-08-08,Potato,Patran,450.0
2026-08-10,Potato,Patran,450.0
2026-08-11,Potato,Patran,530.0
2026-08-12,Potato,Patran,530.0
2026-08-13,Potato,Patran,460.0
2026-08-14,Potato,Patran,480.0
2026-08-15,Potato,Patran,680.0
2026-08-17,Potato,Patran,480.0
2026-08-18,Potato,Patran,520.0
2026-08-19,Potato,Patran,430.0
2026-08-20,Potato,Patran,470.0
2026-08-21,Potato,Patran,420.0
2026-08-23,Potato,Patran,430.0
2026-08-25,Potato,Patran,430.0
2026-08-26,Potato,Patran,450.0
2026-08-27,Potato,Patran,450.0
2024-07-29,Potato,Raikot,900.0
2025-04-01,Potato,Raikot,350.0
2025-04-02,Potato,Raikot,350.0
2025-04-03,Potato,Raikot,300.0
2025-04-04,Potato,Raikot,350.0
2025-04-05,Potato,Raikot,350.0
2025-04-06,Potato,Raikot,350.0
2025-04-08,Potato,Raikot,325.0
2025-04-09,Potato,Raikot,300.0
2025-04-10,Potato,Raikot,300.0
2025-04-11,Potato,Raikot,300.0
2025-04-14,Potato,Raikot,350.0
2025-04-15,Potato,Raikot,350.0
2025-04-17,Potato,Raikot,250.0
2025-04-18,Potato,Raikot,280.0
2026-06-11,Potato,Raikot,400.0
2026-06-12,Potato,Raikot,400.0
2026-06-15,Potato,Raikot,540.0
2026-06-17,Potato,Raikot,400.0
2026-06-18,Potato,Raikot,450.0
2026-06-22,Potato,Raikot,400.0
2026-06-23,Potato,Raikot,450.0
2026-06-24,Potato,Raikot,480.0
2026-06-25,Potato,Raikot,540.0
2026-06-29,Potato,Raikot,550.0
2026-07-01,Potato,Raikot,550.0
2026-07-02,Potato,Raikot,540.0
2026-07-11,Potato,Raikot,570.0
2026-07-14,Potato,Raikot,560.0
2026-07-16,Potato,Raikot,580.0
2026-07-17,Potato,Raikot,580.0
2026-07-18,Potato,Raikot,590.0
2026-07-22,Potato,Raikot,590.0
2026-07-24,Potato,Raikot,590.0
2026-07-25,Potato,Raikot,610.0
2026-07-27,Potato,Raikot,590.0
2026-07-28,Potato,Raikot,600.0
2026-07-29,Potato,Raikot,610.0
2026-07-30,Potato,Raikot,610.0
2026-07-31,Potato,Raikot,610.0
2026-08-01,Potato,Raikot,620.0
2026-08-02,Potato,Raikot,610.0
2026-08-03,Potato,Raikot,610.0
2026-08-04,Potato,Raikot,630.0
2026-08-05,Potato,Raikot,640.0
2026-08-06,Potato,Raikot,630.0
2026-08-07,Potato,Raikot,630.0
2026-08-08,Potato,Raikot,640.0
2026-08-09,Potato,Raikot,350.0
2026-08-10,Potato,Raikot,630.0
2026-08-11,Potato,Raikot,610.0
2026-08-12,Potato,Raikot,620.0
2026-08-13,Potato,Raikot,620.0
2026-08-14,Potato,Raikot,620.0
2026-08-16,Potato,Raikot,620.0
2026-08-17,Potato,Raikot,610.0
2026-08-18,Potato,Raikot,620.0
2026-08-19,Potato,Raikot,620.0
2026-08-20,Potato,Raikot,620.0
2026-08-21,Potato,Raikot,620.0
2026-08-22,Potato,Raikot,620.0
2026-08-23,Potato,Raikot,620.0
2026-08-24,Potato,Raikot,620.0
2026-08-25,Potato,Raikot,630.0
2026-08-26,Potato,Raikot,630.0
2026-08-27,Potato,Raikot,630.0
2026-08-28,Potato,Raikot,630.0
2026-08-29,Potato,Raikot,630.0
2023-06-06,Potato,Rajpura,800.0
2023-06-07,Potato,Rajpura,700.0
2023-06-08,Potato,Rajpura,700.0
2023-06-09,Potato,Rajpura,700.0
2023-06-10,Potato,Rajpura,700.0
2023-06-11,Potato,Rajpura,700.0
2023-06-13,Potato,Rajpura,750.0
2023-06-14,Potato,Rajpura,700.0
2023-06-15,Potato,Rajpura,750.0
2023-06-16,Potato,Rajpura,700.0
2023-06-17,Potato,Rajpura,700.0
2023-06-18,Potato,Rajpura,600.0
2023-06-19,Potato,Rajpura,700.0
2023-06-20,Potato,Rajpura,700.0
2023-06-21,Potato,Rajpura,650.0
2023-06-22,Potato,Rajpura,600.0
2023-06-23,Potato,Rajpura,700.0
2023-06-24,Potato,Rajpura,700.0
2023-06-25,Potato,Rajpura,700.0
2023-06-27,Potato,Rajpura,700.0
2023-06-28,Potato,Rajpura,600.0
2023-06-29,Potato,Rajpura,700.0
2023-06-30,Potato,Rajpura,650.0
2023-07-01,Potato,Rajpura,500.0
2023-07-02,Potato,Rajpura,650.0
2023-07-03,Potato,Rajpura,650.0
2023-07-04,Potato,Rajpura,600.0
2023-07-05,Potato,Rajpura,800.0
2023-07-06,Potato,Rajpura,700.0
2023-07-07,Potato,Rajpura,750.0
2023-07-08,Potato,Rajpura,800.0
2023-07-09,Potato,Rajpura,850.0
2023-07-11,Potato,Rajpura,600.0
2023-07-12,Potato,Rajpura,600.0
2023-07-13,Potato,Rajpura,600.0
2023-07-14,Potato,Rajpura,650.0
2023-07-15,Potato,Rajpura,800.0
2023-07-16,Potato,Rajpura,700.0
2023-07-17,Potato,Rajpura,700.0
2023-07-18,Potato,Rajpura,600.0
2023-07-19,Potato,Rajpura,700.0
2023-07-20,Potato,Rajpura,800.0
2023-07-21,Potato,Rajpura,650.0
2023-07-22,Potato,Rajpura,650.0
2023-07-23,Potato,Rajpura,1000.0
2023-07-25,Potato,Rajpura,750.0
2023-07-26,Potato,Rajpura,900.0
2023-07-27,Potato,Rajpura,800.0
2023-07-28,Potato,Rajpura,700.0
2023-07-29,Potato,Rajpura,700.0
2023-07-30,Potato,Rajpura,800.0
2023-07-31,Potato,Rajpura,700.0
2023-08-01,Potato,Rajpura,700.0
2023-08-02,Potato,Rajpura,700.0
2023-08-03,Potato,Rajpura,850.0
2023-08-04,Potato,Rajpura,800.0
2023-08-05,Potato,Rajpura,1100.0
2023-08-06,Potato,Rajpura,950.0
2023-08-07,Potato,Rajpura,800.0
2023-08-08,Potato,Rajpura,800.0
2023-08-09,Potato,Rajpura,800.0
2023-08-10,Potato,Rajpura,800.0
2023-08-11,Potato,Rajpura,1000.0
2023-08-12,Potato,Rajpura,950.0
2023-08-13,Potato,Rajpura,900.0
2023-08-15,Potato,Rajpura,1000.0
2023-08-16,Potato,Rajpura,1000.0
2023-08-18,Potato,Rajpura,900.0
2023-08-19,Potato,Rajpura,1050.0
2023-08-21,Potato,Rajpura,900.0
2023-08-22,Potato,Rajpura,900.0
2023-08-23,Potato,Rajpura,900.0
2023-08-24,Potato,Rajpura,890.0
2023-08-25,Potato,Rajpura,900.0
2023-08-26,Potato,Rajpura,900.0
2023-08-28,Potato,Rajpura,900.0
2023-08-29,Potato,Rajpura,1000.0
2023-08-30,Potato,Rajpura,900.0
2023-08-31,Potato,Rajpura,950.0
2023-09-01,Potato,Rajpura,800.0
2023-09-02,Potato,Rajpura,900.0
2023-09-03,Potato,Rajpura,900.0
2023-09-04,Potato,Rajpura,900.0
2023-09-05,Potato,Rajpura,900.0
2023-09-06,Potato,Rajpura,900.0
2023-09-07,Potato,Rajpura,850.0
2023-09-08,Potato,Rajpura,950.0
2023-09-09,Potato,Rajpura,900.0
2023-09-10,Potato,Rajpura,850.0
2023-09-12,Potato,Rajpura,1000.0
2023-09-13,Potato,Rajpura,1000.0
2023-09-14,Potato,Rajpura,900.0
2023-09-15,Potato,Rajpura,850.0
2023-09-16,Potato,Rajpura,900.0
2023-09-17,Potato,Rajpura,850.0
2023-09-18,Potato,Rajpura,850.0
2023-09-20,Potato,Rajpura,900.0
2023-09-21,Potato,Rajpura,900.0
2023-09-22,Potato,Rajpura,1000.0
2023-09-23,Potato,Rajpura,900.0
2023-09-24,Potato,Rajpura,850.0
2023-09-26,Potato,Rajpura,900.0
2023-09-27,Potato,Rajpura,900.0
2023-09-28,Potato,Rajpura,900.0
2023-09-29,Potato,Rajpura,1000.0
2023-09-30,Potato,Rajpura,850.0
2023-10-04,Potato,Rajpura,900.0
2023-10-05,Potato,Rajpura,1000.0
2023-10-06,Potato,Rajpura,1000.0
2023-10-07,Potato,Rajpura,850.0
2023-10-08,Potato,Rajpura,1050.0
2023-10-09,Potato,Rajpura,900.0
2023-10-11,Potato,Rajpura,900.0
2023-10-12,Potato,Rajpura,1000.0
2023-10-14,Potato,Rajpura,900.0
2023-10-15,Potato,Rajpura,1000.0
2023-10-16,Potato,Rajpura,1000.0
2023-10-17,Potato,Rajpura,1050.0
2023-10-18,Potato,Rajpura,950.0
2023-10-19,Potato,Rajpura,1050.0
2023-10-20,Potato,Rajpura,1150.0
2023-10-21,Potato,Rajpura,1000.0
2023-10-22,Potato,Rajpura,1050.0
2023-10-24,Potato,Rajpura,1000.0
2023-10-27,Potato,Rajpura,1050.0
2023-10-29,Potato,Rajpura,980.0
2023-10-30,Potato,Rajpura,1000.0
2023-10-31,Potato,Rajpura,1050.0
2023-11-03,Potato,Rajpura,1050.0
2023-11-04,Potato,Rajpura,800.0
2023-11-05,Potato,Rajpura,1050.0
2023-11-06,Potato,Rajpura,1050.0
2023-11-07,Potato,Rajpura,1050.0
2023-11-09,Potato,Rajpura,1050.0
2023-11-10,Potato,Rajpura,950.0
2023-11-11,Potato,Rajpura,1050.0
2023-11-12,Potato,Rajpura,900.0
2023-11-16,Potato,Rajpura,1050.0
2023-11-17,Potato,Rajpura,1150.0
2023-11-18,Potato,Rajpura,1050.0
2023-11-19,Potato,Rajpura,1050.0
2023-11-20,Potato,Rajpura,1050.0
2023-11-21,Potato,Rajpura,1100.0
2023-11-22,Potato,Rajpura,1050.0
2023-11-23,Potato,Rajpura,1050.0
2023-11-24,Potato,Rajpura,1100.0
2023-11-25,Potato,Rajpura,950.0
2023-11-26,Potato,Rajpura,1050.0
2023-11-28,Potato,Rajpura,1000.0
2023-11-29,Potato,Rajpura,1000.0
2023-12-01,Potato,Rajpura,1050.0
2023-12-02,Potato,Rajpura,800.0
2023-12-03,Potato,Rajpura,700.0
2023-12-04,Potato,Rajpura,900.0
2023-12-05,Potato,Rajpura,900.0
2023-12-06,Potato,Rajpura,800.0
2023-12-07,Potato,Rajpura,750.0
2023-12-08,Potato,Rajpura,600.0
2023-12-09,Potato,Rajpura,700.0
2023-12-10,Potato,Rajpura,700.0
2023-12-12,Potato,Rajpura,650.0
2023-12-14,Potato,Rajpura,650.0
2023-12-15,Potato,Rajpura,600.0
2023-12-16,Potato,Rajpura,600.0
2023-12-17,Potato,Rajpura,600.0
2023-12-18,Potato,Rajpura,600.0
2023-12-19,Potato,Rajpura,550.0
2023-12-21,Potato,Rajpura,500.0
2023-12-22,Potato,Rajpura,500.0
2023-12-23,Potato,Rajpura,550.0
2023-12-24,Potato,Rajpura,550.0
2023-12-26,Potato,Rajpura,500.0
2023-12-27,Potato,Rajpura,500.0
2023-12-28,Potato,Rajpura,500.0
2023-12-29,Potato,Rajpura,500.0
2023-12-30,Potato,Rajpura,450.0
2023-12-31,Potato,Rajpura,500.0
2024-01-01,Potato,Rajpura,500.0
2024-01-02,Potato,Rajpura,500.0
2024-01-03,Potato,Rajpura,500.0
2024-01-04,Potato,Rajpura,500.0
2024-01-05,Potato,Rajpura,500.0
2024-01-06,Potato,Rajpura,500.0
2024-01-07,Potato,Rajpura,500.0
2024-01-09,Potato,Rajpura,500.0
2024-01-10,Potato,Rajpura,500.0
2024-01-11,Potato,Rajpura,500.0
2024-01-12,Potato,Rajpura,450.0
2024-01-13,Potato,Rajpura,500.0
2024-01-14,Potato,Rajpura,450.0
2024-01-15,Potato,Rajpura,450.0
2024-01-16,Potato,Rajpura,450.0
2024-01-17,Potato,Rajpura,450.0
2024-01-18,Potato,Rajpura,450.0
2024-01-19,Potato,Rajpura,550.0
2024-01-20,Potato,Rajpura,450.0
2024-01-21,Potato,Rajpura,450.0
2024-01-23,Potato,Rajpura,500.0
2024-01-24,Potato,Rajpura,450.0
2024-01-25,Potato,Rajpura,450.0
2024-01-26,Potato,Rajpura,450.0
2024-01-27,Potato,Rajpura,450.0
2024-01-28,Potato,Rajpura,450.0
2024-01-29,Potato,Rajpura,450.0
2024-01-30,Potato,Rajpura,500.0
2024-01-31,Potato,Rajpura,500.0
2024-02-01,Potato,Rajpura,500.0
2024-02-02,Potato,Rajpura,500.0
2024-02-03,Potato,Rajpura,450.0
2024-02-04,Potato,Rajpura,500.0
2024-02-05,Potato,Rajpura,500.0
2024-02-06,Potato,Rajpura,500.0
2024-02-07,Potato,Rajpura,500.0
2024-02-08,Potato,Rajpura,550.0
2024-02-09,Potato,Rajpura,530.0
2024-02-10,Potato,Rajpura,500.0
2024-02-11,Potato,Rajpura,500.0
2024-02-13,Potato,Rajpura,550.0
2024-02-14,Potato,Rajpura,500.0
2024-02-15,Potato,Rajpura,500.0
2024-02-16,Potato,Rajpura,500.0
2024-02-17,Potato,Rajpura,500.0
2024-02-18,Potato,Rajpura,500.0
2024-02-20,Potato,Rajpura,500.0
2024-02-21,Potato,Rajpura,500.0
2024-02-22,Potato,Rajpura,500.0
2024-02-23,Potato,Rajpura,550.0
2024-02-24,Potato,Rajpura,600.0
2024-02-25,Potato,Rajpura,600.0
2024-02-27,Potato,Rajpura,600.0
2024-02-28,Potato,Rajpura,600.0
2024-02-29,Potato,Rajpura,600.0
2024-03-01,Potato,Rajpura,600.0
2024-03-02,Potato,Rajpura,600.0
2024-03-03,Potato,Rajpura,600.0
2024-03-05,Potato,Rajpura,700.0
2024-03-06,Potato,Rajpura,650.0
2024-03-07,Potato,Rajpura,700.0
2024-03-08,Potato,Rajpura,700.0
2024-03-09,Potato,Rajpura,650.0
2024-03-10,Potato,Rajpura,700.0
2024-03-13,Potato,Rajpura,750.0
2024-03-14,Potato,Rajpura,750.0
2024-03-15,Potato,Rajpura,750.0
2024-03-16,Potato,Rajpura,700.0
2024-03-17,Potato,Rajpura,750.0
2024-03-19,Potato,Rajpura,800.0
2024-03-20,Potato,Rajpura,800.0
2024-03-21,Potato,Rajpura,750.0
2024-03-22,Potato,Rajpura,700.0
2024-03-23,Potato,Rajpura,800.0
2024-03-24,Potato,Rajpura,800.0
2024-03-26,Potato,Rajpura,750.0
2024-03-27,Potato,Rajpura,750.0
2024-03-28,Potato,Rajpura,900.0
2024-03-29,Potato,Rajpura,750.0
2024-03-30,Potato,Rajpura,800.0
2024-03-31,Potato,Rajpura,800.0
2024-04-02,Potato,Rajpura,900.0
2024-04-03,Potato,Rajpura,900.0
2024-04-04,Potato,Rajpura,850.0
2024-04-05,Potato,Rajpura,950.0
2024-04-06,Potato,Rajpura,900.0
2024-04-07,Potato,Rajpura,900.0
2024-04-09,Potato,Rajpura,950.0
2024-04-10,Potato,Rajpura,1040.0
2024-04-11,Potato,Rajpura,900.0
2024-04-12,Potato,Rajpura,1000.0
2024-04-13,Potato,Rajpura,900.0
2024-04-14,Potato,Rajpura,900.0
2024-04-16,Potato,Rajpura,950.0
2024-04-17,Potato,Rajpura,950.0
2024-04-18,Potato,Rajpura,1400.0
2024-04-19,Potato,Rajpura,1300.0
2024-04-20,Potato,Rajpura,1300.0
2024-04-23,Potato,Rajpura,1300.0
2024-04-24,Potato,Rajpura,1300.0
2024-04-25,Potato,Rajpura,1300.0
2024-04-26,Potato,Rajpura,1300.0
2024-04-27,Potato,Rajpura,1300.0
2024-04-28,Potato,Rajpura,1300.0
2024-04-29,Potato,Rajpura,1440.0
2024-04-30,Potato,Rajpura,1500.0
2024-05-01,Potato,Rajpura,1700.0
2024-05-02,Potato,Rajpura,1600.0
2024-05-03,Potato,Rajpura,1600.0
2024-05-04,Potato,Rajpura,1450.0
2024-05-05,Potato,Rajpura,1550.0
2024-05-07,Potato,Rajpura,1650.0
2024-05-08,Potato,Rajpura,1400.0
2024-05-09,Potato,Rajpura,1400.0
2024-05-10,Potato,Rajpura,1550.0
2024-05-11,Potato,Rajpura,1400.0
2024-05-12,Potato,Rajpura,1300.0
2024-05-14,Potato,Rajpura,1250.0
2024-05-15,Potato,Rajpura,1600.0
2024-05-16,Potato,Rajpura,1700.0
2024-05-17,Potato,Rajpura,1300.0
2024-05-18,Potato,Rajpura,1300.0
2024-05-19,Potato,Rajpura,1400.0
2024-05-21,Potato,Rajpura,1400.0
2024-05-22,Potato,Rajpura,1450.0
2024-05-23,Potato,Rajpura,1400.0
2024-05-24,Potato,Rajpura,1650.0
2024-05-25,Potato,Rajpura,1650.0
2024-05-26,Potato,Rajpura,1600.0
2024-05-28,Potato,Rajpura,1600.0
2024-05-29,Potato,Rajpura,1600.0
2024-05-30,Potato,Rajpura,1600.0
2024-05-31,Potato,Rajpura,1600.0
2024-06-01,Potato,Rajpura,1600.0
2024-06-02,Potato,Rajpura,1600.0
2024-06-04,Potato,Rajpura,1600.0
2024-06-06,Potato,Rajpura,1600.0
2024-06-07,Potato,Rajpura,1600.0
2024-06-08,Potato,Rajpura,1500.0
2024-06-09,Potato,Rajpura,1500.0
2024-06-11,Potato,Rajpura,1600.0
2024-06-12,Potato,Rajpura,1600.0
2024-06-13,Potato,Rajpura,1600.0
2024-06-14,Potato,Rajpura,1550.0
2024-06-15,Potato,Rajpura,1600.0
2024-06-16,Potato,Rajpura,1600.0
2024-06-18,Potato,Rajpura,1500.0
2024-06-20,Potato,Rajpura,1700.0
2024-06-23,Potato,Rajpura,1550.0
2024-06-25,Potato,Rajpura,1400.0
2024-06-26,Potato,Rajpura,1300.0
2024-06-28,Potato,Rajpura,1700.0
2024-06-29,Potato,Rajpura,1600.0
2024-07-02,Potato,Rajpura,1400.0
2024-07-03,Potato,Rajpura,1690.0
2024-07-04,Potato,Rajpura,1550.0
2024-07-06,Potato,Rajpura,1650.0
2024-07-07,Potato,Rajpura,1500.0
2024-07-09,Potato,Rajpura,1400.0
2024-07-11,Potato,Rajpura,1500.0
2024-07-12,Potato,Rajpura,1500.0
2024-07-16,Potato,Rajpura,1500.0
2024-07-17,Potato,Rajpura,1300.0
2024-07-18,Potato,Rajpura,1500.0
2024-07-19,Potato,Rajpura,1300.0
2024-07-20,Potato,Rajpura,1800.0
2024-07-24,Potato,Rajpura,1800.0
2024-07-25,Potato,Rajpura,1400.0
2024-07-26,Potato,Rajpura,1500.0
2024-07-27,Potato,Rajpura,1550.0
2024-07-28,Potato,Rajpura,1600.0
2024-07-30,Potato,Rajpura,1500.0
2024-07-31,Potato,Rajpura,1500.0
2024-08-01,Potato,Rajpura,1400.0
2024-08-02,Potato,Rajpura,1500.0
2024-08-03,Potato,Rajpura,1650.0
2024-08-04,Potato,Rajpura,1600.0
2024-08-06,Potato,Rajpura,1700.0
2024-08-07,Potato,Rajpura,1600.0
2024-08-09,Potato,Rajpura,1600.0
2024-08-10,Potato,Rajpura,1400.0
2024-08-11,Potato,Rajpura,1600.0
2024-08-13,Potato,Rajpura,1900.0
2024-08-14,Potato,Rajpura,1900.0
2024-08-15,Potato,Rajpura,1850.0
2024-08-16,Potato,Rajpura,1700.0
2024-08-17,Potato,Rajpura,1600.0
2024-08-18,Potato,Rajpura,1900.0
2024-08-20,Potato,Rajpura,1800.0
2024-08-21,Potato,Rajpura,1800.0
2024-08-22,Potato,Rajpura,1550.0
2024-08-23,Potato,Rajpura,1550.0
2024-08-24,Potato,Rajpura,1800.0
2024-08-25,Potato,Rajpura,1850.0
2024-08-27,Potato,Rajpura,1850.0
2024-08-28,Potato,Rajpura,1800.0
2024-08-29,Potato,Rajpura,1800.0
2024-08-30,Potato,Rajpura,1800.0
2024-08-31,Potato,Rajpura,1500.0
2024-09-01,Potato,Rajpura,1600.0
2024-09-03,Potato,Rajpura,1700.0
2024-09-04,Potato,Rajpura,1500.0
2024-09-05,Potato,Rajpura,1500.0
2024-09-06,Potato,Rajpura,1700.0
2024-09-07,Potato,Rajpura,1700.0
2024-09-08,Potato,Rajpura,1600.0
2024-09-10,Potato,Rajpura,1500.0
2024-09-11,Potato,Rajpura,1400.0
2024-09-12,Potato,Rajpura,1800.0
2024-09-13,Potato,Rajpura,1700.0
2024-09-14,Potato,Rajpura,1300.0
2024-09-15,Potato,Rajpura,1700.0
2024-09-17,Potato,Rajpura,1750.0
2024-09-18,Potato,Rajpura,1600.0
2024-09-19,Potato,Rajpura,1500.0
2024-09-20,Potato,Rajpura,1400.0
2024-09-21,Potato,Rajpura,1500.0
2024-09-22,Potato,Rajpura,1600.0
2024-09-24,Potato,Rajpura,1700.0
2024-09-26,Potato,Rajpura,1500.0
2024-09-27,Potato,Rajpura,1700.0
2024-09-28,Potato,Rajpura,1700.0
2024-10-02,Potato,Rajpura,1800.0
2024-10-03,Potato,Rajpura,1800.0
2024-10-04,Potato,Rajpura,1700.0
2024-10-05,Potato,Rajpura,1900.0
2024-10-06,Potato,Rajpura,1800.0
2024-10-09,Potato,Rajpura,1900.0
2024-10-10,Potato,Rajpura,1600.0
2024-10-11,Potato,Rajpura,1850.0
2024-10-12,Potato,Rajpura,1800.0
2024-10-13,Potato,Rajpura,1700.0
2024-10-15,Potato,Rajpura,1800.0
2024-10-16,Potato,Rajpura,1800.0
2024-10-18,Potato,Rajpura,1850.0
2024-10-20,Potato,Rajpura,1700.0
2024-10-22,Potato,Rajpura,1900.0
2024-10-24,Potato,Rajpura,1900.0
2024-10-25,Potato,Rajpura,2000.0
2024-10-26,Potato,Rajpura,1900.0
2024-10-27,Potato,Rajpura,1900.0
2024-10-29,Potato,Rajpura,1890.0
2024-10-30,Potato,Rajpura,1900.0
2024-10-31,Potato,Rajpura,1850.0
2024-11-01,Potato,Rajpura,1890.0
2024-11-02,Potato,Rajpura,1800.0
2024-11-05,Potato,Rajpura,1860.0
2024-11-06,Potato,Rajpura,2100.0
2024-11-07,Potato,Rajpura,1900.0
2024-11-08,Potato,Rajpura,1900.0
2024-11-09,Potato,Rajpura,2000.0
2024-11-10,Potato,Rajpura,2000.0
2024-11-12,Potato,Rajpura,1800.0
2024-11-13,Potato,Rajpura,1900.0
2024-11-14,Potato,Rajpura,1900.0
2024-11-20,Potato,Rajpura,1800.0
2024-11-21,Potato,Rajpura,1900.0
2024-11-22,Potato,Rajpura,1800.0
2024-11-23,Potato,Rajpura,2100.0
2024-11-24,Potato,Rajpura,2000.0
2024-11-27,Potato,Rajpura,2000.0
2024-11-28,Potato,Rajpura,2200.0
2024-11-29,Potato,Rajpura,2000.0
2024-12-03,Potato,Rajpura,1900.0
2024-12-04,Potato,Rajpura,2250.0
2024-12-05,Potato,Rajpura,2100.0
2024-12-06,Potato,Rajpura,2200.0
2024-12-07,Potato,Rajpura,2200.0
2024-12-08,Potato,Rajpura,1900.0
2024-12-10,Potato,Rajpura,2000.0
2024-12-11,Potato,Rajpura,1700.0
2024-12-13,Potato,Rajpura,1500.0
2024-12-14,Potato,Rajpura,1500.0
2024-12-17,Potato,Rajpura,1200.0
2024-12-18,Potato,Rajpura,1300.0
2024-12-19,Potato,Rajpura,1400.0
2024-12-20,Potato,Rajpura,1400.0
2024-12-21,Potato,Rajpura,1200.0
2024-12-22,Potato,Rajpura,1300.0
2024-12-24,Potato,Rajpura,1200.0
2024-12-25,Potato,Rajpura,1200.0
2024-12-26,Potato,Rajpura,1100.0
2024-12-27,Potato,Rajpura,1000.0
2024-12-28,Potato,Rajpura,1000.0
2024-12-29,Potato,Rajpura,1000.0
2024-12-31,Potato,Rajpura,1000.0
2025-01-02,Potato,Rajpura,1000.0
2025-01-04,Potato,Rajpura,1000.0
2025-01-05,Potato,Rajpura,900.0
2025-01-07,Potato,Rajpura,900.0
2025-01-08,Potato,Rajpura,900.0
2025-01-09,Potato,Rajpura,1000.0
2025-01-10,Potato,Rajpura,1050.0
2025-01-11,Potato,Rajpura,1000.0
2025-01-12,Potato,Rajpura,900.0
2025-01-14,Potato,Rajpura,800.0
2025-01-15,Potato,Rajpura,850.0
2025-01-16,Potato,Rajpura,750.0
2025-01-17,Potato,Rajpura,900.0
2025-01-18,Potato,Rajpura,900.0
2025-01-19,Potato,Rajpura,900.0
2025-01-21,Potato,Rajpura,850.0
2025-01-22,Potato,Rajpura,600.0
2025-01-23,Potato,Rajpura,700.0
2025-01-24,Potato,Rajpura,800.0
2025-01-25,Potato,Rajpura,700.0
2025-01-26,Potato,Rajpura,800.0
2025-01-28,Potato,Rajpura,750.0
2025-01-30,Potato,Rajpura,600.0
2025-01-31,Potato,Rajpura,550.0
2025-02-01,Potato,Rajpura,700.0
2025-02-02,Potato,Rajpura,600.0
2025-02-04,Potato,Rajpura,650.0
2025-02-05,Potato,Rajpura,600.0
2025-02-06,Potato,Rajpura,600.0
2025-02-07,Potato,Rajpura,550.0
2025-02-08,Potato,Rajpura,500.0
2025-02-09,Potato,Rajpura,500.0
2025-02-11,Potato,Rajpura,550.0
2025-02-12,Potato,Rajpura,550.0
2025-02-13,Potato,Rajpura,500.0
2025-02-14,Potato,Rajpura,600.0
2025-02-15,Potato,Rajpura,650.0
2025-02-16,Potato,Rajpura,600.0
2025-02-18,Potato,Rajpura,550.0
2025-02-19,Potato,Rajpura,600.0
2025-02-20,Potato,Rajpura,550.0
2025-02-21,Potato,Rajpura,550.0
2025-02-22,Potato,Rajpura,550.0
2025-02-23,Potato,Rajpura,500.0
2025-02-25,Potato,Rajpura,500.0
2025-02-26,Potato,Rajpura,550.0
2025-02-27,Potato,Rajpura,500.0
2025-02-28,Potato,Rajpura,550.0
2025-03-01,Potato,Rajpura,500.0
2025-03-02,Potato,Rajpura,600.0
2025-03-04,Potato,Rajpura,550.0
2025-03-05,Potato,Rajpura,500.0
2025-03-07,Potato,Rajpura,500.0
2025-03-08,Potato,Rajpura,500.0
2025-03-09,Potato,Rajpura,550.0
2025-03-13,Potato,Rajpura,500.0
2025-03-14,Potato,Rajpura,550.0
2025-03-15,Potato,Rajpura,580.0
2025-03-16,Potato,Rajpura,550.0
2025-03-18,Potato,Rajpura,500.0
2025-03-19,Potato,Rajpura,570.0
2025-03-20,Potato,Rajpura,600.0
2025-03-21,Potato,Rajpura,550.0
2025-03-22,Potato,Rajpura,600.0
2025-03-23,Potato,Rajpura,600.0
2025-03-25,Potato,Rajpura,550.0
2025-03-26,Potato,Rajpura,500.0
2025-03-27,Potato,Rajpura,550.0
2025-03-28,Potato,Rajpura,550.0
2025-03-29,Potato,Rajpura,550.0
2025-03-30,Potato,Rajpura,500.0
2025-04-01,Potato,Rajpura,550.0
2025-04-02,Potato,Rajpura,500.0
2025-04-03,Potato,Rajpura,550.0
2025-04-04,Potato,Rajpura,550.0
2025-04-05,Potato,Rajpura,550.0
2025-04-06,Potato,Rajpura,550.0
2025-04-08,Potato,Rajpura,550.0
2025-04-09,Potato,Rajpura,550.0
2025-04-10,Potato,Rajpura,500.0
2025-04-11,Potato,Rajpura,590.0
2025-04-12,Potato,Rajpura,600.0
2025-04-13,Potato,Rajpura,600.0
2025-04-15,Potato,Rajpura,600.0
2025-04-17,Potato,Rajpura,550.0
2025-04-18,Potato,Rajpura,550.0
2025-04-19,Potato,Rajpura,600.0
2025-04-20,Potato,Rajpura,580.0
2025-04-22,Potato,Rajpura,500.0
2025-04-23,Potato,Rajpura,500.0
2025-04-24,Potato,Rajpura,550.0
2025-04-25,Potato,Rajpura,500.0
2025-04-26,Potato,Rajpura,550.0
2025-04-27,Potato,Rajpura,450.0
2025-04-28,Potato,Rajpura,500.0
2025-04-29,Potato,Rajpura,500.0
2025-04-30,Potato,Rajpura,550.0
2025-05-01,Potato,Rajpura,600.0
2025-05-02,Potato,Rajpura,550.0
2025-05-03,Potato,Rajpura,500.0
2025-05-04,Potato,Rajpura,500.0
2025-05-07,Potato,Rajpura,550.0
2025-05-08,Potato,Rajpura,450.0
2025-05-09,Potato,Rajpura,500.0
2025-05-10,Potato,Rajpura,550.0
2025-05-11,Potato,Rajpura,550.0
2025-05-13,Potato,Rajpura,500.0
2025-05-14,Potato,Rajpura,450.0
2025-05-15,Potato,Rajpura,550.0
2025-05-16,Potato,Rajpura,600.0
2025-05-17,Potato,Rajpura,550.0
2025-05-18,Potato,Rajpura,500.0
2025-05-20,Potato,Rajpura,500.0
2025-05-21,Potato,Rajpura,550.0
2025-05-23,Potato,Rajpura,550.0
2025-05-24,Potato,Rajpura,500.0
2025-05-25,Potato,Rajpura,500.0
2025-05-28,Potato,Rajpura,500.0
2025-05-29,Potato,Rajpura,600.0
2025-05-30,Potato,Rajpura,500.0
2025-05-31,Potato,Rajpura,550.0
2025-06-01,Potato,Rajpura,500.0
2025-06-04,Potato,Rajpura,500.0
2025-06-05,Potato,Rajpura,550.0
2025-06-07,Potato,Rajpura,550.0
2025-06-08,Potato,Rajpura,600.0
2025-06-12,Potato,Rajpura,610.0
2025-11-07,Potato,Rajpura,950.0
2025-11-11,Potato,Rajpura,900.0
2025-11-13,Potato,Rajpura,1200.0
2025-11-14,Potato,Rajpura,1200.0
2025-11-15,Potato,Rajpura,1100.0
2025-11-16,Potato,Rajpura,1100.0
2025-11-18,Potato,Rajpura,1150.0
2025-11-19,Potato,Rajpura,1100.0
2025-11-20,Potato,Rajpura,1100.0
2025-11-21,Potato,Rajpura,1050.0
2025-11-22,Potato,Rajpura,1050.0
2025-11-23,Potato,Rajpura,1100.0
2025-11-26,Potato,Rajpura,1050.0
2025-11-27,Potato,Rajpura,900.0
2025-11-28,Potato,Rajpura,900.0
2025-11-29,Potato,Rajpura,900.0
2025-11-30,Potato,Rajpura,1050.0
2025-12-02,Potato,Rajpura,1050.0
2025-12-03,Potato,Rajpura,900.0
2025-12-04,Potato,Rajpura,1050.0
2025-12-05,Potato,Rajpura,850.0
2025-12-06,Potato,Rajpura,950.0
2025-12-11,Potato,Rajpura,900.0
2025-12-14,Potato,Rajpura,850.0
2025-12-16,Potato,Rajpura,900.0
2025-12-17,Potato,Rajpura,900.0
2025-12-18,Potato,Rajpura,900.0
2025-12-19,Potato,Rajpura,850.0
2025-12-20,Potato,Rajpura,800.0
2025-12-21,Potato,Rajpura,900.0
2025-12-23,Potato,Rajpura,900.0
2025-12-25,Potato,Rajpura,850.0
2025-12-26,Potato,Rajpura,890.0
2025-12-27,Potato,Rajpura,900.0
2025-12-28,Potato,Rajpura,890.0
2025-12-30,Potato,Rajpura,850.0
2025-12-31,Potato,Rajpura,900.0
2026-01-01,Potato,Rajpura,900.0
2026-01-02,Potato,Rajpura,850.0
2026-01-03,Potato,Rajpura,850.0
2026-01-04,Potato,Rajpura,850.0
2026-01-06,Potato,Rajpura,750.0
2026-01-07,Potato,Rajpura,800.0
2026-01-08,Potato,Rajpura,800.0
2026-01-09,Potato,Rajpura,750.0
2026-01-10,Potato,Rajpura,750.0
2026-01-11,Potato,Rajpura,750.0
2026-01-13,Potato,Rajpura,750.0
2026-01-14,Potato,Rajpura,800.0
2026-01-15,Potato,Rajpura,750.0
2026-01-16,Potato,Rajpura,700.0
2026-01-17,Potato,Rajpura,550.0
2026-01-18,Potato,Rajpura,600.0
2026-01-20,Potato,Rajpura,600.0
2026-01-21,Potato,Rajpura,550.0
2026-01-22,Potato,Rajpura,500.0
2026-01-23,Potato,Rajpura,550.0
2026-01-24,Potato,Rajpura,600.0
2026-01-25,Potato,Rajpura,550.0
2026-01-27,Potato,Rajpura,600.0
2026-01-29,Potato,Rajpura,550.0
2026-01-30,Potato,Rajpura,550.0
2026-01-31,Potato,Rajpura,600.0
2026-02-01,Potato,Rajpura,650.0
2026-02-03,Potato,Rajpura,650.0
2026-02-04,Potato,Rajpura,600.0
2026-02-05,Potato,Rajpura,550.0
2026-02-06,Potato,Rajpura,550.0
2026-02-07,Potato,Rajpura,600.0
2026-02-08,Potato,Rajpura,600.0
2026-02-10,Potato,Rajpura,600.0
2026-02-12,Potato,Rajpura,600.0
2026-02-13,Potato,Rajpura,500.0
2026-02-15,Potato,Rajpura,600.0
2026-02-17,Potato,Rajpura,600.0
2026-02-18,Potato,Rajpura,600.0
2026-02-19,Potato,Rajpura,550.0
2026-02-20,Potato,Rajpura,550.0
2026-02-21,Potato,Rajpura,600.0
2026-02-22,Potato,Rajpura,550.0
2026-02-24,Potato,Rajpura,600.0
2026-02-25,Potato,Rajpura,500.0
2026-02-26,Potato,Rajpura,500.0
2026-02-27,Potato,Rajpura,500.0
2026-02-28,Potato,Rajpura,500.0
2026-03-01,Potato,Rajpura,500.0
2026-03-03,Potato,Rajpura,500.0
2026-03-04,Potato,Rajpura,500.0
2026-03-05,Potato,Rajpura,450.0
2026-03-07,Potato,Rajpura,500.0
2026-03-08,Potato,Rajpura,500.0
2026-03-10,Potato,Rajpura,550.0
2026-03-11,Potato,Rajpura,500.0
2026-03-12,Potato,Rajpura,500.0
2026-03-13,Potato,Rajpura,500.0
2026-03-14,Potato,Rajpura,500.0
2026-03-15,Potato,Rajpura,550.0
2026-03-17,Potato,Rajpura,550.0
2026-03-18,Potato,Rajpura,550.0
2026-03-19,Potato,Rajpura,600.0
2026-03-20,Potato,Rajpura,500.0
2026-03-21,Potato,Rajpura,550.0
2026-03-22,Potato,Rajpura,700.0
2026-03-24,Potato,Rajpura,550.0
2026-03-25,Potato,Rajpura,600.0
2026-03-26,Potato,Rajpura,600.0
2026-03-27,Potato,Rajpura,600.0
2026-03-28,Potato,Rajpura,550.0
2026-03-29,Potato,Rajpura,600.0
2026-03-31,Potato,Rajpura,600.0
2026-04-01,Potato,Rajpura,600.0
2026-04-02,Potato,Rajpura,550.0
2026-04-03,Potato,Rajpura,550.0
2026-04-04,Potato,Rajpura,650.0
2026-04-05,Potato,Rajpura,550.0
2026-04-08,Potato,Rajpura,550.0
2026-04-09,Potato,Rajpura,550.0
2026-04-10,Potato,Rajpura,550.0
2026-04-11,Potato,Rajpura,600.0
2026-04-12,Potato,Rajpura,600.0
2026-04-14,Potato,Rajpura,600.0
2026-04-15,Potato,Rajpura,550.0
2026-04-16,Potato,Rajpura,600.0
2026-04-17,Potato,Rajpura,600.0
2026-04-18,Potato,Rajpura,600.0
2026-04-19,Potato,Rajpura,600.0
2026-04-21,Potato,Rajpura,550.0
2026-04-22,Potato,Rajpura,550.0
2026-04-23,Potato,Rajpura,550.0
2026-04-24,Potato,Rajpura,600.0
2026-04-25,Potato,Rajpura,550.0
2026-04-26,Potato,Rajpura,550.0
2026-04-28,Potato,Rajpura,600.0
2026-04-29,Potato,Rajpura,600.0
2026-04-30,Potato,Rajpura,600.0
2026-05-02,Potato,Rajpura,600.0
2026-05-03,Potato,Rajpura,550.0
2026-05-05,Potato,Rajpura,550.0
2026-05-06,Potato,Rajpura,600.0
2026-05-07,Potato,Rajpura,550.0
2026-05-08,Potato,Rajpura,600.0
2026-05-09,Potato,Rajpura,600.0
2026-05-10,Potato,Rajpura,550.0
2026-05-12,Potato,Rajpura,600.0
2026-05-13,Potato,Rajpura,550.0
2026-05-14,Potato,Rajpura,600.0
2026-05-15,Potato,Rajpura,620.0
2026-05-16,Potato,Rajpura,600.0
2026-05-17,Potato,Rajpura,650.0
2026-05-19,Potato,Rajpura,650.0
2026-05-20,Potato,Rajpura,450.0
2026-05-21,Potato,Rajpura,650.0
2026-05-22,Potato,Rajpura,600.0
2026-05-23,Potato,Rajpura,600.0
2026-05-24,Potato,Rajpura,650.0
2026-05-26,Potato,Rajpura,620.0
2026-05-27,Potato,Rajpura,650.0
2026-05-28,Potato,Rajpura,600.0
2026-05-29,Potato,Rajpura,600.0
2026-05-30,Potato,Rajpura,600.0
2026-05-31,Potato,Rajpura,620.0
2026-06-02,Potato,Rajpura,600.0
2026-06-03,Potato,Rajpura,600.0
2026-06-04,Potato,Rajpura,600.0
2026-06-05,Potato,Rajpura,650.0
2026-06-07,Potato,Rajpura,680.0
2026-06-09,Potato,Rajpura,550.0
2026-06-10,Potato,Rajpura,550.0
2026-06-11,Potato,Rajpura,600.0
2026-06-12,Potato,Rajpura,630.0
2026-06-13,Potato,Rajpura,650.0
2026-06-14,Potato,Rajpura,650.0
2026-06-16,Potato,Rajpura,650.0
2026-06-17,Potato,Rajpura,650.0
2026-06-18,Potato,Rajpura,650.0
2026-06-19,Potato,Rajpura,700.0
2026-06-20,Potato,Rajpura,630.0
2026-06-21,Potato,Rajpura,620.0
2026-06-23,Potato,Rajpura,620.0
2026-06-24,Potato,Rajpura,650.0
2026-06-25,Potato,Rajpura,410.0
2026-06-26,Potato,Rajpura,370.0
2026-06-28,Potato,Rajpura,600.0
2026-06-30,Potato,Rajpura,690.0
2026-07-01,Potato,Rajpura,650.0
2026-07-02,Potato,Rajpura,650.0
2026-07-03,Potato,Rajpura,650.0
2026-07-04,Potato,Rajpura,550.0
2026-07-05,Potato,Rajpura,655.0
2026-07-07,Potato,Rajpura,730.0
2026-07-08,Potato,Rajpura,500.0
2026-07-09,Potato,Rajpura,650.0
2026-07-10,Potato,Rajpura,690.0
2026-07-11,Potato,Rajpura,550.0
2026-07-14,Potato,Rajpura,640.0
2026-07-15,Potato,Rajpura,650.0
2026-07-16,Potato,Rajpura,650.0
2026-07-18,Potato,Rajpura,690.0
2026-07-19,Potato,Rajpura,700.0
2026-07-21,Potato,Rajpura,600.0
2026-07-22,Potato,Rajpura,600.0
2026-07-23,Potato,Rajpura,800.0
2026-07-24,Potato,Rajpura,850.0
2026-07-25,Potato,Rajpura,900.0
2026-07-26,Potato,Rajpura,680.0
2026-07-29,Potato,Rajpura,800.0
2026-07-30,Potato,Rajpura,800.0
2026-07-31,Potato,Rajpura,800.0
2026-08-01,Potato,Rajpura,800.0
2026-08-02,Potato,Rajpura,800.0
2026-08-04,Potato,Rajpura,800.0
2026-08-05,Potato,Rajpura,850.0
2026-08-06,Potato,Rajpura,850.0
2026-08-07,Potato,Rajpura,850.0
2026-08-08,Potato,Rajpura,850.0
2026-08-09,Potato,Rajpura,800.0
2026-08-11,Potato,Rajpura,860.0
2026-08-12,Potato,Rajpura,700.0
2026-08-13,Potato,Rajpura,850.0
2026-08-15,Potato,Rajpura,800.0
2026-08-16,Potato,Rajpura,700.0
2026-08-18,Potato,Rajpura,850.0
2026-08-19,Potato,Rajpura,700.0
2026-08-20,Potato,Rajpura,770.0
2026-08-21,Potato,Rajpura,790.0
2026-08-22,Potato,Rajpura,800.0
2026-08-23,Potato,Rajpura,770.0
2026-08-25,Potato,Rajpura,800.0
2026-08-26,Potato,Rajpura,800.0
2026-08-27,Potato,Rajpura,850.0
2023-06-06,Potato,Rayya,800.0
2023-06-07,Potato,Rayya,900.0
2023-06-08,Potato,Rayya,800.0
2023-06-09,Potato,Rayya,800.0
2023-06-10,Potato,Rayya,800.0
2023-06-12,Potato,Rayya,800.0
2023-06-13,Potato,Rayya,800.0
2023-06-14,Potato,Rayya,800.0
2023-06-15,Potato,Rayya,800.0
2023-06-16,Potato,Rayya,800.0
2023-06-17,Potato,Rayya,800.0
2023-06-19,Potato,Rayya,700.0
2023-06-20,Potato,Rayya,700.0
2023-06-21,Potato,Rayya,700.0
2023-06-22,Potato,Rayya,700.0
2023-06-23,Potato,Rayya,700.0
2023-06-24,Potato,Rayya,800.0
2023-06-26,Potato,Rayya,800.0
2023-06-27,Potato,Rayya,800.0
2023-06-28,Potato,Rayya,700.0
2023-06-29,Potato,Rayya,700.0
2023-06-30,Potato,Rayya,800.0
2023-07-01,Potato,Rayya,800.0
2023-07-03,Potato,Rayya,700.0
2023-07-04,Potato,Rayya,700.0
2023-07-05,Potato,Rayya,800.0
2023-07-06,Potato,Rayya,800.0
2023-07-07,Potato,Rayya,800.0
2023-07-08,Potato,Rayya,800.0
2023-07-10,Potato,Rayya,800.0
2023-07-11,Potato,Rayya,800.0
2023-07-12,Potato,Rayya,800.0
2023-07-13,Potato,Rayya,1000.0
2023-07-14,Potato,Rayya,900.0
2023-07-15,Potato,Rayya,900.0
2023-07-17,Potato,Rayya,1200.0
2023-07-18,Potato,Rayya,1300.0
2023-07-19,Potato,Rayya,1500.0
2023-07-20,Potato,Rayya,1500.0
2023-07-21,Potato,Rayya,1500.0
2023-07-22,Potato,Rayya,1500.0
2023-07-24,Potato,Rayya,1700.0
2023-07-25,Potato,Rayya,1600.0
2023-07-26,Potato,Rayya,1700.0
2023-07-27,Potato,Rayya,1800.0
2023-07-28,Potato,Rayya,1700.0
2023-07-29,Potato,Rayya,1700.0
2023-07-31,Potato,Rayya,1600.0
2023-08-01,Potato,Rayya,1500.0
2023-08-02,Potato,Rayya,1600.0
2023-08-03,Potato,Rayya,1800.0
2023-08-04,Potato,Rayya,1600.0
2023-08-05,Potato,Rayya,1700.0
2023-08-07,Potato,Rayya,1800.0
2023-08-08,Potato,Rayya,1500.0
2023-08-09,Potato,Rayya,1500.0
2023-08-10,Potato,Rayya,1700.0
2023-08-11,Potato,Rayya,1800.0
2023-08-12,Potato,Rayya,1500.0
2023-08-14,Potato,Rayya,1600.0
2023-08-15,Potato,Rayya,1700.0
2023-08-16,Potato,Rayya,1700.0
2023-08-17,Potato,Rayya,1600.0
2023-08-18,Potato,Rayya,1600.0
2023-08-19,Potato,Rayya,1600.0
2023-08-21,Potato,Rayya,1700.0
2023-08-22,Potato,Rayya,1600.0
2023-08-25,Potato,Rayya,1700.0
2023-08-26,Potato,Rayya,1600.0
2023-08-28,Potato,Rayya,1600.0
2023-08-29,Potato,Rayya,1700.0
2023-08-30,Potato,Rayya,1600.0
2023-09-01,Potato,Rayya,1600.0
2023-09-02,Potato,Rayya,1600.0
2023-09-04,Potato,Rayya,1700.0
2023-09-06,Potato,Rayya,1700.0
2023-09-07,Potato,Rayya,1700.0
2023-09-08,Potato,Rayya,1600.0
2023-09-09,Potato,Rayya,1800.0
2023-09-11,Potato,Rayya,1700.0
2023-09-12,Potato,Rayya,1700.0
2023-09-13,Potato,Rayya,1700.0
2023-09-14,Potato,Rayya,1700.0
2023-09-15,Potato,Rayya,1800.0
2023-09-16,Potato,Rayya,1800.0
2023-09-18,Potato,Rayya,1800.0
2023-09-19,Potato,Rayya,1900.0
2023-09-20,Potato,Rayya,1800.0
2023-09-21,Potato,Rayya,1700.0
2023-09-22,Potato,Rayya,1800.0
2023-09-23,Potato,Rayya,1800.0
2023-09-25,Potato,Rayya,1700.0
2023-09-26,Potato,Rayya,1600.0
2023-09-27,Potato,Rayya,1600.0
2023-09-28,Potato,Rayya,1800.0
2023-09-29,Potato,Rayya,1600.0
2023-09-30,Potato,Rayya,1600.0
2023-10-02,Potato,Rayya,1800.0
2023-10-04,Potato,Rayya,1800.0
2023-10-05,Potato,Rayya,1800.0
2023-10-06,Potato,Rayya,1800.0
2023-10-07,Potato,Rayya,1700.0
2023-10-09,Potato,Rayya,1800.0
2023-10-10,Potato,Rayya,1700.0
2023-10-11,Potato,Rayya,1800.0
2023-10-12,Potato,Rayya,1600.0
2023-10-13,Potato,Rayya,1600.0
2023-10-14,Potato,Rayya,1600.0
2023-10-16,Potato,Rayya,1800.0
2023-10-17,Potato,Rayya,1700.0
2023-10-18,Potato,Rayya,1700.0
2023-10-19,Potato,Rayya,1800.0
2023-10-20,Potato,Rayya,1700.0
2023-10-21,Potato,Rayya,1800.0
2023-10-23,Potato,Rayya,1800.0
2023-10-24,Potato,Rayya,1700.0
2023-10-25,Potato,Rayya,1800.0
2023-10-26,Potato,Rayya,1700.0
2023-10-27,Potato,Rayya,1600.0
2023-10-28,Potato,Rayya,1800.0
2023-10-31,Potato,Rayya,1500.0
2023-11-01,Potato,Rayya,1800.0
2023-11-02,Potato,Rayya,1800.0
2023-11-03,Potato,Rayya,1800.0
2023-11-04,Potato,Rayya,1800.0
2023-11-06,Potato,Rayya,1700.0
2023-11-07,Potato,Rayya,1800.0
2023-11-08,Potato,Rayya,1700.0
2023-11-09,Potato,Rayya,1900.0
2023-11-10,Potato,Rayya,1700.0
2023-11-11,Potato,Rayya,1800.0
2023-11-13,Potato,Rayya,1800.0
2023-11-14,Potato,Rayya,1800.0
2023-11-15,Potato,Rayya,1700.0
2023-11-16,Potato,Rayya,1700.0
2023-11-17,Potato,Rayya,1800.0
2023-11-18,Potato,Rayya,1900.0
2023-11-20,Potato,Rayya,1600.0
2023-11-21,Potato,Rayya,1800.0
2023-11-22,Potato,Rayya,1700.0
2023-11-23,Potato,Rayya,1700.0
2023-11-24,Potato,Rayya,1600.0
2023-11-25,Potato,Rayya,1800.0
2023-11-27,Potato,Rayya,1500.0
2023-11-29,Potato,Rayya,1800.0
2023-11-30,Potato,Rayya,1800.0
2023-12-01,Potato,Rayya,1800.0
2023-12-02,Potato,Rayya,900.0
2023-12-04,Potato,Rayya,1000.0
2023-12-05,Potato,Rayya,900.0
2023-12-06,Potato,Rayya,800.0
2023-12-07,Potato,Rayya,700.0
2023-12-08,Potato,Rayya,800.0
2023-12-09,Potato,Rayya,800.0
2023-12-11,Potato,Rayya,700.0
2023-12-12,Potato,Rayya,800.0
2023-12-14,Potato,Rayya,900.0
2023-12-15,Potato,Rayya,700.0
2023-12-16,Potato,Rayya,700.0
2023-12-18,Potato,Rayya,700.0
2023-12-19,Potato,Rayya,800.0
2023-12-20,Potato,Rayya,700.0
2023-12-21,Potato,Rayya,800.0
2023-12-22,Potato,Rayya,800.0
2023-12-23,Potato,Rayya,800.0
2023-12-25,Potato,Rayya,800.0
2023-12-26,Potato,Rayya,700.0
2023-12-27,Potato,Rayya,800.0
2023-12-28,Potato,Rayya,800.0
2023-12-29,Potato,Rayya,800.0
2023-12-30,Potato,Rayya,800.0
2024-01-01,Potato,Rayya,700.0
2024-01-02,Potato,Rayya,700.0
2024-01-03,Potato,Rayya,700.0
2024-01-04,Potato,Rayya,800.0
2024-01-05,Potato,Rayya,700.0
2024-01-06,Potato,Rayya,800.0
2024-01-08,Potato,Rayya,700.0
2024-01-09,Potato,Rayya,700.0
2024-01-10,Potato,Rayya,800.0
2024-01-11,Potato,Rayya,800.0
2024-01-12,Potato,Rayya,800.0
2024-01-13,Potato,Rayya,700.0
2024-01-15,Potato,Rayya,700.0
2024-01-16,Potato,Rayya,800.0
2024-01-17,Potato,Rayya,800.0
2024-01-18,Potato,Rayya,800.0
2024-01-19,Potato,Rayya,800.0
2024-01-20,Potato,Rayya,800.0
2024-01-22,Potato,Rayya,800.0
2024-01-23,Potato,Rayya,800.0
2024-01-24,Potato,Rayya,800.0
2024-01-25,Potato,Rayya,800.0
2024-01-26,Potato,Rayya,800.0
2024-01-27,Potato,Rayya,800.0
2024-01-29,Potato,Rayya,800.0
2024-01-30,Potato,Rayya,800.0
2024-01-31,Potato,Rayya,800.0
2024-02-01,Potato,Rayya,800.0
2024-02-02,Potato,Rayya,800.0
2024-02-03,Potato,Rayya,800.0
2024-02-05,Potato,Rayya,800.0
2024-02-06,Potato,Rayya,800.0
2024-02-07,Potato,Rayya,800.0
2024-02-08,Potato,Rayya,800.0
2024-02-09,Potato,Rayya,800.0
2024-02-10,Potato,Rayya,800.0
2024-02-12,Potato,Rayya,800.0
2024-02-13,Potato,Rayya,800.0
2024-02-14,Potato,Rayya,800.0
2024-02-15,Potato,Rayya,800.0
2024-02-16,Potato,Rayya,700.0
2024-02-17,Potato,Rayya,800.0
2024-02-19,Potato,Rayya,800.0
2024-02-20,Potato,Rayya,800.0
2024-02-21,Potato,Rayya,800.0
2024-02-22,Potato,Rayya,800.0
2024-02-23,Potato,Rayya,800.0
2024-02-24,Potato,Rayya,800.0
2024-02-26,Potato,Rayya,700.0
2024-02-27,Potato,Rayya,800.0
2024-02-28,Potato,Rayya,800.0
2024-02-29,Potato,Rayya,800.0
2024-03-01,Potato,Rayya,700.0
2024-03-02,Potato,Rayya,800.0
2024-03-04,Potato,Rayya,800.0
2024-03-05,Potato,Rayya,800.0
2024-03-06,Potato,Rayya,700.0
2024-03-07,Potato,Rayya,800.0
2024-03-08,Potato,Rayya,800.0
2024-03-09,Potato,Rayya,800.0
2024-03-11,Potato,Rayya,800.0
2024-03-12,Potato,Rayya,800.0
2024-03-13,Potato,Rayya,800.0
2024-03-15,Potato,Rayya,800.0
2024-03-16,Potato,Rayya,800.0
2024-03-18,Potato,Rayya,700.0
2024-03-19,Potato,Rayya,700.0
2024-03-20,Potato,Rayya,800.0
2024-03-21,Potato,Rayya,800.0
2024-03-22,Potato,Rayya,800.0
2024-03-23,Potato,Rayya,900.0
2024-03-25,Potato,Rayya,800.0
2024-03-26,Potato,Rayya,800.0
2024-03-27,Potato,Rayya,800.0
2024-03-28,Potato,Rayya,800.0
2024-03-29,Potato,Rayya,700.0
2024-03-30,Potato,Rayya,800.0
2024-04-01,Potato,Rayya,800.0
2024-04-02,Potato,Rayya,800.0
2024-04-03,Potato,Rayya,800.0
2024-04-04,Potato,Rayya,800.0
2024-04-05,Potato,Rayya,800.0
2024-04-06,Potato,Rayya,700.0
2024-04-08,Potato,Rayya,700.0
2024-04-09,Potato,Rayya,800.0
2024-04-10,Potato,Rayya,800.0
2024-04-11,Potato,Rayya,800.0
2024-04-13,Potato,Rayya,800.0
2024-04-15,Potato,Rayya,800.0
2024-04-16,Potato,Rayya,800.0
2024-04-17,Potato,Rayya,700.0
2024-04-18,Potato,Rayya,700.0
2024-04-19,Potato,Rayya,800.0
2024-04-20,Potato,Rayya,700.0
2024-04-22,Potato,Rayya,800.0
2024-04-23,Potato,Rayya,700.0
2024-04-24,Potato,Rayya,700.0
2024-04-25,Potato,Rayya,700.0
2024-04-26,Potato,Rayya,800.0
2024-04-27,Potato,Rayya,800.0
2024-04-29,Potato,Rayya,700.0
2024-04-30,Potato,Rayya,800.0
2024-05-01,Potato,Rayya,800.0
2024-05-02,Potato,Rayya,800.0
2024-05-03,Potato,Rayya,800.0
2024-05-04,Potato,Rayya,800.0
2024-05-06,Potato,Rayya,800.0
2024-05-07,Potato,Rayya,800.0
2024-05-08,Potato,Rayya,800.0
2024-05-09,Potato,Rayya,800.0
2024-05-10,Potato,Rayya,800.0
2024-05-11,Potato,Rayya,800.0
2024-05-13,Potato,Rayya,700.0
2024-05-14,Potato,Rayya,800.0
2024-05-15,Potato,Rayya,800.0
2024-05-16,Potato,Rayya,800.0
2024-05-17,Potato,Rayya,800.0
2024-05-18,Potato,Rayya,800.0
2024-05-20,Potato,Rayya,800.0
2024-05-21,Potato,Rayya,800.0
2024-05-22,Potato,Rayya,800.0
2024-05-23,Potato,Rayya,800.0
2024-05-24,Potato,Rayya,800.0
2024-05-25,Potato,Rayya,800.0
2024-05-27,Potato,Rayya,800.0
2024-05-28,Potato,Rayya,700.0
2024-05-29,Potato,Rayya,700.0
2024-05-30,Potato,Rayya,700.0
2024-06-03,Potato,Rayya,700.0
2024-06-04,Potato,Rayya,700.0
2024-06-05,Potato,Rayya,700.0
2024-06-06,Potato,Rayya,700.0
2024-06-07,Potato,Rayya,700.0
2024-06-08,Potato,Rayya,700.0
2024-06-10,Potato,Rayya,800.0
2024-06-11,Potato,Rayya,800.0
2024-06-13,Potato,Rayya,800.0
2024-06-14,Potato,Rayya,800.0
2024-06-15,Potato,Rayya,800.0
2024-06-17,Potato,Rayya,800.0
2024-06-18,Potato,Rayya,800.0
2024-06-19,Potato,Rayya,800.0
2024-06-20,Potato,Rayya,800.0
2024-06-21,Potato,Rayya,800.0
2024-06-22,Potato,Rayya,800.0
2024-06-24,Potato,Rayya,900.0
2024-06-25,Potato,Rayya,1200.0
2024-06-26,Potato,Rayya,800.0
2024-06-27,Potato,Rayya,1000.0
2024-06-28,Potato,Rayya,1000.0
2024-06-29,Potato,Rayya,800.0
2024-07-01,Potato,Rayya,900.0
2024-07-02,Potato,Rayya,900.0
2024-07-03,Potato,Rayya,900.0
2024-07-04,Potato,Rayya,900.0
2024-07-05,Potato,Rayya,800.0
2024-07-06,Potato,Rayya,900.0
2024-07-08,Potato,Rayya,900.0
2024-07-10,Potato,Rayya,900.0
2024-07-11,Potato,Rayya,900.0
2024-07-13,Potato,Rayya,900.0
2024-07-15,Potato,Rayya,900.0
2024-07-16,Potato,Rayya,800.0
2024-07-17,Potato,Rayya,900.0
2024-07-18,Potato,Rayya,900.0
2024-07-19,Potato,Rayya,800.0
2024-07-20,Potato,Rayya,900.0
2024-07-22,Potato,Rayya,900.0
2024-07-24,Potato,Rayya,1500.0
2024-07-25,Potato,Rayya,1400.0
2024-07-26,Potato,Rayya,2500.0
2024-07-27,Potato,Rayya,1500.0
2024-07-29,Potato,Rayya,1800.0
2024-07-30,Potato,Rayya,1600.0
2024-07-31,Potato,Rayya,1600.0
2024-08-01,Potato,Rayya,1500.0
2024-08-02,Potato,Rayya,1800.0
2024-08-03,Potato,Rayya,1800.0
2024-08-05,Potato,Rayya,1800.0
2024-08-06,Potato,Rayya,1800.0
2024-08-07,Potato,Rayya,1900.0
2024-08-08,Potato,Rayya,1800.0
2024-08-09,Potato,Rayya,1800.0
2024-08-10,Potato,Rayya,1600.0
2024-08-12,Potato,Rayya,1600.0
2024-08-13,Potato,Rayya,1600.0
2024-08-14,Potato,Rayya,1700.0
2024-08-15,Potato,Rayya,2000.0
2024-08-16,Potato,Rayya,2400.0
2024-08-17,Potato,Rayya,2100.0
2024-08-18,Potato,Rayya,1900.0
2024-08-19,Potato,Rayya,1500.0
2024-08-20,Potato,Rayya,1700.0
2024-08-21,Potato,Rayya,1900.0
2024-08-22,Potato,Rayya,1800.0
2024-08-23,Potato,Rayya,1900.0
2024-08-24,Potato,Rayya,2000.0
2024-08-26,Potato,Rayya,2100.0
2024-08-27,Potato,Rayya,1700.0
2024-08-28,Potato,Rayya,1900.0
2024-08-29,Potato,Rayya,1900.0
2024-08-30,Potato,Rayya,2000.0
2024-08-31,Potato,Rayya,1900.0
2024-09-02,Potato,Rayya,1900.0
2024-09-03,Potato,Rayya,2000.0
2024-09-04,Potato,Rayya,2200.0
2024-09-05,Potato,Rayya,2500.0
2024-09-06,Potato,Rayya,2400.0
2024-09-07,Potato,Rayya,2000.0
2024-09-09,Potato,Rayya,2000.0
2024-09-11,Potato,Rayya,2000.0
2024-09-12,Potato,Rayya,2000.0
2024-09-13,Potato,Rayya,2000.0
2024-09-14,Potato,Rayya,2000.0
2024-09-16,Potato,Rayya,2000.0
2024-09-17,Potato,Rayya,2100.0
2024-09-18,Potato,Rayya,2000.0
2024-09-19,Potato,Rayya,2000.0
2024-09-20,Potato,Rayya,2000.0
2024-09-21,Potato,Rayya,2000.0
2024-09-22,Potato,Rayya,2000.0
2024-09-23,Potato,Rayya,2000.0
2024-09-24,Potato,Rayya,1900.0
2024-09-25,Potato,Rayya,2200.0
2024-09-26,Potato,Rayya,2000.0
2024-09-27,Potato,Rayya,2500.0
2024-09-28,Potato,Rayya,2300.0
2024-09-30,Potato,Rayya,2200.0
2024-10-01,Potato,Rayya,2000.0
2024-10-02,Potato,Rayya,2200.0
2024-10-03,Potato,Rayya,2200.0
2024-10-04,Potato,Rayya,2000.0
2024-10-05,Potato,Rayya,2200.0
2024-10-07,Potato,Rayya,2000.0
2024-10-08,Potato,Rayya,2000.0
2024-10-09,Potato,Rayya,2100.0
2024-10-10,Potato,Rayya,2000.0
2024-10-11,Potato,Rayya,2200.0
2024-10-12,Potato,Rayya,2000.0
2024-10-14,Potato,Rayya,2500.0
2024-10-15,Potato,Rayya,2800.0
2024-10-16,Potato,Rayya,2800.0
2024-10-17,Potato,Rayya,2800.0
2024-10-18,Potato,Rayya,2500.0
2024-10-19,Potato,Rayya,2500.0
2024-10-21,Potato,Rayya,2800.0
2024-10-22,Potato,Rayya,2500.0
2024-10-24,Potato,Rayya,2800.0
2024-10-25,Potato,Rayya,2500.0
2024-10-26,Potato,Rayya,2600.0
2024-10-28,Potato,Rayya,2800.0
2024-10-29,Potato,Rayya,2800.0
2024-10-30,Potato,Rayya,2800.0
2024-10-31,Potato,Rayya,2500.0
2024-11-01,Potato,Rayya,2700.0
2024-11-02,Potato,Rayya,2500.0
2024-11-04,Potato,Rayya,2700.0
2024-11-05,Potato,Rayya,2900.0
2024-11-06,Potato,Rayya,2800.0
2024-11-07,Potato,Rayya,2000.0
2024-11-08,Potato,Rayya,2400.0
2024-11-09,Potato,Rayya,2200.0
2024-11-11,Potato,Rayya,3000.0
2024-11-12,Potato,Rayya,3500.0
2024-11-13,Potato,Rayya,3500.0
2024-11-14,Potato,Rayya,3800.0
2024-11-18,Potato,Rayya,2800.0
2024-11-19,Potato,Rayya,2800.0
2024-11-20,Potato,Rayya,2600.0
2024-11-22,Potato,Rayya,2800.0
2024-11-23,Potato,Rayya,1300.0
2024-11-25,Potato,Rayya,2000.0
2024-11-26,Potato,Rayya,3000.0
2024-11-27,Potato,Rayya,3000.0
2024-11-28,Potato,Rayya,2600.0
2024-11-29,Potato,Rayya,2300.0
2024-12-02,Potato,Rayya,2600.0
2024-12-03,Potato,Rayya,2800.0
2024-12-04,Potato,Rayya,2500.0
2024-12-05,Potato,Rayya,2200.0
2024-12-06,Potato,Rayya,2500.0
2024-12-07,Potato,Rayya,2500.0
2024-12-09,Potato,Rayya,2700.0
2024-12-10,Potato,Rayya,2400.0
2024-12-12,Potato,Rayya,2200.0
2024-12-13,Potato,Rayya,2000.0
2024-12-14,Potato,Rayya,2000.0
2024-12-16,Potato,Rayya,2000.0
2024-12-17,Potato,Rayya,2000.0
2024-12-18,Potato,Rayya,2100.0
2024-12-19,Potato,Rayya,2000.0
2024-12-20,Potato,Rayya,1800.0
2024-12-21,Potato,Rayya,2000.0
2024-12-23,Potato,Rayya,2000.0
2024-12-24,Potato,Rayya,1600.0
2024-12-25,Potato,Rayya,1800.0
2024-12-26,Potato,Rayya,2000.0
2024-12-27,Potato,Rayya,1800.0
2024-12-28,Potato,Rayya,2000.0
2024-12-31,Potato,Rayya,1800.0
2025-01-01,Potato,Rayya,1500.0
2025-01-02,Potato,Rayya,1500.0
2025-01-03,Potato,Rayya,1600.0
2025-01-04,Potato,Rayya,1600.0
2025-01-06,Potato,Rayya,1600.0
2025-01-07,Potato,Rayya,1700.0
2025-01-08,Potato,Rayya,1700.0
2025-01-09,Potato,Rayya,1500.0
2025-01-10,Potato,Rayya,1500.0
2025-01-11,Potato,Rayya,1500.0
2025-01-13,Potato,Rayya,1400.0
2025-01-14,Potato,Rayya,1400.0
2025-01-15,Potato,Rayya,1400.0
2025-01-16,Potato,Rayya,1300.0
2025-01-17,Potato,Rayya,1500.0
2025-01-18,Potato,Rayya,1400.0
2025-01-20,Potato,Rayya,1400.0
2025-01-21,Potato,Rayya,1400.0
2025-01-22,Potato,Rayya,1300.0
2025-01-23,Potato,Rayya,1400.0
2025-01-24,Potato,Rayya,1300.0
2025-01-25,Potato,Rayya,1300.0
2025-01-27,Potato,Rayya,1200.0
2025-01-28,Potato,Rayya,1300.0
2025-01-29,Potato,Rayya,1400.0
2025-01-30,Potato,Rayya,1200.0
2025-01-31,Potato,Rayya,1200.0
2025-02-01,Potato,Rayya,1200.0
2025-02-03,Potato,Rayya,800.0
2025-02-04,Potato,Rayya,1200.0
2025-02-05,Potato,Rayya,1950.0
2025-02-06,Potato,Rayya,1900.0
2025-02-07,Potato,Rayya,1800.0
2025-02-08,Potato,Rayya,1550.0
2025-02-10,Potato,Rayya,1200.0
2025-02-11,Potato,Rayya,1300.0
2025-02-12,Potato,Rayya,1350.0
2025-02-13,Potato,Rayya,1350.0
2025-02-14,Potato,Rayya,1350.0
2025-02-15,Potato,Rayya,900.0
2025-02-17,Potato,Rayya,1250.0
2025-02-18,Potato,Rayya,1200.0
2025-02-19,Potato,Rayya,1200.0
2025-02-20,Potato,Rayya,1150.0
2025-02-21,Potato,Rayya,900.0
2025-02-22,Potato,Rayya,1050.0
2025-02-24,Potato,Rayya,1400.0
2025-02-25,Potato,Rayya,1400.0
2025-02-26,Potato,Rayya,1000.0
2025-02-27,Potato,Rayya,1300.0
2025-02-28,Potato,Rayya,1300.0
2025-03-01,Potato,Rayya,800.0
2025-03-03,Potato,Rayya,1000.0
2025-03-04,Potato,Rayya,1150.0
2025-03-05,Potato,Rayya,1300.0
2025-03-06,Potato,Rayya,1200.0
2025-03-07,Potato,Rayya,1100.0
2025-03-08,Potato,Rayya,1200.0
2025-03-10,Potato,Rayya,1400.0
2025-03-11,Potato,Rayya,1100.0
2025-03-12,Potato,Rayya,1100.0
2025-03-13,Potato,Rayya,1050.0
2025-03-14,Potato,Rayya,1050.0
2025-03-15,Potato,Rayya,1000.0
2025-03-17,Potato,Rayya,1200.0
2025-03-18,Potato,Rayya,1000.0
2025-03-19,Potato,Rayya,1000.0
2025-03-20,Potato,Rayya,900.0
2025-03-21,Potato,Rayya,800.0
2025-03-22,Potato,Rayya,950.0
2025-03-24,Potato,Rayya,1300.0
2025-03-25,Potato,Rayya,1000.0
2025-03-26,Potato,Rayya,1000.0
2025-03-27,Potato,Rayya,1000.0
2025-03-28,Potato,Rayya,1300.0
2025-03-29,Potato,Rayya,1000.0
2025-03-30,Potato,Rayya,1050.0
2025-03-31,Potato,Rayya,1050.0
2025-04-02,Potato,Rayya,950.0
2025-04-03,Potato,Rayya,1000.0
2025-04-04,Potato,Rayya,1000.0
2025-04-05,Potato,Rayya,950.0
2025-04-07,Potato,Rayya,1000.0
2025-04-08,Potato,Rayya,1050.0
2025-04-09,Potato,Rayya,1000.0
2025-04-10,Potato,Rayya,800.0
2025-04-11,Potato,Rayya,1050.0
2025-04-16,Potato,Rayya,800.0
2025-04-17,Potato,Rayya,1200.0
2025-04-18,Potato,Rayya,700.0
2025-04-19,Potato,Rayya,700.0
2025-04-21,Potato,Rayya,900.0
2025-04-22,Potato,Rayya,800.0
2025-04-23,Potato,Rayya,1000.0
2025-04-24,Potato,Rayya,850.0
2025-04-25,Potato,Rayya,850.0
2025-04-26,Potato,Rayya,900.0
2025-04-28,Potato,Rayya,800.0
2025-04-29,Potato,Rayya,1000.0
2025-04-30,Potato,Rayya,1050.0
2025-05-01,Potato,Rayya,1000.0
2025-05-02,Potato,Rayya,850.0
2025-05-03,Potato,Rayya,800.0
2025-05-05,Potato,Rayya,900.0
2025-05-06,Potato,Rayya,1200.0
2025-05-07,Potato,Rayya,900.0
2025-05-08,Potato,Rayya,1200.0
2025-05-09,Potato,Rayya,1400.0
2025-05-10,Potato,Rayya,1200.0
2025-05-12,Potato,Rayya,850.0
2025-05-13,Potato,Rayya,800.0
2025-05-14,Potato,Rayya,800.0
2025-05-15,Potato,Rayya,900.0
2025-05-16,Potato,Rayya,900.0
2025-05-17,Potato,Rayya,950.0
2025-05-19,Potato,Rayya,1000.0
2025-05-20,Potato,Rayya,850.0
2025-05-21,Potato,Rayya,700.0
2025-05-22,Potato,Rayya,800.0
2025-05-23,Potato,Rayya,800.0
2025-05-24,Potato,Rayya,800.0
2025-05-26,Potato,Rayya,800.0
2025-05-27,Potato,Rayya,800.0
2025-05-28,Potato,Rayya,850.0
2025-05-29,Potato,Rayya,850.0
2025-05-30,Potato,Rayya,800.0
2025-05-31,Potato,Rayya,900.0
2025-06-02,Potato,Rayya,800.0
2025-06-03,Potato,Rayya,850.0
2025-06-04,Potato,Rayya,900.0
2025-06-05,Potato,Rayya,950.0
2025-06-06,Potato,Rayya,900.0
2025-06-07,Potato,Rayya,900.0
2025-06-09,Potato,Rayya,800.0
2025-06-10,Potato,Rayya,800.0
2025-06-11,Potato,Rayya,800.0
2025-06-12,Potato,Rayya,680.0
2025-06-13,Potato,Rayya,690.0
2025-11-12,Potato,Rayya,1200.0
2025-11-13,Potato,Rayya,1400.0
2025-11-14,Potato,Rayya,1400.0
2025-11-15,Potato,Rayya,1300.0
2025-11-17,Potato,Rayya,1100.0
2025-11-18,Potato,Rayya,1100.0
2025-11-19,Potato,Rayya,1100.0
2025-11-20,Potato,Rayya,1250.0
2025-11-21,Potato,Rayya,1000.0
2025-11-22,Potato,Rayya,1200.0
2025-11-24,Potato,Rayya,1200.0
2025-11-25,Potato,Rayya,1200.0
2025-11-27,Potato,Rayya,850.0
2025-11-28,Potato,Rayya,900.0
2025-11-29,Potato,Rayya,800.0
2025-12-01,Potato,Rayya,800.0
2025-12-02,Potato,Rayya,800.0
2025-12-03,Potato,Rayya,800.0
2025-12-04,Potato,Rayya,1100.0
2025-12-05,Potato,Rayya,800.0
2025-12-06,Potato,Rayya,800.0
2025-12-08,Potato,Rayya,750.0
2025-12-09,Potato,Rayya,700.0
2025-12-10,Potato,Rayya,700.0
2025-12-11,Potato,Rayya,650.0
2025-12-12,Potato,Rayya,720.0
2025-12-13,Potato,Rayya,650.0
2025-12-15,Potato,Rayya,600.0
2025-12-16,Potato,Rayya,620.0
2025-12-17,Potato,Rayya,640.0
2025-12-18,Potato,Rayya,630.0
2025-12-19,Potato,Rayya,620.0
2025-12-20,Potato,Rayya,620.0
2025-12-22,Potato,Rayya,610.0
2025-12-23,Potato,Rayya,605.0
2025-12-24,Potato,Rayya,610.0
2025-12-25,Potato,Rayya,610.0
2025-12-26,Potato,Rayya,580.0
2025-12-27,Potato,Rayya,580.0
2025-12-29,Potato,Rayya,580.0
2025-12-30,Potato,Rayya,585.0
2025-12-31,Potato,Rayya,580.0
2026-01-01,Potato,Rayya,575.0
2026-01-02,Potato,Rayya,545.0
2026-01-03,Potato,Rayya,520.0
2026-01-05,Potato,Rayya,545.0
2026-01-06,Potato,Rayya,540.0
2026-01-07,Potato,Rayya,510.0
2026-01-08,Potato,Rayya,520.0
2026-01-09,Potato,Rayya,520.0
2026-01-10,Potato,Rayya,520.0
2026-01-11,Potato,Rayya,520.0
2026-01-12,Potato,Rayya,520.0
2026-01-13,Potato,Rayya,515.0
2026-01-14,Potato,Rayya,510.0
2026-01-15,Potato,Rayya,510.0
2026-01-16,Potato,Rayya,510.0
2026-01-17,Potato,Rayya,510.0
2026-01-19,Potato,Rayya,510.0
2026-01-20,Potato,Rayya,510.0
2026-01-21,Potato,Rayya,505.0
2026-01-22,Potato,Rayya,500.0
2026-01-23,Potato,Rayya,490.0
2026-01-24,Potato,Rayya,480.0
2026-01-26,Potato,Rayya,480.0
2026-01-27,Potato,Rayya,420.0
2026-01-28,Potato,Rayya,485.0
2026-01-29,Potato,Rayya,650.0
2026-01-30,Potato,Rayya,470.0
2026-01-31,Potato,Rayya,470.0
2026-02-02,Potato,Rayya,460.0
2026-02-03,Potato,Rayya,420.0
2026-02-04,Potato,Rayya,425.0
2026-02-05,Potato,Rayya,420.0
2026-02-06,Potato,Rayya,425.0
2026-02-07,Potato,Rayya,580.0
2026-02-09,Potato,Rayya,605.0
2026-02-10,Potato,Rayya,645.0
2026-02-11,Potato,Rayya,420.0
2026-02-12,Potato,Rayya,600.0
2026-02-13,Potato,Rayya,420.0
2026-02-14,Potato,Rayya,600.0
2026-02-16,Potato,Rayya,600.0
2026-02-17,Potato,Rayya,415.0
2026-02-18,Potato,Rayya,410.0
2026-02-19,Potato,Rayya,600.0
2026-02-20,Potato,Rayya,600.0
2026-02-21,Potato,Rayya,600.0
2026-02-23,Potato,Rayya,600.0
2026-02-24,Potato,Rayya,580.0
2026-02-25,Potato,Rayya,400.0
2026-02-26,Potato,Rayya,405.0
2026-02-27,Potato,Rayya,582.86
2026-03-02,Potato,Rayya,565.0
2026-03-03,Potato,Rayya,580.0
2026-03-04,Potato,Rayya,575.0
2026-03-05,Potato,Rayya,580.0
2026-03-06,Potato,Rayya,560.0
2026-03-07,Potato,Rayya,565.0
2026-03-09,Potato,Rayya,570.0
2026-03-10,Potato,Rayya,550.0
2026-03-12,Potato,Rayya,560.0
2026-03-13,Potato,Rayya,540.0
2026-03-14,Potato,Rayya,540.0
2026-03-16,Potato,Rayya,500.0
2026-03-17,Potato,Rayya,375.0
2026-03-18,Potato,Rayya,540.0
2026-03-19,Potato,Rayya,550.0
2026-03-20,Potato,Rayya,540.0
2026-03-21,Potato,Rayya,530.0
2026-03-23,Potato,Rayya,535.0
2026-03-24,Potato,Rayya,535.0
2026-03-25,Potato,Rayya,500.0
2026-03-26,Potato,Rayya,532.89
2026-03-27,Potato,Rayya,525.0
2026-03-28,Potato,Rayya,515.0
2026-03-30,Potato,Rayya,520.0
2026-03-31,Potato,Rayya,518.0
2026-04-01,Potato,Rayya,518.0
2026-04-02,Potato,Rayya,514.0
2026-04-03,Potato,Rayya,515.0
2026-04-04,Potato,Rayya,510.0
2026-04-06,Potato,Rayya,510.0
2026-04-07,Potato,Rayya,510.0
2026-04-08,Potato,Rayya,510.0
2026-04-09,Potato,Rayya,500.0
2026-04-10,Potato,Rayya,500.0
2026-04-11,Potato,Rayya,500.0
2026-04-13,Potato,Rayya,500.0
2026-04-14,Potato,Rayya,490.0
2026-04-15,Potato,Rayya,500.0
2026-04-16,Potato,Rayya,485.0
2026-04-17,Potato,Rayya,490.0
2026-04-18,Potato,Rayya,480.0
2026-04-19,Potato,Rayya,485.0
2026-04-20,Potato,Rayya,485.0
2026-04-21,Potato,Rayya,480.0
2026-04-22,Potato,Rayya,480.0
2026-04-23,Potato,Rayya,475.0
2026-04-24,Potato,Rayya,480.0
2026-04-25,Potato,Rayya,470.0
2026-04-27,Potato,Rayya,470.0
2026-04-28,Potato,Rayya,470.0
2026-04-29,Potato,Rayya,465.0
2026-04-30,Potato,Rayya,440.0
2026-05-01,Potato,Rayya,465.0
2026-05-02,Potato,Rayya,450.0
2026-05-03,Potato,Rayya,450.0
2026-05-05,Potato,Rayya,450.0
2026-05-06,Potato,Rayya,450.0
2026-05-07,Potato,Rayya,450.0
2026-05-09,Potato,Rayya,500.0
2026-05-11,Potato,Rayya,445.0
2026-05-12,Potato,Rayya,455.0
2026-05-13,Potato,Rayya,450.0
2026-05-14,Potato,Rayya,440.0
2026-05-15,Potato,Rayya,440.0
2026-05-16,Potato,Rayya,440.0
2026-05-18,Potato,Rayya,440.0
2026-05-19,Potato,Rayya,580.0
2026-05-20,Potato,Rayya,440.0
2026-05-21,Potato,Rayya,440.0
2026-05-22,Potato,Rayya,435.0
2026-05-23,Potato,Rayya,425.0
2026-05-25,Potato,Rayya,425.0
2026-05-26,Potato,Rayya,420.0
2026-05-27,Potato,Rayya,429.0
2026-05-28,Potato,Rayya,425.0
2026-05-29,Potato,Rayya,420.0
2026-05-30,Potato,Rayya,420.0
2026-06-01,Potato,Rayya,410.0
2026-06-03,Potato,Rayya,415.0
2026-06-04,Potato,Rayya,415.0
2026-06-05,Potato,Rayya,414.0
2026-06-06,Potato,Rayya,413.0
2026-06-08,Potato,Rayya,410.0
2026-06-09,Potato,Rayya,410.0
2026-06-10,Potato,Rayya,410.0
2026-06-11,Potato,Rayya,410.0
2026-06-12,Potato,Rayya,410.0
2026-06-13,Potato,Rayya,410.0
2026-06-15,Potato,Rayya,410.0
2026-06-16,Potato,Rayya,748.0
2026-06-17,Potato,Rayya,408.0
2026-06-18,Potato,Rayya,406.0
2026-06-19,Potato,Rayya,406.0
2026-06-20,Potato,Rayya,406.0
2026-06-22,Potato,Rayya,406.0
2026-06-23,Potato,Rayya,400.0
2026-06-24,Potato,Rayya,402.0
2026-06-25,Potato,Rayya,400.0
2026-06-26,Potato,Rayya,400.0
2026-06-27,Potato,Rayya,400.0
2026-06-29,Potato,Rayya,400.0
2026-06-30,Potato,Rayya,612.0
2026-07-01,Potato,Rayya,615.0
2026-07-02,Potato,Rayya,400.0
2026-07-03,Potato,Rayya,400.0
2026-07-04,Potato,Rayya,400.0
2026-07-06,Potato,Rayya,400.0
2026-07-07,Potato,Rayya,400.0
2026-07-08,Potato,Rayya,400.0
2026-07-09,Potato,Rayya,729.0
2026-07-10,Potato,Rayya,660.0
2026-07-11,Potato,Rayya,652.0
2026-07-13,Potato,Rayya,648.0
2026-07-14,Potato,Rayya,648.0
2026-07-15,Potato,Rayya,650.0
2026-07-16,Potato,Rayya,655.0
2026-07-17,Potato,Rayya,400.0
2026-07-18,Potato,Rayya,660.0
2026-07-20,Potato,Rayya,400.0
2026-07-21,Potato,Rayya,650.0
2026-07-22,Potato,Rayya,645.0
2026-07-23,Potato,Rayya,1110.0
2026-07-24,Potato,Rayya,1012.0
2026-07-25,Potato,Rayya,721.0
2026-07-27,Potato,Rayya,640.0
2026-07-28,Potato,Rayya,725.0
2026-07-29,Potato,Rayya,645.0
2026-07-30,Potato,Rayya,725.0
2026-07-31,Potato,Rayya,725.0
2026-08-01,Potato,Rayya,770.0
2026-08-03,Potato,Rayya,823.0
2026-08-04,Potato,Rayya,640.0
2026-08-06,Potato,Rayya,782.0
2026-08-07,Potato,Rayya,740.0
2026-08-08,Potato,Rayya,662.0
2026-08-10,Potato,Rayya,755.0
2026-08-11,Potato,Rayya,750.0
2026-08-12,Potato,Rayya,758.0
2026-08-13,Potato,Rayya,765.0
2026-08-14,Potato,Rayya,762.0
2026-08-15,Potato,Rayya,845.0
2026-08-17,Potato,Rayya,767.0
2026-08-18,Potato,Rayya,760.0
2026-08-19,Potato,Rayya,720.0
2026-08-21,Potato,Rayya,754.0
2026-08-22,Potato,Rayya,758.0
2026-08-24,Potato,Rayya,758.0
2026-08-25,Potato,Rayya,758.0
2026-08-26,Potato,Rayya,757.0
2026-08-27,Potato,Rayya,752.0
2026-08-28,Potato,Rayya,754.0
2026-08-29,Potato,Rayya,752.0
2023-06-06,Potato,Sahnewal,1000.0
2023-06-08,Potato,Sahnewal,1000.0
2023-06-09,Potato,Sahnewal,1000.0
2023-06-10,Potato,Sahnewal,1000.0
2023-06-12,Potato,Sahnewal,900.0
2023-06-13,Potato,Sahnewal,900.0
2023-06-14,Potato,Sahnewal,1000.0
2023-06-16,Potato,Sahnewal,1100.0
2023-06-17,Potato,Sahnewal,1000.0
2023-06-20,Potato,Sahnewal,1100.0
2023-06-21,Potato,Sahnewal,1100.0
2023-06-22,Potato,Sahnewal,1100.0
2023-06-23,Potato,Sahnewal,1100.0
2023-06-24,Potato,Sahnewal,1100.0
2023-06-27,Potato,Sahnewal,800.0
2023-06-29,Potato,Sahnewal,1000.0
2023-06-30,Potato,Sahnewal,1000.0
2023-07-04,Potato,Sahnewal,1000.0
2023-07-05,Potato,Sahnewal,1000.0
2023-07-07,Potato,Sahnewal,1000.0
2023-07-11,Potato,Sahnewal,1000.0
2023-07-12,Potato,Sahnewal,900.0
2023-07-13,Potato,Sahnewal,1000.0
2023-07-14,Potato,Sahnewal,1000.0
2023-07-15,Potato,Sahnewal,1000.0
2023-07-18,Potato,Sahnewal,1000.0
2023-07-20,Potato,Sahnewal,1100.0
2023-07-21,Potato,Sahnewal,1000.0
2023-07-22,Potato,Sahnewal,1200.0
2023-07-24,Potato,Sahnewal,1220.0
2023-07-25,Potato,Sahnewal,1200.0
2023-07-26,Potato,Sahnewal,1100.0
2023-07-27,Potato,Sahnewal,1200.0
2023-07-28,Potato,Sahnewal,1200.0
2023-07-29,Potato,Sahnewal,1200.0
2023-07-31,Potato,Sahnewal,1200.0
2023-08-01,Potato,Sahnewal,1200.0
2023-08-03,Potato,Sahnewal,1000.0
2023-08-04,Potato,Sahnewal,1200.0
2023-08-05,Potato,Sahnewal,1100.0
2023-08-07,Potato,Sahnewal,1100.0
2023-08-09,Potato,Sahnewal,1000.0
2023-08-11,Potato,Sahnewal,1200.0
2023-08-12,Potato,Sahnewal,1200.0
2023-08-14,Potato,Sahnewal,1200.0
2023-08-15,Potato,Sahnewal,1000.0
2023-08-16,Potato,Sahnewal,1000.0
2023-08-19,Potato,Sahnewal,1200.0
2023-08-21,Potato,Sahnewal,1000.0
2023-08-22,Potato,Sahnewal,1100.0
2023-08-23,Potato,Sahnewal,1200.0
2023-08-24,Potato,Sahnewal,1100.0
2023-08-25,Potato,Sahnewal,1200.0
2023-08-26,Potato,Sahnewal,1200.0
2023-08-31,Potato,Sahnewal,1200.0
2023-09-02,Potato,Sahnewal,1000.0
2023-09-05,Potato,Sahnewal,1000.0
2023-09-07,Potato,Sahnewal,1000.0
2023-09-08,Potato,Sahnewal,1200.0
2023-09-09,Potato,Sahnewal,1200.0
2023-09-11,Potato,Sahnewal,1200.0
2023-09-12,Potato,Sahnewal,900.0
2023-09-13,Potato,Sahnewal,900.0
2023-09-15,Potato,Sahnewal,1200.0
2023-09-16,Potato,Sahnewal,1200.0
2023-09-18,Potato,Sahnewal,1200.0
2023-09-19,Potato,Sahnewal,1200.0
2023-09-20,Potato,Sahnewal,1200.0
2023-09-21,Potato,Sahnewal,1200.0
2023-09-22,Potato,Sahnewal,1140.0
2023-09-23,Potato,Sahnewal,1240.0
2023-09-25,Potato,Sahnewal,1000.0
2023-09-28,Potato,Sahnewal,1200.0
2023-09-29,Potato,Sahnewal,1200.0
2023-09-30,Potato,Sahnewal,1200.0
2023-10-03,Potato,Sahnewal,1000.0
2023-10-05,Potato,Sahnewal,1000.0
2023-10-06,Potato,Sahnewal,1200.0
2023-10-07,Potato,Sahnewal,1200.0
2023-10-10,Potato,Sahnewal,1240.0
2023-10-11,Potato,Sahnewal,1000.0
2023-10-13,Potato,Sahnewal,1200.0
2023-10-14,Potato,Sahnewal,1000.0
2023-10-16,Potato,Sahnewal,1000.0
2023-10-17,Potato,Sahnewal,1000.0
2023-10-18,Potato,Sahnewal,800.0
2023-10-19,Potato,Sahnewal,1000.0
2023-10-20,Potato,Sahnewal,1300.0
2023-10-23,Potato,Sahnewal,1100.0
2023-10-24,Potato,Sahnewal,1200.0
2023-10-25,Potato,Sahnewal,1200.0
2023-10-26,Potato,Sahnewal,1200.0
2023-10-27,Potato,Sahnewal,1300.0
2023-10-28,Potato,Sahnewal,1300.0
2023-11-02,Potato,Sahnewal,1100.0
2023-11-03,Potato,Sahnewal,1200.0
2023-11-04,Potato,Sahnewal,1200.0
2023-11-07,Potato,Sahnewal,1000.0
2023-11-08,Potato,Sahnewal,1100.0
2023-11-09,Potato,Sahnewal,1200.0
2023-11-10,Potato,Sahnewal,800.0
2023-11-11,Potato,Sahnewal,1200.0
2023-11-14,Potato,Sahnewal,1000.0
2023-11-16,Potato,Sahnewal,900.0
2023-11-17,Potato,Sahnewal,1200.0
2023-11-18,Potato,Sahnewal,800.0
2023-11-21,Potato,Sahnewal,1200.0
2023-11-22,Potato,Sahnewal,1200.0
2023-11-23,Potato,Sahnewal,1300.0
2023-11-24,Potato,Sahnewal,1200.0
2023-11-25,Potato,Sahnewal,1400.0
2023-11-28,Potato,Sahnewal,1200.0
2023-11-29,Potato,Sahnewal,900.0
2023-11-30,Potato,Sahnewal,1200.0
2023-12-01,Potato,Sahnewal,1200.0
2023-12-04,Potato,Sahnewal,1100.0
2023-12-05,Potato,Sahnewal,900.0
2023-12-06,Potato,Sahnewal,1000.0
2023-12-07,Potato,Sahnewal,800.0
2023-12-08,Potato,Sahnewal,900.0
2023-12-09,Potato,Sahnewal,800.0
2023-12-11,Potato,Sahnewal,720.0
2023-12-12,Potato,Sahnewal,800.0
2023-12-13,Potato,Sahnewal,800.0
2023-12-14,Potato,Sahnewal,800.0
2023-12-15,Potato,Sahnewal,700.0
2023-12-16,Potato,Sahnewal,600.0
2023-12-18,Potato,Sahnewal,560.0
2023-12-19,Potato,Sahnewal,600.0
2023-12-20,Potato,Sahnewal,600.0
2023-12-21,Potato,Sahnewal,600.0
2023-12-22,Potato,Sahnewal,640.0
2023-12-23,Potato,Sahnewal,600.0
2023-12-25,Potato,Sahnewal,540.0
2023-12-27,Potato,Sahnewal,600.0
2023-12-28,Potato,Sahnewal,560.0
2023-12-29,Potato,Sahnewal,600.0
2023-12-30,Potato,Sahnewal,600.0
2024-01-01,Potato,Sahnewal,560.0
2024-01-02,Potato,Sahnewal,800.0
2024-01-03,Potato,Sahnewal,600.0
2024-01-04,Potato,Sahnewal,660.0
2024-01-05,Potato,Sahnewal,640.0
2024-01-06,Potato,Sahnewal,620.0
2024-01-08,Potato,Sahnewal,600.0
2024-01-09,Potato,Sahnewal,600.0
2024-01-10,Potato,Sahnewal,600.0
2024-01-12,Potato,Sahnewal,700.0
2024-01-13,Potato,Sahnewal,700.0
2024-01-17,Potato,Sahnewal,600.0
2024-01-19,Potato,Sahnewal,640.0
2024-01-20,Potato,Sahnewal,600.0
2024-01-22,Potato,Sahnewal,600.0
2024-01-23,Potato,Sahnewal,600.0
2024-01-24,Potato,Sahnewal,640.0
2024-01-25,Potato,Sahnewal,640.0
2024-01-26,Potato,Sahnewal,620.0
2024-01-27,Potato,Sahnewal,600.0
2024-01-29,Potato,Sahnewal,600.0
2024-02-02,Potato,Sahnewal,600.0
2024-02-05,Potato,Sahnewal,600.0
2024-02-08,Potato,Sahnewal,600.0
2024-02-09,Potato,Sahnewal,600.0
2024-02-10,Potato,Sahnewal,660.0
2024-02-13,Potato,Sahnewal,660.0
2024-02-14,Potato,Sahnewal,660.0
2024-02-15,Potato,Sahnewal,640.0
2024-02-17,Potato,Sahnewal,660.0
2024-02-19,Potato,Sahnewal,640.0
2024-02-21,Potato,Sahnewal,800.0
2024-02-22,Potato,Sahnewal,1000.0
2024-02-24,Potato,Sahnewal,1000.0
2024-02-27,Potato,Sahnewal,1000.0
2024-02-28,Potato,Sahnewal,1000.0
2024-02-29,Potato,Sahnewal,1000.0
2024-03-01,Potato,Sahnewal,1000.0
2024-03-02,Potato,Sahnewal,960.0
2024-03-04,Potato,Sahnewal,1000.0
2024-03-05,Potato,Sahnewal,900.0
2024-03-06,Potato,Sahnewal,1200.0
2024-03-07,Potato,Sahnewal,960.0
2024-03-08,Potato,Sahnewal,1000.0
2024-03-11,Potato,Sahnewal,1200.0
2024-03-12,Potato,Sahnewal,1000.0
2024-03-13,Potato,Sahnewal,1200.0
2024-03-14,Potato,Sahnewal,1200.0
2024-03-15,Potato,Sahnewal,1100.0
2024-03-16,Potato,Sahnewal,1200.0
2024-03-18,Potato,Sahnewal,1000.0
2024-03-19,Potato,Sahnewal,1000.0
2024-03-22,Potato,Sahnewal,1000.0
2024-03-23,Potato,Sahnewal,1200.0
2024-03-25,Potato,Sahnewal,1200.0
2024-03-28,Potato,Sahnewal,1200.0
2024-03-29,Potato,Sahnewal,1100.0
2024-03-30,Potato,Sahnewal,1300.0
2024-04-02,Potato,Sahnewal,1200.0
2024-04-04,Potato,Sahnewal,1200.0
2024-04-05,Potato,Sahnewal,1200.0
2024-04-10,Potato,Sahnewal,1200.0
2024-04-11,Potato,Sahnewal,1000.0
2024-04-12,Potato,Sahnewal,1200.0
2024-04-13,Potato,Sahnewal,1000.0
2024-04-15,Potato,Sahnewal,1000.0
2024-04-17,Potato,Sahnewal,1100.0
2024-04-18,Potato,Sahnewal,1200.0
2024-04-19,Potato,Sahnewal,1200.0
2024-04-20,Potato,Sahnewal,1200.0
2024-04-22,Potato,Sahnewal,1600.0
2024-04-23,Potato,Sahnewal,1600.0
2024-04-24,Potato,Sahnewal,2000.0
2024-04-25,Potato,Sahnewal,2000.0
2024-04-26,Potato,Sahnewal,2000.0
2024-04-27,Potato,Sahnewal,2000.0
2024-04-29,Potato,Sahnewal,2000.0
2024-05-03,Potato,Sahnewal,2000.0
2024-05-04,Potato,Sahnewal,1800.0
2024-05-06,Potato,Sahnewal,1800.0
2024-05-07,Potato,Sahnewal,1800.0
2024-05-08,Potato,Sahnewal,1800.0
2024-05-09,Potato,Sahnewal,1800.0
2024-05-10,Potato,Sahnewal,2000.0
2024-05-14,Potato,Sahnewal,1900.0
2024-05-15,Potato,Sahnewal,1800.0
2024-05-17,Potato,Sahnewal,2000.0
2024-05-20,Potato,Sahnewal,1800.0
2024-05-22,Potato,Sahnewal,1800.0
2024-05-24,Potato,Sahnewal,2000.0
2024-05-25,Potato,Sahnewal,2000.0
2024-05-27,Potato,Sahnewal,1800.0
2024-05-28,Potato,Sahnewal,1800.0
2024-05-29,Potato,Sahnewal,2000.0
2024-05-30,Potato,Sahnewal,1800.0
2024-05-31,Potato,Sahnewal,1800.0
2024-06-01,Potato,Sahnewal,1800.0
2024-06-03,Potato,Sahnewal,1800.0
2024-06-04,Potato,Sahnewal,1800.0
2024-06-05,Potato,Sahnewal,1800.0
2024-06-07,Potato,Sahnewal,1800.0
2024-06-08,Potato,Sahnewal,1800.0
2024-06-10,Potato,Sahnewal,1800.0
2024-06-11,Potato,Sahnewal,1800.0
2024-06-13,Potato,Sahnewal,2000.0
2024-06-14,Potato,Sahnewal,2000.0
2024-06-15,Potato,Sahnewal,1800.0
2024-06-17,Potato,Sahnewal,1800.0
2024-06-18,Potato,Sahnewal,1800.0
2024-06-19,Potato,Sahnewal,1800.0
2024-06-20,Potato,Sahnewal,1800.0
2024-06-21,Potato,Sahnewal,1800.0
2024-06-22,Potato,Sahnewal,2000.0
2024-06-25,Potato,Sahnewal,1800.0
2024-06-26,Potato,Sahnewal,1800.0
2024-06-27,Potato,Sahnewal,1000.0
2024-06-28,Potato,Sahnewal,2000.0
2024-07-01,Potato,Sahnewal,1800.0
2024-07-03,Potato,Sahnewal,1600.0
2024-07-05,Potato,Sahnewal,1800.0
2024-07-06,Potato,Sahnewal,2000.0
2024-07-08,Potato,Sahnewal,1800.0
2024-07-10,Potato,Sahnewal,1700.0
2024-07-12,Potato,Sahnewal,2000.0
2024-07-13,Potato,Sahnewal,2000.0
2024-07-15,Potato,Sahnewal,1800.0
2024-07-16,Potato,Sahnewal,1800.0
2024-07-18,Potato,Sahnewal,1800.0
2024-07-19,Potato,Sahnewal,2000.0
2024-07-20,Potato,Sahnewal,1800.0
2024-07-22,Potato,Sahnewal,2000.0
2024-07-24,Potato,Sahnewal,2000.0
2024-07-25,Potato,Sahnewal,2000.0
2024-07-26,Potato,Sahnewal,2000.0
2024-07-27,Potato,Sahnewal,2000.0
2024-07-30,Potato,Sahnewal,1800.0
2024-07-31,Potato,Sahnewal,1800.0
2024-08-02,Potato,Sahnewal,2000.0
2024-08-05,Potato,Sahnewal,2000.0
2024-08-06,Potato,Sahnewal,2000.0
2024-08-07,Potato,Sahnewal,1800.0
2024-08-09,Potato,Sahnewal,2000.0
2024-08-10,Potato,Sahnewal,2000.0
2024-08-12,Potato,Sahnewal,1800.0
2024-08-13,Potato,Sahnewal,2000.0
2024-08-15,Potato,Sahnewal,1800.0
2024-08-16,Potato,Sahnewal,2000.0
2024-08-17,Potato,Sahnewal,1800.0
2024-08-20,Potato,Sahnewal,2000.0
2024-08-21,Potato,Sahnewal,2000.0
2024-08-22,Potato,Sahnewal,2000.0
2024-08-23,Potato,Sahnewal,2000.0
2024-08-24,Potato,Sahnewal,2000.0
2024-08-26,Potato,Sahnewal,2000.0
2024-08-28,Potato,Sahnewal,1800.0
2024-08-30,Potato,Sahnewal,2100.0
2024-08-31,Potato,Sahnewal,2100.0
2024-09-02,Potato,Sahnewal,2000.0
2024-09-04,Potato,Sahnewal,1800.0
2024-09-05,Potato,Sahnewal,2000.0
2024-09-06,Potato,Sahnewal,2000.0
2024-09-07,Potato,Sahnewal,2000.0
2024-09-09,Potato,Sahnewal,1800.0
2024-09-11,Potato,Sahnewal,1800.0
2024-09-13,Potato,Sahnewal,2000.0
2024-09-14,Potato,Sahnewal,2000.0
2024-09-16,Potato,Sahnewal,2000.0
2024-09-18,Potato,Sahnewal,2000.0
2024-09-19,Potato,Sahnewal,1600.0
2024-09-20,Potato,Sahnewal,2000.0
2024-09-21,Potato,Sahnewal,2000.0
2024-09-23,Potato,Sahnewal,2000.0
2024-09-24,Potato,Sahnewal,2000.0
2024-09-25,Potato,Sahnewal,2000.0
2024-09-26,Potato,Sahnewal,2000.0
2024-09-27,Potato,Sahnewal,2000.0
2024-09-28,Potato,Sahnewal,2000.0
2024-09-30,Potato,Sahnewal,1800.0
2024-10-02,Potato,Sahnewal,2000.0
2024-10-04,Potato,Sahnewal,2100.0
2024-10-05,Potato,Sahnewal,2100.0
2024-10-07,Potato,Sahnewal,1900.0
2024-10-09,Potato,Sahnewal,2100.0
2024-10-10,Potato,Sahnewal,2100.0
2024-10-11,Potato,Sahnewal,2100.0
2024-10-12,Potato,Sahnewal,2100.0
2024-10-14,Potato,Sahnewal,2000.0
2024-10-15,Potato,Sahnewal,2100.0
2024-10-16,Potato,Sahnewal,2000.0
2024-10-17,Potato,Sahnewal,2100.0
2024-10-18,Potato,Sahnewal,2200.0
2024-10-19,Potato,Sahnewal,2200.0
2024-10-21,Potato,Sahnewal,2200.0
2024-10-22,Potato,Sahnewal,2000.0
2024-10-24,Potato,Sahnewal,2200.0
2024-10-25,Potato,Sahnewal,2200.0
2024-10-26,Potato,Sahnewal,2400.0
2024-10-29,Potato,Sahnewal,2200.0
2024-10-30,Potato,Sahnewal,2000.0
2024-10-31,Potato,Sahnewal,2400.0
2024-11-01,Potato,Sahnewal,2000.0
2024-11-04,Potato,Sahnewal,2000.0
2024-11-05,Potato,Sahnewal,2000.0
2024-11-06,Potato,Sahnewal,2200.0
2024-11-08,Potato,Sahnewal,2200.0
2024-11-09,Potato,Sahnewal,2400.0
2024-11-13,Potato,Sahnewal,2000.0
2024-11-14,Potato,Sahnewal,2200.0
2024-11-15,Potato,Sahnewal,2200.0
2024-11-16,Potato,Sahnewal,2400.0
2024-11-18,Potato,Sahnewal,2200.0
2024-11-19,Potato,Sahnewal,2200.0
2024-11-20,Potato,Sahnewal,2200.0
2024-11-21,Potato,Sahnewal,2200.0
2024-11-22,Potato,Sahnewal,2400.0
2024-11-23,Potato,Sahnewal,2600.0
2024-11-25,Potato,Sahnewal,2600.0
2024-11-26,Potato,Sahnewal,2200.0
2024-11-27,Potato,Sahnewal,2600.0
2024-11-28,Potato,Sahnewal,2500.0
2024-11-29,Potato,Sahnewal,2400.0
2024-11-30,Potato,Sahnewal,2500.0
2024-12-02,Potato,Sahnewal,2800.0
2024-12-03,Potato,Sahnewal,2400.0
2024-12-04,Potato,Sahnewal,2200.0
2024-12-05,Potato,Sahnewal,2400.0
2024-12-06,Potato,Sahnewal,2500.0
2024-12-07,Potato,Sahnewal,2000.0
2024-12-09,Potato,Sahnewal,2000.0
2024-12-11,Potato,Sahnewal,1600.0
2024-12-12,Potato,Sahnewal,1600.0
2024-12-13,Potato,Sahnewal,1600.0
2024-12-14,Potato,Sahnewal,1600.0
2024-12-16,Potato,Sahnewal,1600.0
2024-12-17,Potato,Sahnewal,1600.0
2024-12-18,Potato,Sahnewal,1600.0
2024-12-19,Potato,Sahnewal,2000.0
2024-12-20,Potato,Sahnewal,2200.0
2024-12-21,Potato,Sahnewal,2000.0
2024-12-23,Potato,Sahnewal,1800.0
2024-12-24,Potato,Sahnewal,1800.0
2024-12-25,Potato,Sahnewal,1900.0
2024-12-26,Potato,Sahnewal,1800.0
2024-12-27,Potato,Sahnewal,1800.0
2024-12-28,Potato,Sahnewal,1700.0
2024-12-31,Potato,Sahnewal,1800.0
2025-01-01,Potato,Sahnewal,1600.0
2025-01-02,Potato,Sahnewal,1600.0
2025-01-03,Potato,Sahnewal,1800.0
2025-01-04,Potato,Sahnewal,1600.0
2025-01-06,Potato,Sahnewal,1500.0
2025-01-07,Potato,Sahnewal,1400.0
2025-01-08,Potato,Sahnewal,1500.0
2025-01-09,Potato,Sahnewal,1400.0
2025-01-10,Potato,Sahnewal,1400.0
2025-01-13,Potato,Sahnewal,1200.0
2025-01-15,Potato,Sahnewal,1320.0
2025-01-16,Potato,Sahnewal,1100.0
2025-01-17,Potato,Sahnewal,1200.0
2025-01-18,Potato,Sahnewal,1100.0
2025-01-21,Potato,Sahnewal,1200.0
2025-01-22,Potato,Sahnewal,1200.0
2025-01-23,Potato,Sahnewal,1200.0
2025-01-24,Potato,Sahnewal,1200.0
2025-01-25,Potato,Sahnewal,1200.0
2025-01-27,Potato,Sahnewal,800.0
2025-01-31,Potato,Sahnewal,1200.0
2025-02-01,Potato,Sahnewal,1100.0
2025-02-03,Potato,Sahnewal,1000.0
2025-02-04,Potato,Sahnewal,1000.0
2025-02-06,Potato,Sahnewal,800.0
2025-02-07,Potato,Sahnewal,800.0
2025-02-10,Potato,Sahnewal,800.0
2025-02-11,Potato,Sahnewal,800.0
2025-02-13,Potato,Sahnewal,700.0
2025-02-14,Potato,Sahnewal,800.0
2025-02-17,Potato,Sahnewal,700.0
2025-02-18,Potato,Sahnewal,800.0
2025-02-19,Potato,Sahnewal,800.0
2025-02-20,Potato,Sahnewal,800.0
2025-02-21,Potato,Sahnewal,800.0
2025-02-22,Potato,Sahnewal,800.0
2025-02-25,Potato,Sahnewal,800.0
2025-02-26,Potato,Sahnewal,800.0
2025-02-28,Potato,Sahnewal,800.0
2025-03-01,Potato,Sahnewal,800.0
2025-03-04,Potato,Sahnewal,800.0
2025-03-06,Potato,Sahnewal,800.0
2025-03-07,Potato,Sahnewal,800.0
2025-03-08,Potato,Sahnewal,800.0
2025-03-10,Potato,Sahnewal,800.0
2025-03-13,Potato,Sahnewal,840.0
2025-03-14,Potato,Sahnewal,800.0
2025-03-15,Potato,Sahnewal,820.0
2025-03-17,Potato,Sahnewal,850.0
2025-03-18,Potato,Sahnewal,850.0
2025-03-19,Potato,Sahnewal,840.0
2025-03-20,Potato,Sahnewal,840.0
2025-03-21,Potato,Sahnewal,800.0
2025-03-22,Potato,Sahnewal,860.0
2025-03-26,Potato,Sahnewal,860.0
2025-03-27,Potato,Sahnewal,840.0
2025-03-28,Potato,Sahnewal,820.0
2025-03-29,Potato,Sahnewal,800.0
2025-03-31,Potato,Sahnewal,800.0
2025-04-01,Potato,Sahnewal,820.0
2025-04-03,Potato,Sahnewal,800.0
2025-04-04,Potato,Sahnewal,800.0
2025-04-05,Potato,Sahnewal,800.0
2025-04-08,Potato,Sahnewal,830.0
2025-04-10,Potato,Sahnewal,800.0
2025-04-11,Potato,Sahnewal,800.0
2025-04-12,Potato,Sahnewal,800.0
2025-04-14,Potato,Sahnewal,800.0
2025-04-16,Potato,Sahnewal,800.0
2025-04-17,Potato,Sahnewal,800.0
2025-04-18,Potato,Sahnewal,820.0
2025-04-19,Potato,Sahnewal,800.0
2025-04-21,Potato,Sahnewal,800.0
2025-04-23,Potato,Sahnewal,830.0
2025-04-25,Potato,Sahnewal,840.0
2025-04-28,Potato,Sahnewal,800.0
2025-04-30,Potato,Sahnewal,800.0
2025-05-02,Potato,Sahnewal,800.0
2025-05-03,Potato,Sahnewal,800.0
2025-05-05,Potato,Sahnewal,850.0
2025-05-06,Potato,Sahnewal,800.0
2025-05-07,Potato,Sahnewal,800.0
2025-05-09,Potato,Sahnewal,840.0
2025-05-12,Potato,Sahnewal,850.0
2025-05-14,Potato,Sahnewal,850.0
2025-05-15,Potato,Sahnewal,860.0
2025-05-16,Potato,Sahnewal,800.0
2025-05-17,Potato,Sahnewal,1000.0
2025-05-20,Potato,Sahnewal,960.0
2025-05-21,Potato,Sahnewal,900.0
2025-05-22,Potato,Sahnewal,900.0
2025-05-23,Potato,Sahnewal,880.0
2025-05-26,Potato,Sahnewal,900.0
2025-05-28,Potato,Sahnewal,900.0
2025-05-30,Potato,Sahnewal,1000.0
2025-05-31,Potato,Sahnewal,1000.0
2025-06-03,Potato,Sahnewal,1000.0
2025-06-04,Potato,Sahnewal,1500.0
2025-06-05,Potato,Sahnewal,1000.0
2025-06-06,Potato,Sahnewal,1000.0
2025-06-07,Potato,Sahnewal,1000.0
2025-06-10,Potato,Sahnewal,1000.0
2025-11-07,Potato,Sahnewal,1300.0
2025-11-08,Potato,Sahnewal,1300.0
2025-11-10,Potato,Sahnewal,1200.0
2025-11-12,Potato,Sahnewal,1300.0
2025-11-13,Potato,Sahnewal,1100.0
2025-11-14,Potato,Sahnewal,1360.0
2025-11-15,Potato,Sahnewal,1100.0
2025-11-17,Potato,Sahnewal,1300.0
2025-11-19,Potato,Sahnewal,1000.0
2025-11-20,Potato,Sahnewal,1200.0
2025-11-21,Potato,Sahnewal,1200.0
2025-11-22,Potato,Sahnewal,1200.0
2025-11-24,Potato,Sahnewal,1200.0
2025-11-25,Potato,Sahnewal,1100.0
2025-11-27,Potato,Sahnewal,1000.0
2025-11-28,Potato,Sahnewal,1200.0
2025-11-29,Potato,Sahnewal,800.0
2025-12-01,Potato,Sahnewal,1200.0
2025-12-02,Potato,Sahnewal,1200.0
2025-12-03,Potato,Sahnewal,1200.0
2025-12-04,Potato,Sahnewal,1100.0
2025-12-05,Potato,Sahnewal,1100.0
2025-12-06,Potato,Sahnewal,1100.0
2025-12-08,Potato,Sahnewal,1100.0
2025-12-09,Potato,Sahnewal,1100.0
2025-12-10,Potato,Sahnewal,1000.0
2025-12-11,Potato,Sahnewal,1000.0
2025-12-12,Potato,Sahnewal,900.0
2025-12-15,Potato,Sahnewal,1000.0
2025-12-16,Potato,Sahnewal,1000.0
2025-12-17,Potato,Sahnewal,900.0
2025-12-18,Potato,Sahnewal,900.0
2025-12-20,Potato,Sahnewal,900.0
2025-12-22,Potato,Sahnewal,900.0
2025-12-23,Potato,Sahnewal,900.0
2025-12-24,Potato,Sahnewal,850.0
2025-12-25,Potato,Sahnewal,900.0
2025-12-26,Potato,Sahnewal,900.0
2025-12-27,Potato,Sahnewal,850.0
2025-12-29,Potato,Sahnewal,900.0
2025-12-30,Potato,Sahnewal,800.0
2026-01-01,Potato,Sahnewal,850.0
2026-01-02,Potato,Sahnewal,700.0
2026-01-03,Potato,Sahnewal,800.0
2026-01-06,Potato,Sahnewal,700.0
2026-01-07,Potato,Sahnewal,750.0
2026-01-08,Potato,Sahnewal,750.0
2026-01-10,Potato,Sahnewal,750.0
2026-01-12,Potato,Sahnewal,700.0
2026-01-14,Potato,Sahnewal,700.0
2026-01-15,Potato,Sahnewal,750.0
2026-01-16,Potato,Sahnewal,700.0
2026-01-17,Potato,Sahnewal,750.0
2026-01-21,Potato,Sahnewal,700.0
2026-01-22,Potato,Sahnewal,650.0
2026-01-23,Potato,Sahnewal,640.0
2026-01-28,Potato,Sahnewal,680.0
2026-01-30,Potato,Sahnewal,700.0
2026-01-31,Potato,Sahnewal,680.0
2026-02-04,Potato,Sahnewal,700.0
2026-02-05,Potato,Sahnewal,700.0
2026-02-06,Potato,Sahnewal,700.0
2026-02-07,Potato,Sahnewal,600.0
2026-02-09,Potato,Sahnewal,600.0
2026-02-11,Potato,Sahnewal,650.0
2026-02-13,Potato,Sahnewal,640.0
2026-02-14,Potato,Sahnewal,600.0
2026-02-16,Potato,Sahnewal,600.0
2026-02-17,Potato,Sahnewal,650.0
2026-02-18,Potato,Sahnewal,600.0
2026-02-19,Potato,Sahnewal,600.0
2026-02-20,Potato,Sahnewal,650.0
2026-02-24,Potato,Sahnewal,600.0
2026-02-25,Potato,Sahnewal,600.0
2026-02-26,Potato,Sahnewal,600.0
2026-02-28,Potato,Sahnewal,600.0
2026-03-03,Potato,Sahnewal,600.0
2026-03-05,Potato,Sahnewal,600.0
2026-03-06,Potato,Sahnewal,600.0
2026-03-07,Potato,Sahnewal,600.0
2026-03-09,Potato,Sahnewal,600.0
2026-03-11,Potato,Sahnewal,600.0
2026-03-13,Potato,Sahnewal,600.0
2026-03-14,Potato,Sahnewal,600.0
2026-03-17,Potato,Sahnewal,600.0
2026-03-18,Potato,Sahnewal,600.0
2026-03-19,Potato,Sahnewal,600.0
2026-03-20,Potato,Sahnewal,600.0
2026-03-23,Potato,Sahnewal,600.0
2026-03-24,Potato,Sahnewal,560.0
2026-03-25,Potato,Sahnewal,550.0
2026-03-26,Potato,Sahnewal,600.0
2026-03-27,Potato,Sahnewal,580.0
2026-03-31,Potato,Sahnewal,550.0
2026-04-01,Potato,Sahnewal,550.0
2026-04-02,Potato,Sahnewal,550.0
2026-04-04,Potato,Sahnewal,560.0
2026-04-07,Potato,Sahnewal,540.0
2026-04-08,Potato,Sahnewal,550.0
2026-04-09,Potato,Sahnewal,500.0
2026-04-10,Potato,Sahnewal,550.0
2026-04-11,Potato,Sahnewal,520.0
2026-04-14,Potato,Sahnewal,520.0
2026-04-17,Potato,Sahnewal,550.0
2026-04-18,Potato,Sahnewal,600.0
2026-04-21,Potato,Sahnewal,600.0
2026-04-22,Potato,Sahnewal,600.0
2026-04-24,Potato,Sahnewal,580.0
2026-04-25,Potato,Sahnewal,600.0
2026-04-27,Potato,Sahnewal,600.0
2026-04-28,Potato,Sahnewal,600.0
2026-04-30,Potato,Sahnewal,640.0
2026-05-01,Potato,Sahnewal,600.0
2026-05-02,Potato,Sahnewal,600.0
2026-05-06,Potato,Sahnewal,600.0
2026-05-07,Potato,Sahnewal,600.0
2026-05-08,Potato,Sahnewal,600.0
2026-05-11,Potato,Sahnewal,600.0
2026-05-12,Potato,Sahnewal,620.0
2026-05-14,Potato,Sahnewal,640.0
2026-05-15,Potato,Sahnewal,620.0
2026-05-19,Potato,Sahnewal,720.0
2026-05-21,Potato,Sahnewal,630.0
2026-05-22,Potato,Sahnewal,620.0
2026-05-26,Potato,Sahnewal,600.0
2026-05-28,Potato,Sahnewal,620.0
2026-05-30,Potato,Sahnewal,620.0
2026-06-01,Potato,Sahnewal,920.0
2026-06-02,Potato,Sahnewal,900.0
2026-06-04,Potato,Sahnewal,960.0
2026-06-05,Potato,Sahnewal,960.0
2026-06-08,Potato,Sahnewal,920.0
2026-06-09,Potato,Sahnewal,700.0
2026-06-11,Potato,Sahnewal,940.0
2026-06-12,Potato,Sahnewal,960.0
2026-06-15,Potato,Sahnewal,750.0
2026-06-16,Potato,Sahnewal,920.0
2026-06-17,Potato,Sahnewal,900.0
2026-06-19,Potato,Sahnewal,920.0
2026-06-22,Potato,Sahnewal,920.0
2026-06-23,Potato,Sahnewal,920.0
2026-06-25,Potato,Sahnewal,920.0
2026-06-26,Potato,Sahnewal,930.0
2026-06-27,Potato,Sahnewal,900.0
2026-06-29,Potato,Sahnewal,900.0
2026-06-30,Potato,Sahnewal,920.0
2026-07-01,Potato,Sahnewal,920.0
2026-07-03,Potato,Sahnewal,920.0
2026-07-06,Potato,Sahnewal,900.0
2026-07-07,Potato,Sahnewal,920.0
2026-07-08,Potato,Sahnewal,900.0
2026-07-10,Potato,Sahnewal,920.0
2026-07-11,Potato,Sahnewal,840.0
2026-07-13,Potato,Sahnewal,900.0
2026-07-14,Potato,Sahnewal,900.0
2026-07-16,Potato,Sahnewal,900.0
2026-07-17,Potato,Sahnewal,880.0
2026-07-18,Potato,Sahnewal,860.0
2026-07-20,Potato,Sahnewal,860.0
2026-07-22,Potato,Sahnewal,840.0
2026-07-23,Potato,Sahnewal,880.0
2026-07-24,Potato,Sahnewal,900.0
2026-07-27,Potato,Sahnewal,820.0
2026-07-28,Potato,Sahnewal,840.0
2026-07-30,Potato,Sahnewal,820.0
2026-07-31,Potato,Sahnewal,840.0
2026-08-01,Potato,Sahnewal,800.0
2026-08-03,Potato,Sahnewal,800.0
2026-08-04,Potato,Sahnewal,840.0
2026-08-07,Potato,Sahnewal,800.0
2026-08-11,Potato,Sahnewal,800.0
2026-08-13,Potato,Sahnewal,800.0
2026-08-14,Potato,Sahnewal,800.0
2026-08-17,Potato,Sahnewal,760.0
2026-08-18,Potato,Sahnewal,790.0
2026-08-20,Potato,Sahnewal,800.0
2026-08-24,Potato,Sahnewal,700.0
2026-08-25,Potato,Sahnewal,700.0
2026-08-28,Potato,Sahnewal,720.0
2023-06-06,Potato,Samana,850.0
2023-06-10,Potato,Samana,1000.0
2023-06-12,Potato,Samana,1000.0
2023-06-13,Potato,Samana,1000.0
2023-06-16,Potato,Samana,900.0
2023-06-22,Potato,Samana,1000.0
2023-06-25,Potato,Samana,1000.0
2023-06-28,Potato,Samana,1000.0
2023-07-03,Potato,Samana,1100.0
2023-07-04,Potato,Samana,1100.0
2023-07-10,Potato,Samana,1200.0
2023-07-11,Potato,Samana,1200.0
2023-07-16,Potato,Samana,1500.0
2023-07-17,Potato,Samana,1200.0
2023-07-21,Potato,Samana,1200.0
2023-07-23,Potato,Samana,1300.0
2023-07-24,Potato,Samana,1300.0
2023-07-29,Potato,Samana,1300.0
2023-08-01,Potato,Samana,1300.0
2023-08-02,Potato,Samana,1200.0
2023-08-04,Potato,Samana,1300.0
2023-08-16,Potato,Samana,1200.0
2023-08-17,Potato,Samana,1200.0
2023-08-25,Potato,Samana,800.0
2023-08-30,Potato,Samana,1200.0
2023-09-04,Potato,Samana,1500.0
2023-09-05,Potato,Samana,1400.0
2023-09-08,Potato,Samana,1200.0
2023-09-10,Potato,Samana,1400.0
2023-09-12,Potato,Samana,1400.0
2023-09-16,Potato,Samana,1300.0
2023-09-22,Potato,Samana,1400.0
2023-09-24,Potato,Samana,1300.0
2023-09-28,Potato,Samana,1400.0
2023-09-29,Potato,Samana,1200.0
2023-09-30,Potato,Samana,1200.0
2023-10-11,Potato,Samana,1200.0
2023-10-12,Potato,Samana,1300.0
2023-10-20,Potato,Samana,1200.0
2023-10-22,Potato,Samana,1200.0
2023-10-23,Potato,Samana,1200.0
2023-10-27,Potato,Samana,1200.0
2023-10-28,Potato,Samana,1200.0
2023-10-29,Potato,Samana,1200.0
2023-11-02,Potato,Samana,1100.0
2023-11-11,Potato,Samana,1100.0
2023-11-13,Potato,Samana,1100.0
2023-11-15,Potato,Samana,1800.0
2023-11-17,Potato,Samana,1800.0
2023-11-18,Potato,Samana,1700.0
2023-11-23,Potato,Samana,2200.0
2023-11-24,Potato,Samana,1800.0
2023-11-25,Potato,Samana,2200.0
2023-12-02,Potato,Samana,1800.0
2023-12-03,Potato,Samana,1700.0
2023-12-09,Potato,Samana,1100.0
2023-12-10,Potato,Samana,1100.0
2023-12-16,Potato,Samana,900.0
2023-12-27,Potato,Samana,900.0
2023-12-28,Potato,Samana,800.0
2024-01-06,Potato,Samana,1500.0
2024-01-07,Potato,Samana,1600.0
2024-01-08,Potato,Samana,1000.0
2024-01-15,Potato,Samana,900.0
2024-01-16,Potato,Samana,900.0
2024-01-17,Potato,Samana,900.0
2024-01-19,Potato,Samana,1400.0
2024-01-30,Potato,Samana,600.0
2024-01-31,Potato,Samana,500.0
2024-02-02,Potato,Samana,500.0
2024-02-03,Potato,Samana,400.0
2024-02-06,Potato,Samana,700.0
2024-02-11,Potato,Samana,550.0
2024-02-15,Potato,Samana,700.0
2024-02-21,Potato,Samana,350.0
2024-02-24,Potato,Samana,450.0
2024-02-26,Potato,Samana,400.0
2024-03-01,Potato,Samana,500.0
2024-03-02,Potato,Samana,400.0
2024-03-08,Potato,Samana,650.0
2024-03-10,Potato,Samana,650.0
2024-03-11,Potato,Samana,600.0
2024-03-19,Potato,Samana,350.0
2024-03-22,Potato,Samana,1000.0
2024-03-23,Potato,Samana,900.0
2024-03-25,Potato,Samana,900.0
2024-03-30,Potato,Samana,800.0
2024-04-01,Potato,Samana,900.0
2024-04-05,Potato,Samana,800.0
2024-04-07,Potato,Samana,900.0
2024-04-12,Potato,Samana,850.0
2024-04-16,Potato,Samana,900.0
2024-04-20,Potato,Samana,900.0
2024-04-21,Potato,Samana,900.0
2024-04-23,Potato,Samana,900.0
2024-04-24,Potato,Samana,800.0
2024-04-27,Potato,Samana,900.0
2024-04-30,Potato,Samana,900.0
2024-05-03,Potato,Samana,900.0
2024-05-05,Potato,Samana,800.0
2024-05-10,Potato,Samana,900.0
2024-05-11,Potato,Samana,900.0
2024-05-12,Potato,Samana,900.0
2024-05-13,Potato,Samana,900.0
2024-05-17,Potato,Samana,900.0
2024-05-24,Potato,Samana,800.0
2024-05-27,Potato,Samana,700.0
2024-05-28,Potato,Samana,900.0
2024-05-31,Potato,Samana,900.0
2024-06-02,Potato,Samana,900.0
2024-06-08,Potato,Samana,900.0
2024-06-09,Potato,Samana,900.0
2024-06-17,Potato,Samana,950.0
2024-06-21,Potato,Samana,900.0
2024-06-23,Potato,Samana,900.0
2024-06-26,Potato,Samana,700.0
2024-06-29,Potato,Samana,750.0
2024-07-06,Potato,Samana,1300.0
2024-07-07,Potato,Samana,1100.0
2024-07-15,Potato,Samana,1400.0
2024-07-16,Potato,Samana,1300.0
2024-07-17,Potato,Samana,1200.0
2024-07-19,Potato,Samana,1400.0
2024-07-21,Potato,Samana,1200.0
2024-07-23,Potato,Samana,1400.0
2024-07-24,Potato,Samana,1400.0
2024-07-28,Potato,Samana,1600.0
2024-08-10,Potato,Samana,1500.0
2024-08-12,Potato,Samana,1400.0
2024-08-14,Potato,Samana,1900.0
2024-08-16,Potato,Samana,1700.0
2024-08-18,Potato,Samana,1700.0
2024-08-23,Potato,Samana,1800.0
2024-08-25,Potato,Samana,1800.0
2024-08-30,Potato,Samana,1900.0
2024-08-31,Potato,Samana,1900.0
2024-09-02,Potato,Samana,1800.0
2024-09-14,Potato,Samana,1900.0
2024-09-17,Potato,Samana,1900.0
2024-09-22,Potato,Samana,1800.0
2024-09-25,Potato,Samana,1900.0
2024-09-28,Potato,Samana,1200.0
2024-10-11,Potato,Samana,900.0
2024-10-13,Potato,Samana,1000.0
2024-10-16,Potato,Samana,1700.0
2024-10-22,Potato,Samana,1600.0
2024-11-13,Potato,Samana,1200.0
2024-11-15,Potato,Samana,900.0
2024-11-19,Potato,Samana,1000.0
2024-11-24,Potato,Samana,1000.0
2024-12-08,Potato,Samana,1800.0
2024-12-09,Potato,Samana,2000.0
2024-12-13,Potato,Samana,2000.0
2024-12-15,Potato,Samana,1700.0
2024-12-16,Potato,Samana,2100.0
2024-12-23,Potato,Samana,1400.0
2024-12-24,Potato,Samana,1400.0
2025-01-12,Potato,Samana,1000.0
2025-01-13,Potato,Samana,1000.0
2025-02-07,Potato,Samana,800.0
2025-02-13,Potato,Samana,900.0
2025-02-17,Potato,Samana,1600.0
2025-03-16,Potato,Samana,1000.0
2025-03-22,Potato,Samana,1200.0
2025-03-27,Potato,Samana,600.0
2025-03-28,Potato,Samana,700.0
2025-04-01,Potato,Samana,1200.0
2025-04-02,Potato,Samana,600.0
2025-04-03,Potato,Samana,1500.0
2025-04-09,Potato,Samana,1200.0
2025-04-16,Potato,Samana,800.0
2025-04-21,Potato,Samana,1000.0
2025-04-22,Potato,Samana,1500.0
2025-04-23,Potato,Samana,1500.0
2025-04-24,Potato,Samana,1500.0
2025-04-26,Potato,Samana,1500.0
2025-04-28,Potato,Samana,1300.0
2025-04-29,Potato,Samana,1400.0
2025-04-30,Potato,Samana,1700.0
2025-05-01,Potato,Samana,1500.0
2025-05-02,Potato,Samana,1500.0
2025-05-05,Potato,Samana,4500.0
2025-05-06,Potato,Samana,1200.0
2025-05-07,Potato,Samana,1000.0
2025-05-08,Potato,Samana,1300.0
2025-05-09,Potato,Samana,1000.0
2025-05-10,Potato,Samana,1500.0
2025-05-12,Potato,Samana,1500.0
2025-05-13,Potato,Samana,1300.0
2025-05-14,Potato,Samana,1500.0
2025-05-15,Potato,Samana,1500.0
2025-05-16,Potato,Samana,1500.0
2025-05-17,Potato,Samana,1500.0
2025-05-19,Potato,Samana,1500.0
2025-05-20,Potato,Samana,1200.0
2025-05-21,Potato,Samana,1500.0
2025-05-22,Potato,Samana,1200.0
2025-05-23,Potato,Samana,1500.0
2025-05-24,Potato,Samana,1500.0
2025-05-26,Potato,Samana,1300.0
2025-05-27,Potato,Samana,1300.0
2025-05-28,Potato,Samana,1300.0
2025-05-29,Potato,Samana,1200.0
2025-05-30,Potato,Samana,1000.0
2025-05-31,Potato,Samana,1500.0
2025-06-02,Potato,Samana,1500.0
2025-06-03,Potato,Samana,1000.0
2025-06-04,Potato,Samana,1000.0
2025-06-06,Potato,Samana,1000.0
2025-06-07,Potato,Samana,1200.0
2025-06-09,Potato,Samana,1500.0
2025-11-22,Potato,Samana,1600.0
2025-12-22,Potato,Samana,700.0
2026-02-21,Potato,Samana,500.0
2026-02-28,Potato,Samana,700.0
2026-04-16,Potato,Samana,500.0
2026-04-18,Potato,Samana,800.0
2026-04-20,Potato,Samana,300.0
2026-04-21,Potato,Samana,400.0
2026-04-22,Potato,Samana,350.0
2026-04-23,Potato,Samana,500.0
2026-04-24,Potato,Samana,700.0
2026-04-25,Potato,Samana,400.0
2026-04-27,Potato,Samana,400.0
2026-04-28,Potato,Samana,600.0
2026-04-29,Potato,Samana,500.0
2026-04-30,Potato,Samana,600.0
2026-05-01,Potato,Samana,700.0
2026-05-02,Potato,Samana,700.0
2026-05-04,Potato,Samana,800.0
2026-05-05,Potato,Samana,800.0
2026-05-06,Potato,Samana,800.0
2026-05-07,Potato,Samana,800.0
2026-05-08,Potato,Samana,450.0
2026-05-09,Potato,Samana,700.0
2026-05-11,Potato,Samana,700.0
2026-05-12,Potato,Samana,700.0
2026-05-13,Potato,Samana,800.0
2026-05-14,Potato,Samana,800.0
2026-05-15,Potato,Samana,800.0
2026-05-16,Potato,Samana,700.0
2026-05-18,Potato,Samana,800.0
2026-05-19,Potato,Samana,800.0
2026-05-20,Potato,Samana,700.0
2026-05-21,Potato,Samana,700.0
2026-05-22,Potato,Samana,700.0
2026-05-23,Potato,Samana,700.0
2026-05-26,Potato,Samana,800.0
2026-05-27,Potato,Samana,800.0
2026-05-28,Potato,Samana,700.0
2026-05-29,Potato,Samana,700.0
2026-05-30,Potato,Samana,700.0
2026-06-01,Potato,Samana,700.0
2026-06-02,Potato,Samana,700.0
2026-06-03,Potato,Samana,700.0
2026-06-04,Potato,Samana,700.0
2026-06-05,Potato,Samana,700.0
2026-06-06,Potato,Samana,700.0
2026-06-08,Potato,Samana,700.0
2026-06-09,Potato,Samana,700.0
2026-06-10,Potato,Samana,700.0
2026-06-11,Potato,Samana,700.0
2026-06-12,Potato,Samana,700.0
2026-06-13,Potato,Samana,700.0
2026-06-15,Potato,Samana,700.0
2026-06-16,Potato,Samana,700.0
2026-06-17,Potato,Samana,700.0
2026-06-18,Potato,Samana,600.0
2026-06-19,Potato,Samana,700.0
2026-06-20,Potato,Samana,700.0
2026-06-22,Potato,Samana,700.0
2026-06-23,Potato,Samana,700.0
2026-06-24,Potato,Samana,700.0
2026-06-25,Potato,Samana,700.0
2026-06-26,Potato,Samana,700.0
2026-06-27,Potato,Samana,700.0
2026-06-29,Potato,Samana,700.0
2026-06-30,Potato,Samana,700.0
2026-07-01,Potato,Samana,700.0
2026-07-02,Potato,Samana,700.0
2026-07-03,Potato,Samana,700.0
2026-07-04,Potato,Samana,700.0
2026-07-06,Potato,Samana,700.0
2026-07-07,Potato,Samana,700.0
2026-07-08,Potato,Samana,700.0
2026-07-09,Potato,Samana,700.0
2026-07-10,Potato,Samana,700.0
2026-07-11,Potato,Samana,700.0
2026-07-13,Potato,Samana,700.0
2026-07-14,Potato,Samana,700.0
2026-07-15,Potato,Samana,700.0
2026-07-16,Potato,Samana,700.0
2026-07-17,Potato,Samana,700.0
2026-07-18,Potato,Samana,700.0
2026-07-20,Potato,Samana,700.0
2026-07-21,Potato,Samana,700.0
2026-07-22,Potato,Samana,700.0
2026-07-23,Potato,Samana,700.0
2026-07-24,Potato,Samana,700.0
2026-07-25,Potato,Samana,700.0
2026-07-27,Potato,Samana,700.0
2026-07-28,Potato,Samana,700.0
2026-07-29,Potato,Samana,700.0
2026-07-31,Potato,Samana,700.0
2026-08-01,Potato,Samana,700.0
2026-08-03,Potato,Samana,700.0
2026-08-04,Potato,Samana,700.0
2026-08-05,Potato,Samana,700.0
2026-08-06,Potato,Samana,700.0
2026-08-07,Potato,Samana,700.0
2026-08-08,Potato,Samana,700.0
2026-08-10,Potato,Samana,700.0
2026-08-11,Potato,Samana,700.0
2026-08-12,Potato,Samana,700.0
2026-08-13,Potato,Samana,700.0
2026-08-14,Potato,Samana,700.0
2026-08-15,Potato,Samana,700.0
2026-08-17,Potato,Samana,700.0
2026-08-18,Potato,Samana,700.0
2026-08-19,Potato,Samana,700.0
2026-08-20,Potato,Samana,700.0
2026-08-21,Potato,Samana,700.0
2026-08-22,Potato,Samana,700.0
2026-08-24,Potato,Samana,700.0
2026-08-25,Potato,Samana,700.0
2026-08-26,Potato,Samana,700.0
2026-08-27,Potato,Samana,700.0
2023-06-06,Potato,Samrala,500.0
2023-06-07,Potato,Samrala,500.0
2023-06-08,Potato,Samrala,500.0
2023-06-09,Potato,Samrala,600.0
2023-06-10,Potato,Samrala,600.0
2023-06-12,Potato,Samrala,800.0
2023-06-13,Potato,Samrala,800.0
2023-06-14,Potato,Samrala,700.0
2023-06-15,Potato,Samrala,700.0
2023-06-16,Potato,Samrala,700.0
2023-06-17,Potato,Samrala,700.0
2023-06-19,Potato,Samrala,600.0
2023-06-20,Potato,Samrala,700.0
2023-06-21,Potato,Samrala,700.0
2023-06-22,Potato,Samrala,700.0
2023-06-24,Potato,Samrala,700.0
2023-06-26,Potato,Samrala,800.0
2023-06-28,Potato,Samrala,900.0
2023-06-29,Potato,Samrala,900.0
2023-06-30,Potato,Samrala,900.0
2023-07-01,Potato,Samrala,900.0
2023-07-03,Potato,Samrala,900.0
2023-07-05,Potato,Samrala,900.0
2023-07-06,Potato,Samrala,1100.0
2023-07-07,Potato,Samrala,1100.0
2023-07-08,Potato,Samrala,1100.0
2023-07-10,Potato,Samrala,1100.0
2023-07-11,Potato,Samrala,1100.0
2023-07-12,Potato,Samrala,1100.0
2023-07-13,Potato,Samrala,1100.0
2023-07-14,Potato,Samrala,1100.0
2023-07-17,Potato,Samrala,1100.0
2023-07-18,Potato,Samrala,1100.0
2023-07-19,Potato,Samrala,1100.0
2023-07-24,Potato,Samrala,1100.0
2023-07-25,Potato,Samrala,1100.0
2023-07-26,Potato,Samrala,1100.0
2023-07-27,Potato,Samrala,1100.0
2023-07-28,Potato,Samrala,1100.0
2023-07-31,Potato,Samrala,1100.0
2023-08-03,Potato,Samrala,1100.0
2023-08-04,Potato,Samrala,1100.0
2023-08-05,Potato,Samrala,1100.0
2023-08-07,Potato,Samrala,1100.0
2023-08-08,Potato,Samrala,1200.0
2023-08-12,Potato,Samrala,1200.0
2023-08-14,Potato,Samrala,1200.0
2023-08-17,Potato,Samrala,1200.0
2023-08-21,Potato,Samrala,1200.0
2023-08-23,Potato,Samrala,1200.0
2023-08-24,Potato,Samrala,1200.0
2023-08-25,Potato,Samrala,1200.0
2023-08-26,Potato,Samrala,1100.0
2023-08-29,Potato,Samrala,1100.0
2023-08-30,Potato,Samrala,1100.0
2023-09-01,Potato,Samrala,1100.0
2023-09-13,Potato,Samrala,1300.0
2023-09-14,Potato,Samrala,1300.0
2023-09-15,Potato,Samrala,1200.0
2023-09-16,Potato,Samrala,1100.0
2023-09-18,Potato,Samrala,1100.0
2023-09-19,Potato,Samrala,1200.0
2023-09-20,Potato,Samrala,1200.0
2023-09-21,Potato,Samrala,1200.0
2023-09-22,Potato,Samrala,1100.0
2023-09-25,Potato,Samrala,1100.0
2023-10-07,Potato,Samrala,1000.0
2023-10-11,Potato,Samrala,1000.0
2023-10-12,Potato,Samrala,1000.0
2023-10-13,Potato,Samrala,1000.0
2023-10-14,Potato,Samrala,1000.0
2023-10-17,Potato,Samrala,1000.0
2023-10-19,Potato,Samrala,900.0
2023-10-20,Potato,Samrala,900.0
2023-10-21,Potato,Samrala,900.0
2023-10-25,Potato,Samrala,900.0
2023-10-26,Potato,Samrala,900.0
2023-10-27,Potato,Samrala,900.0
2023-10-28,Potato,Samrala,900.0
2023-10-31,Potato,Samrala,900.0
2023-11-07,Potato,Samrala,1000.0
2023-11-08,Potato,Samrala,1000.0
2023-11-09,Potato,Samrala,1100.0
2023-11-10,Potato,Samrala,1100.0
2023-11-13,Potato,Samrala,1000.0
2023-11-14,Potato,Samrala,1000.0
2023-11-18,Potato,Samrala,1000.0
2023-11-21,Potato,Samrala,1200.0
2023-11-22,Potato,Samrala,1200.0
2023-11-23,Potato,Samrala,1200.0
2023-11-24,Potato,Samrala,1200.0
2023-11-28,Potato,Samrala,1200.0
2023-12-01,Potato,Samrala,1500.0
2023-12-06,Potato,Samrala,1500.0
2023-12-07,Potato,Samrala,1300.0
2023-12-08,Potato,Samrala,1300.0
2023-12-13,Potato,Samrala,1300.0
2023-12-19,Potato,Samrala,800.0
2023-12-20,Potato,Samrala,800.0
2023-12-26,Potato,Samrala,500.0
2023-12-27,Potato,Samrala,500.0
2023-12-28,Potato,Samrala,500.0
2023-12-29,Potato,Samrala,500.0
2024-01-01,Potato,Samrala,400.0
2024-01-02,Potato,Samrala,350.0
2024-01-05,Potato,Samrala,400.0
2024-01-07,Potato,Samrala,400.0
2024-01-08,Potato,Samrala,700.0
2024-01-09,Potato,Samrala,800.0
2024-01-10,Potato,Samrala,800.0
2024-01-11,Potato,Samrala,800.0
2024-01-12,Potato,Samrala,800.0
2024-01-13,Potato,Samrala,800.0
2024-01-15,Potato,Samrala,800.0
2024-01-16,Potato,Samrala,700.0
2024-01-17,Potato,Samrala,700.0
2024-01-18,Potato,Samrala,700.0
2024-01-19,Potato,Samrala,1100.0
2024-01-20,Potato,Samrala,1100.0
2024-01-22,Potato,Samrala,900.0
2024-01-23,Potato,Samrala,800.0
2024-01-24,Potato,Samrala,800.0
2024-01-25,Potato,Samrala,1200.0
2024-01-26,Potato,Samrala,700.0
2024-01-27,Potato,Samrala,800.0
2024-01-29,Potato,Samrala,800.0
2024-01-30,Potato,Samrala,500.0
2024-01-31,Potato,Samrala,550.0
2024-02-01,Potato,Samrala,500.0
2024-02-06,Potato,Samrala,550.0
2024-02-07,Potato,Samrala,600.0
2024-02-08,Potato,Samrala,550.0
2024-02-09,Potato,Samrala,700.0
2024-02-12,Potato,Samrala,550.0
2024-02-13,Potato,Samrala,600.0
2024-02-14,Potato,Samrala,550.0
2024-02-15,Potato,Samrala,550.0
2024-02-19,Potato,Samrala,700.0
2024-02-20,Potato,Samrala,600.0
2024-02-21,Potato,Samrala,500.0
2024-02-22,Potato,Samrala,550.0
2024-02-23,Potato,Samrala,500.0
2024-02-26,Potato,Samrala,600.0
2024-02-27,Potato,Samrala,550.0
2024-02-28,Potato,Samrala,550.0
2024-02-29,Potato,Samrala,550.0
2024-03-01,Potato,Samrala,550.0
2024-03-02,Potato,Samrala,550.0
2024-03-04,Potato,Samrala,800.0
2024-03-05,Potato,Samrala,800.0
2024-03-06,Potato,Samrala,900.0
2024-03-12,Potato,Samrala,800.0
2024-03-13,Potato,Samrala,900.0
2024-03-14,Potato,Samrala,800.0
2024-03-15,Potato,Samrala,800.0
2024-03-16,Potato,Samrala,700.0
2024-03-18,Potato,Samrala,700.0
2024-03-19,Potato,Samrala,700.0
2024-03-20,Potato,Samrala,700.0
2024-03-21,Potato,Samrala,700.0
2024-03-25,Potato,Samrala,800.0
2024-03-27,Potato,Samrala,1000.0
2024-03-28,Potato,Samrala,1000.0
2024-03-29,Potato,Samrala,1000.0
2024-03-30,Potato,Samrala,1200.0
2024-04-01,Potato,Samrala,1200.0
2024-04-02,Potato,Samrala,1000.0
2024-04-03,Potato,Samrala,1200.0
2024-04-05,Potato,Samrala,800.0
2024-04-06,Potato,Samrala,900.0
2024-04-08,Potato,Samrala,1200.0
2024-04-09,Potato,Samrala,1100.0
2024-04-12,Potato,Samrala,1100.0
2024-04-13,Potato,Samrala,1100.0
2024-04-15,Potato,Samrala,900.0
2024-04-16,Potato,Samrala,1000.0
2024-04-18,Potato,Samrala,1100.0
2024-04-19,Potato,Samrala,1100.0
2024-04-20,Potato,Samrala,1100.0
2024-04-22,Potato,Samrala,1100.0
2024-04-23,Potato,Samrala,1100.0
2024-04-24,Potato,Samrala,1300.0
2024-04-25,Potato,Samrala,1300.0
2024-04-26,Potato,Samrala,1300.0
2024-04-27,Potato,Samrala,1300.0
2024-04-29,Potato,Samrala,1500.0
2024-04-30,Potato,Samrala,1500.0
2024-05-01,Potato,Samrala,1300.0
2024-05-02,Potato,Samrala,1500.0
2024-05-04,Potato,Samrala,1200.0
2024-05-06,Potato,Samrala,1200.0
2024-05-07,Potato,Samrala,1300.0
2024-05-08,Potato,Samrala,1200.0
2024-05-09,Potato,Samrala,1200.0
2024-05-13,Potato,Samrala,1200.0
2024-05-14,Potato,Samrala,1200.0
2024-05-15,Potato,Samrala,1200.0
2024-05-16,Potato,Samrala,1200.0
2024-05-17,Potato,Samrala,1300.0
2024-05-18,Potato,Samrala,1300.0
2024-05-20,Potato,Samrala,1100.0
2024-05-21,Potato,Samrala,1300.0
2024-05-22,Potato,Samrala,1200.0
2024-05-23,Potato,Samrala,1300.0
2024-05-24,Potato,Samrala,1300.0
2024-05-25,Potato,Samrala,1300.0
2024-05-27,Potato,Samrala,1700.0
2024-05-28,Potato,Samrala,1600.0
2024-05-29,Potato,Samrala,1700.0
2024-05-30,Potato,Samrala,1600.0
2024-05-31,Potato,Samrala,1400.0
2024-06-01,Potato,Samrala,1300.0
2024-06-03,Potato,Samrala,1500.0
2024-06-04,Potato,Samrala,1500.0
2024-06-05,Potato,Samrala,1400.0
2024-06-06,Potato,Samrala,1600.0
2024-06-07,Potato,Samrala,1400.0
2024-06-08,Potato,Samrala,1400.0
2024-06-10,Potato,Samrala,1400.0
2024-06-11,Potato,Samrala,1400.0
2024-06-12,Potato,Samrala,1400.0
2024-06-13,Potato,Samrala,1300.0
2024-06-14,Potato,Samrala,900.0
2024-06-15,Potato,Samrala,900.0
2024-06-17,Potato,Samrala,900.0
2024-06-18,Potato,Samrala,900.0
2024-06-19,Potato,Samrala,900.0
2024-06-20,Potato,Samrala,900.0
2024-06-21,Potato,Samrala,900.0
2024-06-22,Potato,Samrala,900.0
2024-06-24,Potato,Samrala,900.0
2024-06-25,Potato,Samrala,1000.0
2024-06-26,Potato,Samrala,900.0
2024-06-27,Potato,Samrala,900.0
2024-06-28,Potato,Samrala,1200.0
2024-06-29,Potato,Samrala,1200.0
2024-07-01,Potato,Samrala,1200.0
2024-07-02,Potato,Samrala,1200.0
2024-07-03,Potato,Samrala,1200.0
2024-07-04,Potato,Samrala,1200.0
2024-07-05,Potato,Samrala,1400.0
2024-07-06,Potato,Samrala,1400.0
2024-07-08,Potato,Samrala,1400.0
2024-07-09,Potato,Samrala,1400.0
2024-07-10,Potato,Samrala,1400.0
2024-07-11,Potato,Samrala,1400.0
2024-07-12,Potato,Samrala,1400.0
2024-07-13,Potato,Samrala,1400.0
2024-07-15,Potato,Samrala,1600.0
2024-07-17,Potato,Samrala,1400.0
2024-07-18,Potato,Samrala,1400.0
2024-07-19,Potato,Samrala,1400.0
2024-07-20,Potato,Samrala,1400.0
2024-07-22,Potato,Samrala,1400.0
2024-07-23,Potato,Samrala,1400.0
2024-07-24,Potato,Samrala,1400.0
2024-07-25,Potato,Samrala,1400.0
2024-07-26,Potato,Samrala,1400.0
2024-07-27,Potato,Samrala,1400.0
2024-07-29,Potato,Samrala,1200.0
2024-07-30,Potato,Samrala,1200.0
2024-07-31,Potato,Samrala,1300.0
2024-08-01,Potato,Samrala,2200.0
2024-08-02,Potato,Samrala,2200.0
2024-08-03,Potato,Samrala,2000.0
2024-08-05,Potato,Samrala,2300.0
2024-08-06,Potato,Samrala,2200.0
2024-08-07,Potato,Samrala,2200.0
2024-08-08,Potato,Samrala,2200.0
2024-08-09,Potato,Samrala,2200.0
2024-08-10,Potato,Samrala,2200.0
2024-08-12,Potato,Samrala,2200.0
2024-08-15,Potato,Samrala,2200.0
2024-08-16,Potato,Samrala,2200.0
2024-08-17,Potato,Samrala,2200.0
2024-08-19,Potato,Samrala,2200.0
2024-08-20,Potato,Samrala,2200.0
2024-08-21,Potato,Samrala,2200.0
2024-08-22,Potato,Samrala,2200.0
2024-08-23,Potato,Samrala,2200.0
2024-08-24,Potato,Samrala,2200.0
2024-08-26,Potato,Samrala,2200.0
2024-08-27,Potato,Samrala,2200.0
2024-08-28,Potato,Samrala,2200.0
2024-08-29,Potato,Samrala,2200.0
2024-08-30,Potato,Samrala,2100.0
2024-08-31,Potato,Samrala,2100.0
2024-09-02,Potato,Samrala,2100.0
2024-09-03,Potato,Samrala,1700.0
2024-09-04,Potato,Samrala,1600.0
2024-09-05,Potato,Samrala,1700.0
2024-09-06,Potato,Samrala,1700.0
2024-09-07,Potato,Samrala,1700.0
2024-09-09,Potato,Samrala,1600.0
2024-09-10,Potato,Samrala,1600.0
2024-09-11,Potato,Samrala,1800.0
2024-09-12,Potato,Samrala,1600.0
2024-09-13,Potato,Samrala,1600.0
2024-09-14,Potato,Samrala,1600.0
2024-09-16,Potato,Samrala,2000.0
2024-09-17,Potato,Samrala,2000.0
2024-09-18,Potato,Samrala,2000.0
2024-09-21,Potato,Samrala,2500.0
2024-09-23,Potato,Samrala,2300.0
2024-09-24,Potato,Samrala,2500.0
2024-09-25,Potato,Samrala,2500.0
2024-09-26,Potato,Samrala,2300.0
2024-09-27,Potato,Samrala,2300.0
2024-09-28,Potato,Samrala,2300.0
2024-09-30,Potato,Samrala,2300.0
2024-10-01,Potato,Samrala,2300.0
2024-10-02,Potato,Samrala,2300.0
2024-10-04,Potato,Samrala,2000.0
2024-10-05,Potato,Samrala,2000.0
2024-10-07,Potato,Samrala,2000.0
2024-10-08,Potato,Samrala,2000.0
2024-10-09,Potato,Samrala,2000.0
2024-10-10,Potato,Samrala,2000.0
2024-10-11,Potato,Samrala,2000.0
2024-10-12,Potato,Samrala,2000.0
2024-10-14,Potato,Samrala,1800.0
2024-10-15,Potato,Samrala,1800.0
2024-10-16,Potato,Samrala,1800.0
2024-10-17,Potato,Samrala,2000.0
2024-10-18,Potato,Samrala,2000.0
2024-10-19,Potato,Samrala,2000.0
2024-10-21,Potato,Samrala,2500.0
2024-10-22,Potato,Samrala,2000.0
2024-10-23,Potato,Samrala,1900.0
2024-10-24,Potato,Samrala,2000.0
2024-10-25,Potato,Samrala,2000.0
2024-10-26,Potato,Samrala,2000.0
2024-10-28,Potato,Samrala,2000.0
2024-10-30,Potato,Samrala,2000.0
2024-10-31,Potato,Samrala,2000.0
2024-11-02,Potato,Samrala,2000.0
2024-11-04,Potato,Samrala,2000.0
2024-11-05,Potato,Samrala,1200.0
2024-11-06,Potato,Samrala,1200.0
2024-11-07,Potato,Samrala,1300.0
2024-11-08,Potato,Samrala,1200.0
2024-11-09,Potato,Samrala,1200.0
2024-11-11,Potato,Samrala,1200.0
2024-11-12,Potato,Samrala,1200.0
2024-11-13,Potato,Samrala,1200.0
2024-11-14,Potato,Samrala,1800.0
2024-11-20,Potato,Samrala,2000.0
2024-11-21,Potato,Samrala,2000.0
2024-11-22,Potato,Samrala,2000.0
2024-11-25,Potato,Samrala,2000.0
2024-11-26,Potato,Samrala,2200.0
2024-11-27,Potato,Samrala,2500.0
2024-11-28,Potato,Samrala,1600.0
2024-11-29,Potato,Samrala,1600.0
2024-12-03,Potato,Samrala,1700.0
2024-12-04,Potato,Samrala,1700.0
2024-12-05,Potato,Samrala,1700.0
2024-12-06,Potato,Samrala,1800.0
2024-12-07,Potato,Samrala,1800.0
2024-12-10,Potato,Samrala,1800.0
2024-12-11,Potato,Samrala,1800.0
2024-12-12,Potato,Samrala,1800.0
2024-12-13,Potato,Samrala,1300.0
2024-12-14,Potato,Samrala,1300.0
2024-12-16,Potato,Samrala,1300.0
2024-12-17,Potato,Samrala,1300.0
2024-12-18,Potato,Samrala,1100.0
2024-12-19,Potato,Samrala,1100.0
2024-12-20,Potato,Samrala,1200.0
2024-12-23,Potato,Samrala,1100.0
2024-12-24,Potato,Samrala,1100.0
2024-12-25,Potato,Samrala,900.0
2024-12-26,Potato,Samrala,900.0
2024-12-27,Potato,Samrala,900.0
2024-12-28,Potato,Samrala,900.0
2024-12-30,Potato,Samrala,900.0
2024-12-31,Potato,Samrala,900.0
2025-01-01,Potato,Samrala,900.0
2025-01-02,Potato,Samrala,900.0
2025-01-03,Potato,Samrala,900.0
2025-01-04,Potato,Samrala,900.0
2025-01-07,Potato,Samrala,1200.0
2025-01-08,Potato,Samrala,1100.0
2025-01-09,Potato,Samrala,1100.0
2025-01-10,Potato,Samrala,800.0
2025-01-11,Potato,Samrala,800.0
2025-01-13,Potato,Samrala,800.0
2025-01-14,Potato,Samrala,1200.0
2025-01-16,Potato,Samrala,1200.0
2025-01-17,Potato,Samrala,1200.0
2025-01-18,Potato,Samrala,1100.0
2025-01-20,Potato,Samrala,800.0
2025-01-22,Potato,Samrala,800.0
2025-01-23,Potato,Samrala,700.0
2025-01-24,Potato,Samrala,700.0
2025-01-28,Potato,Samrala,1000.0
2025-01-30,Potato,Samrala,1000.0
2025-01-31,Potato,Samrala,1000.0
2025-02-01,Potato,Samrala,1000.0
2025-11-12,Potato,Samrala,1100.0
2025-11-13,Potato,Samrala,1000.0
2025-11-14,Potato,Samrala,1000.0
2025-11-18,Potato,Samrala,1000.0
2025-11-19,Potato,Samrala,1000.0
2025-11-20,Potato,Samrala,900.0
2025-11-21,Potato,Samrala,1000.0
2025-11-24,Potato,Samrala,800.0
2025-11-26,Potato,Samrala,800.0
2025-11-27,Potato,Samrala,800.0
2025-11-28,Potato,Samrala,800.0
2025-12-01,Potato,Samrala,800.0
2025-12-02,Potato,Samrala,700.0
2025-12-03,Potato,Samrala,700.0
2025-12-04,Potato,Samrala,700.0
2025-12-05,Potato,Samrala,700.0
2025-12-08,Potato,Samrala,700.0
2025-12-09,Potato,Samrala,700.0
2025-12-10,Potato,Samrala,600.0
2025-12-11,Potato,Samrala,700.0
2025-12-12,Potato,Samrala,600.0
2025-12-15,Potato,Samrala,800.0
2025-12-16,Potato,Samrala,700.0
2025-12-18,Potato,Samrala,700.0
2025-12-19,Potato,Samrala,700.0
2025-12-22,Potato,Samrala,700.0
2025-12-23,Potato,Samrala,700.0
2025-12-26,Potato,Samrala,600.0
2025-12-29,Potato,Samrala,700.0
2025-12-30,Potato,Samrala,400.0
2025-12-31,Potato,Samrala,400.0
2026-01-01,Potato,Samrala,400.0
2026-01-02,Potato,Samrala,400.0
2026-01-05,Potato,Samrala,400.0
2026-01-06,Potato,Samrala,400.0
2026-01-07,Potato,Samrala,500.0
2026-01-08,Potato,Samrala,500.0
2026-01-12,Potato,Samrala,500.0
2026-01-19,Potato,Samrala,600.0
2026-01-20,Potato,Samrala,600.0
2026-01-21,Potato,Samrala,500.0
2026-01-22,Potato,Samrala,600.0
2026-01-27,Potato,Samrala,600.0
2026-01-28,Potato,Samrala,600.0
2026-01-30,Potato,Samrala,600.0
2026-02-02,Potato,Samrala,600.0
2026-02-03,Potato,Samrala,600.0
2026-02-04,Potato,Samrala,600.0
2026-02-05,Potato,Samrala,600.0
2026-02-06,Potato,Samrala,600.0
2026-02-09,Potato,Samrala,600.0
2026-02-10,Potato,Samrala,600.0
2026-02-11,Potato,Samrala,600.0
2026-02-12,Potato,Samrala,400.0
2026-02-13,Potato,Samrala,400.0
2026-02-16,Potato,Samrala,600.0
2026-02-17,Potato,Samrala,400.0
2026-02-18,Potato,Samrala,400.0
2026-02-19,Potato,Samrala,400.0
2026-02-20,Potato,Samrala,400.0
2026-02-24,Potato,Samrala,350.0
2026-02-25,Potato,Samrala,250.0
2026-02-26,Potato,Samrala,250.0
2026-02-27,Potato,Samrala,250.0
2026-03-02,Potato,Samrala,250.0
2026-03-03,Potato,Samrala,300.0
2026-03-05,Potato,Samrala,300.0
2026-03-06,Potato,Samrala,300.0
2026-03-09,Potato,Samrala,300.0
2026-03-10,Potato,Samrala,300.0
2026-03-11,Potato,Samrala,300.0
2026-03-16,Potato,Samrala,300.0
2026-03-17,Potato,Samrala,300.0
2026-03-18,Potato,Samrala,300.0
2026-03-19,Potato,Samrala,250.0
2026-03-20,Potato,Samrala,250.0
2026-03-24,Potato,Samrala,250.0
2026-03-25,Potato,Samrala,250.0
2026-03-30,Potato,Samrala,250.0
2026-04-01,Potato,Samrala,250.0
2026-04-02,Potato,Samrala,250.0
2026-04-06,Potato,Samrala,250.0
2026-04-07,Potato,Samrala,300.0
2026-04-09,Potato,Samrala,250.0
2026-04-10,Potato,Samrala,300.0
2026-04-13,Potato,Samrala,250.0
2026-04-15,Potato,Samrala,250.0
2026-04-16,Potato,Samrala,200.0
2026-04-20,Potato,Samrala,250.0
2026-04-21,Potato,Samrala,250.0
2026-04-22,Potato,Samrala,250.0
2026-04-23,Potato,Samrala,250.0
2026-04-24,Potato,Samrala,250.0
2026-04-27,Potato,Samrala,250.0
2026-04-28,Potato,Samrala,250.0
2026-04-29,Potato,Samrala,300.0
2026-04-30,Potato,Samrala,300.0
2026-05-04,Potato,Samrala,300.0
2026-05-05,Potato,Samrala,300.0
2026-05-06,Potato,Samrala,300.0
2026-05-07,Potato,Samrala,250.0
2026-05-08,Potato,Samrala,300.0
2026-05-11,Potato,Samrala,250.0
2026-05-12,Potato,Samrala,250.0
2026-05-13,Potato,Samrala,250.0
2026-05-14,Potato,Samrala,250.0
2026-05-18,Potato,Samrala,250.0
2026-05-19,Potato,Samrala,250.0
2026-05-20,Potato,Samrala,350.0
2026-05-21,Potato,Samrala,300.0
2026-05-22,Potato,Samrala,300.0
2026-05-25,Potato,Samrala,300.0
2026-05-26,Potato,Samrala,250.0
2026-05-27,Potato,Samrala,250.0
2026-05-28,Potato,Samrala,250.0
2026-05-29,Potato,Samrala,250.0
2026-06-02,Potato,Samrala,300.0
2026-06-03,Potato,Samrala,400.0
2026-06-04,Potato,Samrala,300.0
2026-06-08,Potato,Samrala,300.0
2026-06-09,Potato,Samrala,400.0
2026-06-10,Potato,Samrala,300.0
2026-06-11,Potato,Samrala,300.0
2026-06-15,Potato,Samrala,300.0
2026-06-22,Potato,Samrala,400.0
2026-06-23,Potato,Samrala,500.0
2026-06-24,Potato,Samrala,500.0
2026-06-29,Potato,Samrala,600.0
2026-06-30,Potato,Samrala,500.0
2026-07-01,Potato,Samrala,600.0
2026-07-02,Potato,Samrala,500.0
2026-07-03,Potato,Samrala,600.0
2026-07-06,Potato,Samrala,600.0
2026-07-08,Potato,Samrala,800.0
2026-07-09,Potato,Samrala,700.0
2026-07-14,Potato,Samrala,600.0
2026-07-15,Potato,Samrala,600.0
2026-07-16,Potato,Samrala,500.0
2026-07-17,Potato,Samrala,500.0
2026-07-20,Potato,Samrala,500.0
2026-07-21,Potato,Samrala,600.0
2026-07-22,Potato,Samrala,600.0
2026-07-27,Potato,Samrala,600.0
2026-07-28,Potato,Samrala,600.0
2026-07-29,Potato,Samrala,600.0
2026-07-30,Potato,Samrala,600.0
2026-07-31,Potato,Samrala,550.0
2026-08-01,Potato,Samrala,550.0
2026-08-03,Potato,Samrala,500.0
2026-08-04,Potato,Samrala,500.0
2026-08-05,Potato,Samrala,450.0
2026-08-06,Potato,Samrala,500.0
2026-08-07,Potato,Samrala,450.0
2026-08-08,Potato,Samrala,400.0
2026-08-10,Potato,Samrala,450.0
2026-08-11,Potato,Samrala,450.0
2026-08-12,Potato,Samrala,500.0
2026-08-13,Potato,Samrala,600.0
2026-08-14,Potato,Samrala,400.0
2026-08-15,Potato,Samrala,450.0
2026-08-18,Potato,Samrala,500.0
2026-08-19,Potato,Samrala,450.0
2026-08-20,Potato,Samrala,600.0
2026-08-21,Potato,Samrala,550.0
2026-08-22,Potato,Samrala,500.0
2026-08-24,Potato,Samrala,450.0
2026-08-25,Potato,Samrala,500.0
2026-08-26,Potato,Samrala,500.0
2026-08-17,Pumpkin,Ludhiana,700.0
2026-08-17,Pumpkin,Patiala,200.0
2026-08-17,Pumpkin,Patran,1140.0
2026-08-17,Pumpkin,Samrala,700.0
2026-08-17,Raddish,Amritsar(Amritsar Mewa Mandi),600.0
2026-08-17,Raddish,Ludhiana,600.0
2026-08-17,Raddish,Nabha,2000.0
2026-08-17,Raddish,Patiala,800.0
2026-08-17,Raddish,Patran,2520.0
2026-08-17,Ridgeguard(Tori),Doraha,2500.0
2026-08-17,Ridgeguard(Tori),Ludhiana,1600.0
2026-08-17,Ridgeguard(Tori),Patran,2550.0
2026-08-17,Ridgeguard(Tori),Rayya,2087.0
2026-08-17,Spinach,Patran,1360.0
2026-08-17,Tender Coconut,Patran,5440.0
2026-08-17,Tinda,Rayya,1801.0
2026-06-03,Tomato,Ajnala,3700.0
2026-08-05,Tomato,Ajnala,1500.0
2026-08-17,Tomato,Ajnala,2700.0
2023-06-06,Tomato,Amritsar(Amritsar Mewa Mandi),300.0
2023-06-07,Tomato,Amritsar(Amritsar Mewa Mandi),300.0
2023-06-08,Tomato,Amritsar(Amritsar Mewa Mandi),250.0
2023-06-09,Tomato,Amritsar(Amritsar Mewa Mandi),250.0
2023-06-10,Tomato,Amritsar(Amritsar Mewa Mandi),250.0
2023-06-12,Tomato,Amritsar(Amritsar Mewa Mandi),500.0
2023-06-13,Tomato,Amritsar(Amritsar Mewa Mandi),400.0
2023-06-14,Tomato,Amritsar(Amritsar Mewa Mandi),300.0
2023-06-15,Tomato,Amritsar(Amritsar Mewa Mandi),300.0
2023-06-16,Tomato,Amritsar(Amritsar Mewa Mandi),300.0
2023-06-17,Tomato,Amritsar(Amritsar Mewa Mandi),300.0
2023-06-19,Tomato,Amritsar(Amritsar Mewa Mandi),400.0
2023-06-20,Tomato,Amritsar(Amritsar Mewa Mandi),400.0
2023-06-21,Tomato,Amritsar(Amritsar Mewa Mandi),400.0
2023-06-22,Tomato,Amritsar(Amritsar Mewa Mandi),400.0
2023-06-23,Tomato,Amritsar(Amritsar Mewa Mandi),400.0
2023-06-24,Tomato,Amritsar(Amritsar Mewa Mandi),400.0
2023-06-26,Tomato,Amritsar(Amritsar Mewa Mandi),2000.0
2023-06-27,Tomato,Amritsar(Amritsar Mewa Mandi),2000.0
2023-06-28,Tomato,Amritsar(Amritsar Mewa Mandi),3000.0
2023-06-30,Tomato,Amritsar(Amritsar Mewa Mandi),2800.0
2023-07-01,Tomato,Amritsar(Amritsar Mewa Mandi),2200.0
2023-07-03,Tomato,Amritsar(Amritsar Mewa Mandi),2000.0
2023-07-04,Tomato,Amritsar(Amritsar Mewa Mandi),5000.0
2023-07-05,Tomato,Amritsar(Amritsar Mewa Mandi),5000.0
2023-07-06,Tomato,Amritsar(Amritsar Mewa Mandi),5000.0
2023-07-17,Tomato,Amritsar(Amritsar Mewa Mandi),6000.0
2023-07-18,Tomato,Amritsar(Amritsar Mewa Mandi),4000.0
2023-07-19,Tomato,Amritsar(Amritsar Mewa Mandi),3500.0
2023-07-20,Tomato,Amritsar(Amritsar Mewa Mandi),3500.0
2023-07-21,Tomato,Amritsar(Amritsar Mewa Mandi),4000.0
2023-07-22,Tomato,Amritsar(Amritsar Mewa Mandi),5500.0
2023-07-24,Tomato,Amritsar(Amritsar Mewa Mandi),6000.0
2023-07-25,Tomato,Amritsar(Amritsar Mewa Mandi),6000.0
2023-07-26,Tomato,Amritsar(Amritsar Mewa Mandi),7000.0
2023-07-27,Tomato,Amritsar(Amritsar Mewa Mandi),6000.0
2023-07-28,Tomato,Amritsar(Amritsar Mewa Mandi),7000.0
2023-07-29,Tomato,Amritsar(Amritsar Mewa Mandi),4000.0
2023-07-31,Tomato,Amritsar(Amritsar Mewa Mandi),6000.0
2023-08-01,Tomato,Amritsar(Amritsar Mewa Mandi),6000.0
2023-08-02,Tomato,Amritsar(Amritsar Mewa Mandi),5800.0
2023-08-03,Tomato,Amritsar(Amritsar Mewa Mandi),6000.0
2023-08-04,Tomato,Amritsar(Amritsar Mewa Mandi),6000.0
2023-08-07,Tomato,Amritsar(Amritsar Mewa Mandi),8000.0
2023-08-10,Tomato,Amritsar(Amritsar Mewa Mandi),8000.0
2023-08-11,Tomato,Amritsar(Amritsar Mewa Mandi),7000.0
2023-08-14,Tomato,Amritsar(Amritsar Mewa Mandi),7000.0
2023-08-15,Tomato,Amritsar(Amritsar Mewa Mandi),6000.0
2023-08-16,Tomato,Amritsar(Amritsar Mewa Mandi),6000.0
2023-08-17,Tomato,Amritsar(Amritsar Mewa Mandi),6000.0
2023-08-18,Tomato,Amritsar(Amritsar Mewa Mandi),5000.0
2023-08-19,Tomato,Amritsar(Amritsar Mewa Mandi),5000.0
2023-08-25,Tomato,Amritsar(Amritsar Mewa Mandi),2000.0
2023-08-26,Tomato,Amritsar(Amritsar Mewa Mandi),2500.0
2023-08-28,Tomato,Amritsar(Amritsar Mewa Mandi),2000.0
2023-08-29,Tomato,Amritsar(Amritsar Mewa Mandi),2000.0
2023-08-30,Tomato,Amritsar(Amritsar Mewa Mandi),1700.0
2023-08-31,Tomato,Amritsar(Amritsar Mewa Mandi),1400.0
2023-09-01,Tomato,Amritsar(Amritsar Mewa Mandi),1400.0
2023-09-02,Tomato,Amritsar(Amritsar Mewa Mandi),1400.0
2023-09-04,Tomato,Amritsar(Amritsar Mewa Mandi),1400.0
2023-09-06,Tomato,Amritsar(Amritsar Mewa Mandi),1500.0
2023-09-07,Tomato,Amritsar(Amritsar Mewa Mandi),1500.0
2023-09-08,Tomato,Amritsar(Amritsar Mewa Mandi),1500.0
2023-09-11,Tomato,Amritsar(Amritsar Mewa Mandi),1500.0
2023-09-12,Tomato,Amritsar(Amritsar Mewa Mandi),1400.0
2023-09-13,Tomato,Amritsar(Amritsar Mewa Mandi),600.0
2023-09-15,Tomato,Amritsar(Amritsar Mewa Mandi),600.0
2023-09-16,Tomato,Amritsar(Amritsar Mewa Mandi),600.0
2023-09-18,Tomato,Amritsar(Amritsar Mewa Mandi),600.0
2023-09-19,Tomato,Amritsar(Amritsar Mewa Mandi),700.0
2023-09-20,Tomato,Amritsar(Amritsar Mewa Mandi),700.0
2023-09-21,Tomato,Amritsar(Amritsar Mewa Mandi),700.0
2023-09-22,Tomato,Amritsar(Amritsar Mewa Mandi),700.0
2023-09-23,Tomato,Amritsar(Amritsar Mewa Mandi),600.0
2023-09-25,Tomato,Amritsar(Amritsar Mewa Mandi),700.0
2023-09-27,Tomato,Amritsar(Amritsar Mewa Mandi),800.0
2023-09-28,Tomato,Amritsar(Amritsar Mewa Mandi),800.0
2023-09-29,Tomato,Amritsar(Amritsar Mewa Mandi),800.0
2023-10-02,Tomato,Amritsar(Amritsar Mewa Mandi),800.0
2023-10-03,Tomato,Amritsar(Amritsar Mewa Mandi),800.0
2023-10-04,Tomato,Amritsar(Amritsar Mewa Mandi),900.0
2023-10-06,Tomato,Amritsar(Amritsar Mewa Mandi),1200.0
2023-10-07,Tomato,Amritsar(Amritsar Mewa Mandi),1200.0
2023-10-10,Tomato,Amritsar(Amritsar Mewa Mandi),700.0
2023-10-11,Tomato,Amritsar(Amritsar Mewa Mandi),600.0
2023-10-12,Tomato,Amritsar(Amritsar Mewa Mandi),600.0
2023-10-13,Tomato,Amritsar(Amritsar Mewa Mandi),600.0
2023-10-14,Tomato,Amritsar(Amritsar Mewa Mandi),600.0
2023-10-16,Tomato,Amritsar(Amritsar Mewa Mandi),600.0
2023-10-18,Tomato,Amritsar(Amritsar Mewa Mandi),800.0
2023-10-19,Tomato,Amritsar(Amritsar Mewa Mandi),700.0
2023-10-21,Tomato,Amritsar(Amritsar Mewa Mandi),800.0
2023-10-23,Tomato,Amritsar(Amritsar Mewa Mandi),1000.0
2023-10-24,Tomato,Amritsar(Amritsar Mewa Mandi),1000.0
2023-10-25,Tomato,Amritsar(Amritsar Mewa Mandi),1000.0
2023-10-26,Tomato,Amritsar(Amritsar Mewa Mandi),1000.0
2023-10-27,Tomato,Amritsar(Amritsar Mewa Mandi),1200.0
2023-10-30,Tomato,Amritsar(Amritsar Mewa Mandi),1200.0
2023-10-31,Tomato,Amritsar(Amritsar Mewa Mandi),1500.0
2023-11-02,Tomato,Amritsar(Amritsar Mewa Mandi),1500.0
2023-11-03,Tomato,Amritsar(Amritsar Mewa Mandi),1500.0
2023-11-04,Tomato,Amritsar(Amritsar Mewa Mandi),1500.0
2023-11-06,Tomato,Amritsar(Amritsar Mewa Mandi),1400.0
2026-02-24,Tomato,Amritsar(Amritsar Mewa Mandi),1000.0
2026-03-31,Tomato,Amritsar(Amritsar Mewa Mandi),1016.0
2026-04-14,Tomato,Amritsar(Amritsar Mewa Mandi),1000.0
2026-04-16,Tomato,Amritsar(Amritsar Mewa Mandi),1500.0
2026-04-21,Tomato,Amritsar(Amritsar Mewa Mandi),500.0
2026-05-05,Tomato,Amritsar(Amritsar Mewa Mandi),500.0
2026-08-20,Tomato,Amritsar(Amritsar Mewa Mandi),2000.0
2023-06-06,Tomato,Doraha,1033.0
2023-06-07,Tomato,Doraha,878.0
2023-06-08,Tomato,Doraha,879.0
2023-06-09,Tomato,Doraha,878.0
2023-06-10,Tomato,Doraha,852.0
2023-06-13,Tomato,Doraha,1200.0
2023-06-14,Tomato,Doraha,1500.0
2023-06-15,Tomato,Doraha,1500.0
2023-06-16,Tomato,Doraha,1400.0
2023-06-17,Tomato,Doraha,1500.0
2023-06-19,Tomato,Doraha,1400.0
2023-06-20,Tomato,Doraha,1500.0
2023-06-21,Tomato,Doraha,1500.0
2023-06-22,Tomato,Doraha,1800.0
2023-06-23,Tomato,Doraha,1800.0
2023-06-26,Tomato,Doraha,2600.0
2023-06-27,Tomato,Doraha,2800.0
2023-06-28,Tomato,Doraha,2800.0
2023-06-29,Tomato,Doraha,2800.0
2023-06-30,Tomato,Doraha,3835.0
2023-07-03,Tomato,Doraha,9000.0
2023-07-04,Tomato,Doraha,6085.0
2023-07-05,Tomato,Doraha,6232.0
2023-07-06,Tomato,Doraha,7000.0
2023-07-07,Tomato,Doraha,7500.0
2023-07-08,Tomato,Doraha,7565.0
2023-07-10,Tomato,Doraha,9559.0
2023-07-11,Tomato,Doraha,14500.0
2023-07-12,Tomato,Doraha,12500.0
2023-07-13,Tomato,Doraha,10250.0
2023-07-15,Tomato,Doraha,9545.0
2023-07-17,Tomato,Doraha,8065.0
2023-07-18,Tomato,Doraha,7554.0
2023-07-19,Tomato,Doraha,7597.0
2023-07-20,Tomato,Doraha,7595.0
2023-07-21,Tomato,Doraha,7556.0
2023-07-22,Tomato,Doraha,7565.0
2023-07-24,Tomato,Doraha,6536.0
2023-07-25,Tomato,Doraha,12080.0
2023-07-26,Tomato,Doraha,10022.0
2023-07-27,Tomato,Doraha,7585.0
2023-07-28,Tomato,Doraha,11500.0
2023-07-29,Tomato,Doraha,9545.0
2023-07-31,Tomato,Doraha,9865.0
2023-08-01,Tomato,Doraha,11540.0
2023-08-02,Tomato,Doraha,11000.0
2023-08-04,Tomato,Doraha,9564.0
2023-08-23,Tomato,Doraha,5540.0
2023-08-29,Tomato,Doraha,3545.0
2023-09-02,Tomato,Doraha,3269.0
2023-09-04,Tomato,Doraha,2874.0
2023-09-08,Tomato,Doraha,1877.0
2023-09-11,Tomato,Doraha,1753.0
2023-09-13,Tomato,Doraha,1877.0
2023-09-15,Tomato,Doraha,1825.0
2023-09-27,Tomato,Doraha,1879.0
2023-10-09,Tomato,Doraha,1895.0
2023-10-11,Tomato,Doraha,1633.0
2023-10-17,Tomato,Doraha,1800.0
2023-10-23,Tomato,Doraha,1600.0
2023-10-28,Tomato,Doraha,1800.0
2025-11-07,Tomato,Doraha,2250.0
2025-11-10,Tomato,Doraha,2350.0
2025-11-11,Tomato,Doraha,2650.0
2025-11-12,Tomato,Doraha,2650.0
2025-11-13,Tomato,Doraha,2850.0
2025-11-14,Tomato,Doraha,2750.0
2025-11-17,Tomato,Doraha,3550.0
2025-11-18,Tomato,Doraha,3550.0
2025-11-19,Tomato,Doraha,3550.0
2025-11-20,Tomato,Doraha,3650.0
2025-11-21,Tomato,Doraha,4550.0
2025-11-24,Tomato,Doraha,3850.0
2025-11-25,Tomato,Doraha,4000.0
2025-11-26,Tomato,Doraha,4000.0
2025-11-27,Tomato,Doraha,4000.0
2025-11-28,Tomato,Doraha,4050.0
2025-12-01,Tomato,Doraha,3350.0
2025-12-02,Tomato,Doraha,3050.0
2025-12-04,Tomato,Doraha,3150.0
2025-12-05,Tomato,Doraha,3450.0
2025-12-08,Tomato,Doraha,3050.0
2025-12-09,Tomato,Doraha,3000.0
2025-12-10,Tomato,Doraha,3550.0
2025-12-11,Tomato,Doraha,3200.0
2025-12-12,Tomato,Doraha,3250.0
2025-12-15,Tomato,Doraha,3050.0
2025-12-16,Tomato,Doraha,4500.0
2025-12-17,Tomato,Doraha,3550.0
2025-12-18,Tomato,Doraha,3550.0
2025-12-19,Tomato,Doraha,4050.0
2025-12-22,Tomato,Doraha,3650.0
2025-12-23,Tomato,Doraha,3050.0
2025-12-24,Tomato,Doraha,3000.0
2025-12-25,Tomato,Doraha,3550.0
2025-12-26,Tomato,Doraha,3500.0
2025-12-29,Tomato,Doraha,3650.0
2025-12-30,Tomato,Doraha,3650.0
2025-12-31,Tomato,Doraha,4250.0
2026-01-02,Tomato,Doraha,4500.0
2026-01-05,Tomato,Doraha,3550.0
2026-01-06,Tomato,Doraha,3650.0
2026-01-07,Tomato,Doraha,3800.0
2026-01-08,Tomato,Doraha,3700.0
2026-01-09,Tomato,Doraha,4250.0
2026-01-12,Tomato,Doraha,3550.0
2026-01-14,Tomato,Doraha,3600.0
2026-01-15,Tomato,Doraha,3650.0
2026-01-16,Tomato,Doraha,3500.0
2026-01-19,Tomato,Doraha,3500.0
2026-01-20,Tomato,Doraha,4500.0
2026-01-21,Tomato,Doraha,3500.0
2026-01-22,Tomato,Doraha,3250.0
2026-01-23,Tomato,Doraha,3550.0
2026-01-26,Tomato,Doraha,3200.0
2026-01-27,Tomato,Doraha,3200.0
2026-01-28,Tomato,Doraha,3400.0
2026-01-29,Tomato,Doraha,3250.0
2026-01-30,Tomato,Doraha,3000.0
2026-02-02,Tomato,Doraha,2800.0
2026-02-03,Tomato,Doraha,2750.0
2026-02-04,Tomato,Doraha,2850.0
2026-02-05,Tomato,Doraha,2500.0
2026-02-06,Tomato,Doraha,2350.0
2026-02-09,Tomato,Doraha,2500.0
2026-02-10,Tomato,Doraha,2300.0
2026-02-12,Tomato,Doraha,2500.0
2026-02-13,Tomato,Doraha,2300.0
2026-02-16,Tomato,Doraha,2300.0
2026-02-17,Tomato,Doraha,2350.0
2026-02-18,Tomato,Doraha,2300.0
2026-02-19,Tomato,Doraha,2200.0
2026-02-20,Tomato,Doraha,2050.0
2026-02-23,Tomato,Doraha,2200.0
2026-02-24,Tomato,Doraha,2300.0
2026-02-25,Tomato,Doraha,2300.0
2026-02-26,Tomato,Doraha,2350.0
2026-02-27,Tomato,Doraha,2400.0
2026-03-02,Tomato,Doraha,2300.0
2026-03-03,Tomato,Doraha,2300.0
2026-03-04,Tomato,Doraha,2000.0
2026-03-05,Tomato,Doraha,2000.0
2026-03-06,Tomato,Doraha,2200.0
2026-03-09,Tomato,Doraha,2300.0
2026-03-10,Tomato,Doraha,2250.0
2026-03-11,Tomato,Doraha,2250.0
2026-03-12,Tomato,Doraha,2200.0
2026-03-13,Tomato,Doraha,2250.0
2026-03-16,Tomato,Doraha,2255.0
2026-03-17,Tomato,Doraha,2200.0
2026-03-18,Tomato,Doraha,2300.0
2026-03-19,Tomato,Doraha,2500.0
2026-03-20,Tomato,Doraha,2350.0
2026-03-24,Tomato,Doraha,2500.0
2026-03-25,Tomato,Doraha,2300.0
2026-03-27,Tomato,Doraha,2500.0
2026-03-30,Tomato,Doraha,2500.0
2026-04-01,Tomato,Doraha,2250.0
2026-04-02,Tomato,Doraha,2300.0
2026-04-03,Tomato,Doraha,2200.0
2026-04-06,Tomato,Doraha,2250.0
2026-04-07,Tomato,Doraha,2300.0
2026-04-08,Tomato,Doraha,2350.0
2026-04-09,Tomato,Doraha,2400.0
2026-04-10,Tomato,Doraha,2500.0
2026-04-13,Tomato,Doraha,2500.0
2026-04-14,Tomato,Doraha,2400.0
2026-04-15,Tomato,Doraha,2250.0
2026-04-16,Tomato,Doraha,2200.0
2026-04-17,Tomato,Doraha,2300.0
2026-04-20,Tomato,Doraha,2350.0
2026-04-21,Tomato,Doraha,2350.0
2026-04-22,Tomato,Doraha,2550.0
2026-04-23,Tomato,Doraha,2350.0
2026-04-24,Tomato,Doraha,2500.0
2026-04-27,Tomato,Doraha,2500.0
2026-04-28,Tomato,Doraha,2500.0
2026-04-29,Tomato,Doraha,2500.0
2026-04-30,Tomato,Doraha,2500.0
2026-05-04,Tomato,Doraha,2250.0
2026-05-05,Tomato,Doraha,2000.0
2026-05-06,Tomato,Doraha,2000.0
2026-05-07,Tomato,Doraha,2350.0
2026-05-08,Tomato,Doraha,2250.0
2026-05-11,Tomato,Doraha,2250.0
2026-05-12,Tomato,Doraha,2100.0
2026-05-13,Tomato,Doraha,2200.0
2026-05-14,Tomato,Doraha,2300.0
2026-05-15,Tomato,Doraha,2500.0
2026-05-18,Tomato,Doraha,2250.0
2026-05-19,Tomato,Doraha,2500.0
2026-05-20,Tomato,Doraha,2400.0
2026-05-21,Tomato,Doraha,2200.0
2026-05-22,Tomato,Doraha,1800.0
2026-05-24,Tomato,Doraha,2000.0
2026-05-25,Tomato,Doraha,1500.0
2026-05-26,Tomato,Doraha,1700.0
2026-05-27,Tomato,Doraha,1800.0
2026-05-28,Tomato,Doraha,1500.0
2026-05-29,Tomato,Doraha,1800.0
2026-06-01,Tomato,Doraha,2000.0
2026-06-02,Tomato,Doraha,2350.0
2026-06-03,Tomato,Doraha,2000.0
2026-06-04,Tomato,Doraha,2400.0
2026-06-05,Tomato,Doraha,2500.0
2026-06-08,Tomato,Doraha,2250.0
2026-06-09,Tomato,Doraha,2500.0
2026-06-10,Tomato,Doraha,2500.0
2026-06-11,Tomato,Doraha,2500.0
2026-06-12,Tomato,Doraha,2500.0
2026-06-14,Tomato,Doraha,2500.0
2026-06-15,Tomato,Doraha,2500.0
2026-06-16,Tomato,Doraha,2500.0
2026-06-17,Tomato,Doraha,2500.0
2026-06-18,Tomato,Doraha,2500.0
2026-06-19,Tomato,Doraha,2500.0
2026-06-23,Tomato,Doraha,2500.0
2026-06-24,Tomato,Doraha,2500.0
2026-06-25,Tomato,Doraha,2500.0
2026-06-26,Tomato,Doraha,2500.0
2026-07-01,Tomato,Doraha,2500.0
2026-07-02,Tomato,Doraha,2500.0
2026-07-03,Tomato,Doraha,3500.0
2026-07-06,Tomato,Doraha,3000.0
2026-07-07,Tomato,Doraha,3500.0
2026-07-08,Tomato,Doraha,2500.0
2026-07-09,Tomato,Doraha,2500.0
2026-07-10,Tomato,Doraha,2300.0
2026-07-11,Tomato,Doraha,2500.0
2026-07-13,Tomato,Doraha,2500.0
2026-07-14,Tomato,Doraha,2500.0
2026-07-15,Tomato,Doraha,2350.0
2026-07-16,Tomato,Doraha,3500.0
2026-07-17,Tomato,Doraha,2600.0
2026-07-18,Tomato,Doraha,2800.0
2026-07-20,Tomato,Doraha,2500.0
2026-07-21,Tomato,Doraha,2650.0
2026-07-22,Tomato,Doraha,2750.0
2026-07-23,Tomato,Doraha,2500.0
2026-07-24,Tomato,Doraha,2800.0
2026-07-25,Tomato,Doraha,2500.0
2026-07-27,Tomato,Doraha,2400.0
2026-07-28,Tomato,Doraha,2800.0
2026-07-29,Tomato,Doraha,2500.0
2026-07-31,Tomato,Doraha,2200.0
2026-08-01,Tomato,Doraha,2500.0
2026-08-03,Tomato,Doraha,2500.0
2026-08-04,Tomato,Doraha,2500.0
2026-08-05,Tomato,Doraha,2350.0
2026-08-06,Tomato,Doraha,2500.0
2026-08-07,Tomato,Doraha,2500.0
2026-08-08,Tomato,Doraha,2500.0
2026-08-10,Tomato,Doraha,2500.0
2026-08-11,Tomato,Doraha,2500.0
2026-08-12,Tomato,Doraha,2800.0
2026-08-14,Tomato,Doraha,3000.0
2026-08-17,Tomato,Doraha,2500.0
2026-08-18,Tomato,Doraha,3000.0
2026-08-19,Tomato,Doraha,2800.0
2026-08-20,Tomato,Doraha,2550.0
2026-08-21,Tomato,Doraha,2500.0
2026-08-22,Tomato,Doraha,2500.0
2026-08-24,Tomato,Doraha,2250.0
2026-08-25,Tomato,Doraha,2200.0
2026-08-26,Tomato,Doraha,2200.0
2026-08-27,Tomato,Doraha,2300.0
2026-08-28,Tomato,Doraha,2300.0
2026-08-29,Tomato,Doraha,2300.0
2023-06-07,Tomato,Dudhansadhan,800.0
2023-06-08,Tomato,Dudhansadhan,750.0
2023-06-10,Tomato,Dudhansadhan,900.0
2023-06-11,Tomato,Dudhansadhan,900.0
2023-06-16,Tomato,Dudhansadhan,1100.0
2023-06-18,Tomato,Dudhansadhan,1200.0
2023-06-19,Tomato,Dudhansadhan,1100.0
2023-06-20,Tomato,Dudhansadhan,1100.0
2023-06-23,Tomato,Dudhansadhan,1100.0
2023-06-24,Tomato,Dudhansadhan,1100.0
2023-06-27,Tomato,Dudhansadhan,1100.0
2023-06-30,Tomato,Dudhansadhan,4200.0
2023-07-01,Tomato,Dudhansadhan,4200.0
2023-07-02,Tomato,Dudhansadhan,4200.0
2023-07-04,Tomato,Dudhansadhan,6200.0
2023-07-06,Tomato,Dudhansadhan,7200.0
2023-07-08,Tomato,Dudhansadhan,6200.0
2023-07-18,Tomato,Dudhansadhan,6200.0
2023-07-20,Tomato,Dudhansadhan,6200.0
2023-07-22,Tomato,Dudhansadhan,6200.0
2023-07-23,Tomato,Dudhansadhan,6200.0
2023-07-24,Tomato,Dudhansadhan,6200.0
2023-07-25,Tomato,Dudhansadhan,5200.0
2023-07-26,Tomato,Dudhansadhan,5200.0
2023-07-28,Tomato,Dudhansadhan,7700.0
2023-08-16,Tomato,Dudhansadhan,8200.0
2023-08-20,Tomato,Dudhansadhan,6200.0
2023-08-24,Tomato,Dudhansadhan,6200.0
2023-08-26,Tomato,Dudhansadhan,5200.0
2023-09-09,Tomato,Dudhansadhan,2200.0
2023-10-07,Tomato,Dudhansadhan,1700.0
2023-10-21,Tomato,Dudhansadhan,1700.0
2023-11-06,Tomato,Dudhansadhan,2200.0
2025-11-10,Tomato,Dudhansadhan,2166.67
2025-11-11,Tomato,Dudhansadhan,2000.0
2025-11-12,Tomato,Dudhansadhan,2500.0
2025-11-18,Tomato,Dudhansadhan,3000.0
2025-11-19,Tomato,Dudhansadhan,3500.0
2025-11-20,Tomato,Dudhansadhan,3500.0
2025-11-21,Tomato,Dudhansadhan,3000.0
2025-11-22,Tomato,Dudhansadhan,3500.0
2025-11-23,Tomato,Dudhansadhan,3500.0
2025-11-24,Tomato,Dudhansadhan,4000.0
2025-11-25,Tomato,Dudhansadhan,3500.0
2025-11-26,Tomato,Dudhansadhan,3500.0
2025-11-27,Tomato,Dudhansadhan,3500.0
2025-11-28,Tomato,Dudhansadhan,3500.0
2025-11-29,Tomato,Dudhansadhan,3500.0
2025-12-01,Tomato,Dudhansadhan,3500.0
2025-12-02,Tomato,Dudhansadhan,3500.0
2025-12-03,Tomato,Dudhansadhan,3500.0
2025-12-04,Tomato,Dudhansadhan,3500.0
2025-12-05,Tomato,Dudhansadhan,3500.0
2025-12-06,Tomato,Dudhansadhan,3500.0
2025-12-07,Tomato,Dudhansadhan,3500.0
2025-12-09,Tomato,Dudhansadhan,3500.0
2025-12-10,Tomato,Dudhansadhan,3500.0
2025-12-11,Tomato,Dudhansadhan,3500.0
2025-12-12,Tomato,Dudhansadhan,3500.0
2025-12-16,Tomato,Dudhansadhan,3500.0
2025-12-17,Tomato,Dudhansadhan,3500.0
2025-12-18,Tomato,Dudhansadhan,3500.0
2025-12-20,Tomato,Dudhansadhan,3500.0
2025-12-22,Tomato,Dudhansadhan,3500.0
2025-12-23,Tomato,Dudhansadhan,3500.0
2025-12-24,Tomato,Dudhansadhan,3500.0
2025-12-26,Tomato,Dudhansadhan,3500.0
2025-12-27,Tomato,Dudhansadhan,3500.0
2025-12-29,Tomato,Dudhansadhan,3500.0
2025-12-31,Tomato,Dudhansadhan,3500.0
2026-01-01,Tomato,Dudhansadhan,3500.0
2026-01-02,Tomato,Dudhansadhan,3500.0
2026-01-03,Tomato,Dudhansadhan,3500.0
2026-01-04,Tomato,Dudhansadhan,3500.0
2026-01-05,Tomato,Dudhansadhan,3500.0
2026-01-06,Tomato,Dudhansadhan,3500.0
2026-01-07,Tomato,Dudhansadhan,3500.0
2026-01-08,Tomato,Dudhansadhan,3500.0
2026-01-09,Tomato,Dudhansadhan,3500.0
2026-01-10,Tomato,Dudhansadhan,3500.0
2026-01-12,Tomato,Dudhansadhan,3500.0
2026-01-13,Tomato,Dudhansadhan,3500.0
2026-01-14,Tomato,Dudhansadhan,2500.0
2026-01-16,Tomato,Dudhansadhan,2200.0
2026-01-17,Tomato,Dudhansadhan,2500.0
2026-01-18,Tomato,Dudhansadhan,3000.0
2026-01-19,Tomato,Dudhansadhan,2200.0
2026-01-20,Tomato,Dudhansadhan,2500.0
2026-01-24,Tomato,Dudhansadhan,2000.0
2026-01-26,Tomato,Dudhansadhan,1500.0
2026-01-28,Tomato,Dudhansadhan,3000.0
2026-01-29,Tomato,Dudhansadhan,3000.0
2026-01-30,Tomato,Dudhansadhan,2200.0
2026-01-31,Tomato,Dudhansadhan,2000.0
2026-02-01,Tomato,Dudhansadhan,2000.0
2026-02-02,Tomato,Dudhansadhan,3000.0
2026-02-04,Tomato,Dudhansadhan,3500.0
2026-02-05,Tomato,Dudhansadhan,2500.0
2026-02-06,Tomato,Dudhansadhan,2500.0
2026-02-08,Tomato,Dudhansadhan,3000.0
2026-02-09,Tomato,Dudhansadhan,3000.0
2026-02-10,Tomato,Dudhansadhan,1500.0
2026-02-11,Tomato,Dudhansadhan,1500.0
2026-02-12,Tomato,Dudhansadhan,1500.0
2026-02-13,Tomato,Dudhansadhan,3000.0
2026-02-14,Tomato,Dudhansadhan,3000.0
2026-02-16,Tomato,Dudhansadhan,3000.0
2026-02-17,Tomato,Dudhansadhan,2500.0
2026-02-18,Tomato,Dudhansadhan,2000.0
2026-02-19,Tomato,Dudhansadhan,2000.0
2026-02-20,Tomato,Dudhansadhan,2500.0
2026-02-21,Tomato,Dudhansadhan,2500.0
2026-02-23,Tomato,Dudhansadhan,3000.0
2026-02-25,Tomato,Dudhansadhan,2500.0
2026-03-01,Tomato,Dudhansadhan,2500.0
2026-03-02,Tomato,Dudhansadhan,2500.0
2026-03-03,Tomato,Dudhansadhan,2500.0
2026-03-04,Tomato,Dudhansadhan,2500.0
2026-03-06,Tomato,Dudhansadhan,2500.0
2026-03-09,Tomato,Dudhansadhan,3000.0
2026-03-10,Tomato,Dudhansadhan,2500.0
2026-03-11,Tomato,Dudhansadhan,2500.0
2026-03-12,Tomato,Dudhansadhan,2500.0
2026-03-14,Tomato,Dudhansadhan,2500.0
2026-03-15,Tomato,Dudhansadhan,2500.0
2026-03-16,Tomato,Dudhansadhan,2500.0
2026-03-17,Tomato,Dudhansadhan,2500.0
2026-03-18,Tomato,Dudhansadhan,2500.0
2026-03-19,Tomato,Dudhansadhan,2500.0
2026-03-20,Tomato,Dudhansadhan,2500.0
2026-03-21,Tomato,Dudhansadhan,2500.0
2026-03-22,Tomato,Dudhansadhan,2500.0
2026-03-23,Tomato,Dudhansadhan,2500.0
2026-03-24,Tomato,Dudhansadhan,2500.0
2026-03-25,Tomato,Dudhansadhan,2500.0
2026-03-26,Tomato,Dudhansadhan,2500.0
2026-03-27,Tomato,Dudhansadhan,1500.0
2026-03-30,Tomato,Dudhansadhan,1500.0
2026-03-31,Tomato,Dudhansadhan,1500.0
2026-04-02,Tomato,Dudhansadhan,1500.0
2026-04-03,Tomato,Dudhansadhan,1500.0
2026-04-04,Tomato,Dudhansadhan,1500.0
2026-04-05,Tomato,Dudhansadhan,1500.0
2026-04-06,Tomato,Dudhansadhan,1500.0
2026-04-07,Tomato,Dudhansadhan,1000.0
2026-04-09,Tomato,Dudhansadhan,1200.0
2026-04-10,Tomato,Dudhansadhan,1000.0
2026-04-11,Tomato,Dudhansadhan,1000.0
2026-04-13,Tomato,Dudhansadhan,2000.0
2026-04-15,Tomato,Dudhansadhan,2000.0
2026-04-16,Tomato,Dudhansadhan,2000.0
2026-04-17,Tomato,Dudhansadhan,2000.0
2026-04-18,Tomato,Dudhansadhan,1500.0
2026-04-19,Tomato,Dudhansadhan,1500.0
2026-04-20,Tomato,Dudhansadhan,2000.0
2026-04-21,Tomato,Dudhansadhan,2000.0
2026-04-23,Tomato,Dudhansadhan,3000.0
2026-04-24,Tomato,Dudhansadhan,3000.0
2026-04-25,Tomato,Dudhansadhan,3000.0
2026-04-27,Tomato,Dudhansadhan,3000.0
2026-04-28,Tomato,Dudhansadhan,3000.0
2026-04-29,Tomato,Dudhansadhan,3000.0
2026-04-30,Tomato,Dudhansadhan,3000.0
2026-05-01,Tomato,Dudhansadhan,3000.0
2026-05-02,Tomato,Dudhansadhan,3000.0
2026-05-03,Tomato,Dudhansadhan,3000.0
2026-05-04,Tomato,Dudhansadhan,3000.0
2026-05-05,Tomato,Dudhansadhan,3000.0
2026-05-06,Tomato,Dudhansadhan,2500.0
2026-05-07,Tomato,Dudhansadhan,3000.0
2026-05-08,Tomato,Dudhansadhan,3000.0
2026-05-09,Tomato,Dudhansadhan,1500.0
2026-05-10,Tomato,Dudhansadhan,1500.0
2026-05-11,Tomato,Dudhansadhan,2500.0
2026-05-12,Tomato,Dudhansadhan,1500.0
2026-05-13,Tomato,Dudhansadhan,1500.0
2026-05-14,Tomato,Dudhansadhan,2000.0
2026-05-15,Tomato,Dudhansadhan,1500.0
2026-05-16,Tomato,Dudhansadhan,1500.0
2026-05-17,Tomato,Dudhansadhan,1000.0
2026-05-18,Tomato,Dudhansadhan,1500.0
2026-05-19,Tomato,Dudhansadhan,1500.0
2026-05-21,Tomato,Dudhansadhan,1500.0
2026-05-23,Tomato,Dudhansadhan,1500.0
2026-05-24,Tomato,Dudhansadhan,1200.0
2026-05-26,Tomato,Dudhansadhan,1500.0
2026-05-27,Tomato,Dudhansadhan,1500.0
2026-05-29,Tomato,Dudhansadhan,1500.0
2026-05-30,Tomato,Dudhansadhan,1000.0
2026-06-01,Tomato,Dudhansadhan,1500.0
2026-06-02,Tomato,Dudhansadhan,1200.0
2026-06-03,Tomato,Dudhansadhan,1500.0
2026-06-04,Tomato,Dudhansadhan,1500.0
2026-06-05,Tomato,Dudhansadhan,1500.0
2026-06-06,Tomato,Dudhansadhan,1500.0
2026-06-07,Tomato,Dudhansadhan,2000.0
2026-06-08,Tomato,Dudhansadhan,2000.0
2026-06-09,Tomato,Dudhansadhan,1500.0
2026-06-10,Tomato,Dudhansadhan,2000.0
2026-06-12,Tomato,Dudhansadhan,2000.0
2026-06-13,Tomato,Dudhansadhan,2000.0
2026-06-14,Tomato,Dudhansadhan,2500.0
2026-06-15,Tomato,Dudhansadhan,2000.0
2026-06-16,Tomato,Dudhansadhan,2500.0
2026-06-17,Tomato,Dudhansadhan,2000.0
2026-06-18,Tomato,Dudhansadhan,3000.0
2026-06-19,Tomato,Dudhansadhan,2200.0
2026-06-20,Tomato,Dudhansadhan,2500.0
2026-06-22,Tomato,Dudhansadhan,2500.0
2026-06-23,Tomato,Dudhansadhan,2500.0
2026-06-24,Tomato,Dudhansadhan,3500.0
2026-06-26,Tomato,Dudhansadhan,3000.0
2026-06-27,Tomato,Dudhansadhan,3000.0
2026-06-30,Tomato,Dudhansadhan,2500.0
2026-07-01,Tomato,Dudhansadhan,2500.0
2026-07-02,Tomato,Dudhansadhan,3000.0
2026-07-03,Tomato,Dudhansadhan,3000.0
2026-07-04,Tomato,Dudhansadhan,3000.0
2026-07-05,Tomato,Dudhansadhan,3000.0
2026-07-06,Tomato,Dudhansadhan,3500.0
2026-07-07,Tomato,Dudhansadhan,3000.0
2026-07-08,Tomato,Dudhansadhan,3000.0
2026-07-09,Tomato,Dudhansadhan,3000.0
2026-07-10,Tomato,Dudhansadhan,3000.0
2026-07-12,Tomato,Dudhansadhan,3000.0
2026-07-13,Tomato,Dudhansadhan,3000.0
2026-07-15,Tomato,Dudhansadhan,3000.0
2026-07-16,Tomato,Dudhansadhan,3000.0
2026-07-17,Tomato,Dudhansadhan,3000.0
2026-07-18,Tomato,Dudhansadhan,3500.0
2026-07-19,Tomato,Dudhansadhan,3500.0
2026-07-20,Tomato,Dudhansadhan,3500.0
2026-07-21,Tomato,Dudhansadhan,3500.0
2026-07-22,Tomato,Dudhansadhan,3500.0
2026-07-23,Tomato,Dudhansadhan,3500.0
2026-07-25,Tomato,Dudhansadhan,3500.0
2026-07-27,Tomato,Dudhansadhan,3500.0
2026-07-28,Tomato,Dudhansadhan,2500.0
2026-07-29,Tomato,Dudhansadhan,2500.0
2026-07-30,Tomato,Dudhansadhan,2500.0
2026-07-31,Tomato,Dudhansadhan,2500.0
2026-08-01,Tomato,Dudhansadhan,3000.0
2026-08-02,Tomato,Dudhansadhan,2500.0
2026-08-03,Tomato,Dudhansadhan,2500.0
2026-08-04,Tomato,Dudhansadhan,2500.0
2026-08-05,Tomato,Dudhansadhan,2500.0
2026-08-06,Tomato,Dudhansadhan,2500.0
2026-08-07,Tomato,Dudhansadhan,2500.0
2026-08-08,Tomato,Dudhansadhan,2500.0
2026-08-09,Tomato,Dudhansadhan,3000.0
2026-08-10,Tomato,Dudhansadhan,3000.0
2026-08-11,Tomato,Dudhansadhan,3000.0
2026-08-12,Tomato,Dudhansadhan,3000.0
2026-08-13,Tomato,Dudhansadhan,3000.0
2026-08-14,Tomato,Dudhansadhan,3000.0
2026-08-15,Tomato,Dudhansadhan,3000.0
2026-08-16,Tomato,Dudhansadhan,3000.0
2026-08-17,Tomato,Dudhansadhan,3000.0
2026-08-18,Tomato,Dudhansadhan,3000.0
2026-08-19,Tomato,Dudhansadhan,3000.0
2026-08-20,Tomato,Dudhansadhan,3000.0
2026-08-21,Tomato,Dudhansadhan,3000.0
2026-08-22,Tomato,Dudhansadhan,3000.0
2026-08-23,Tomato,Dudhansadhan,3000.0
2026-08-24,Tomato,Dudhansadhan,3000.0
2026-08-25,Tomato,Dudhansadhan,3000.0
2026-08-26,Tomato,Dudhansadhan,3000.0
2026-08-27,Tomato,Dudhansadhan,3000.0
2026-01-21,Tomato,Gehri,1500.0
2026-02-16,Tomato,Gehri,1700.0
2026-02-19,Tomato,Gehri,1200.0
2023-06-12,Tomato,Gehri(Jandiala mandi),1000.0
2023-06-15,Tomato,Gehri(Jandiala mandi),1000.0
2025-11-07,Tomato,Ghanaur,2500.0
2025-11-10,Tomato,Ghanaur,2750.0
2025-11-11,Tomato,Ghanaur,2750.0
2025-11-12,Tomato,Ghanaur,2100.0
2025-11-13,Tomato,Ghanaur,2100.0
2025-11-15,Tomato,Ghanaur,2300.0
2025-11-16,Tomato,Ghanaur,2200.0
2025-11-17,Tomato,Ghanaur,2500.0
2025-11-18,Tomato,Ghanaur,2500.0
2025-11-19,Tomato,Ghanaur,4000.0
2025-11-20,Tomato,Ghanaur,3000.0
2025-11-21,Tomato,Ghanaur,3000.0
2025-11-23,Tomato,Ghanaur,5500.0
2025-11-24,Tomato,Ghanaur,5500.0
2025-11-25,Tomato,Ghanaur,5500.0
2025-11-26,Tomato,Ghanaur,5500.0
2025-12-01,Tomato,Ghanaur,3750.0
2025-12-02,Tomato,Ghanaur,3750.0
2025-12-03,Tomato,Ghanaur,3750.0
2025-12-04,Tomato,Ghanaur,3100.0
2025-12-05,Tomato,Ghanaur,3100.0
2025-12-06,Tomato,Ghanaur,3000.0
2025-12-07,Tomato,Ghanaur,3000.0
2025-12-08,Tomato,Ghanaur,3000.0
2025-12-09,Tomato,Ghanaur,3000.0
2025-12-10,Tomato,Ghanaur,2400.0
2025-12-11,Tomato,Ghanaur,2500.0
2025-12-12,Tomato,Ghanaur,2400.0
2025-12-13,Tomato,Ghanaur,2400.0
2025-12-14,Tomato,Ghanaur,2400.0
2025-12-15,Tomato,Ghanaur,2400.0
2025-12-16,Tomato,Ghanaur,2400.0
2025-12-17,Tomato,Ghanaur,2400.0
2025-12-18,Tomato,Ghanaur,2300.0
2025-12-19,Tomato,Ghanaur,2300.0
2025-12-21,Tomato,Ghanaur,2300.0
2025-12-22,Tomato,Ghanaur,2300.0
2025-12-23,Tomato,Ghanaur,2750.0
2025-12-25,Tomato,Ghanaur,2400.0
2025-12-26,Tomato,Ghanaur,2400.0
2025-12-28,Tomato,Ghanaur,2400.0
2025-12-29,Tomato,Ghanaur,2400.0
2025-12-30,Tomato,Ghanaur,2400.0
2025-12-31,Tomato,Ghanaur,2500.0
2026-01-01,Tomato,Ghanaur,2400.0
2026-01-02,Tomato,Ghanaur,2900.0
2026-01-03,Tomato,Ghanaur,2800.0
2026-01-04,Tomato,Ghanaur,2900.0
2026-01-05,Tomato,Ghanaur,2900.0
2026-01-06,Tomato,Ghanaur,2900.0
2026-01-09,Tomato,Ghanaur,2800.0
2026-01-10,Tomato,Ghanaur,2800.0
2026-01-11,Tomato,Ghanaur,2700.0
2026-01-12,Tomato,Ghanaur,2700.0
2026-01-13,Tomato,Ghanaur,2250.0
2026-01-14,Tomato,Ghanaur,2250.0
2026-01-15,Tomato,Ghanaur,2250.0
2026-01-19,Tomato,Ghanaur,1900.0
2026-01-20,Tomato,Ghanaur,1900.0
2026-01-21,Tomato,Ghanaur,2200.0
2026-01-23,Tomato,Ghanaur,2100.0
2026-01-24,Tomato,Ghanaur,2100.0
2026-01-26,Tomato,Ghanaur,2100.0
2026-01-27,Tomato,Ghanaur,2100.0
2026-01-28,Tomato,Ghanaur,2400.0
2026-01-29,Tomato,Ghanaur,2400.0
2026-01-30,Tomato,Ghanaur,2400.0
2026-01-31,Tomato,Ghanaur,2400.0
2026-02-01,Tomato,Ghanaur,2400.0
2026-02-02,Tomato,Ghanaur,2400.0
2026-02-03,Tomato,Ghanaur,2400.0
2026-02-04,Tomato,Ghanaur,2400.0
2026-02-05,Tomato,Ghanaur,2400.0
2026-02-08,Tomato,Ghanaur,2500.0
2026-02-09,Tomato,Ghanaur,2500.0
2026-02-10,Tomato,Ghanaur,2500.0
2026-02-11,Tomato,Ghanaur,1600.0
2026-02-12,Tomato,Ghanaur,1600.0
2026-02-15,Tomato,Ghanaur,1200.0
2026-02-16,Tomato,Ghanaur,1200.0
2026-02-25,Tomato,Ghanaur,1100.0
2026-02-26,Tomato,Ghanaur,1100.0
2026-02-27,Tomato,Ghanaur,1100.0
2026-03-01,Tomato,Ghanaur,1100.0
2026-03-02,Tomato,Ghanaur,1100.0
2026-03-04,Tomato,Ghanaur,1100.0
2026-03-05,Tomato,Ghanaur,1100.0
2026-03-08,Tomato,Ghanaur,900.0
2026-03-09,Tomato,Ghanaur,900.0
2026-03-10,Tomato,Ghanaur,1000.0
2026-03-11,Tomato,Ghanaur,1000.0
2026-03-12,Tomato,Ghanaur,1000.0
2026-03-13,Tomato,Ghanaur,1000.0
2026-03-15,Tomato,Ghanaur,1000.0
2026-03-16,Tomato,Ghanaur,1000.0
2026-03-17,Tomato,Ghanaur,1000.0
2026-03-18,Tomato,Ghanaur,1000.0
2026-03-19,Tomato,Ghanaur,1000.0
2026-03-20,Tomato,Ghanaur,1000.0
2026-03-23,Tomato,Ghanaur,1300.0
2026-03-24,Tomato,Ghanaur,1300.0
2026-03-26,Tomato,Ghanaur,1300.0
2026-03-27,Tomato,Ghanaur,1300.0
2026-04-02,Tomato,Ghanaur,1100.0
2026-04-03,Tomato,Ghanaur,1100.0
2026-04-04,Tomato,Ghanaur,1100.0
2026-04-05,Tomato,Ghanaur,1100.0
2026-04-06,Tomato,Ghanaur,1100.0
2026-04-07,Tomato,Ghanaur,1100.0
2026-04-08,Tomato,Ghanaur,1100.0
2026-04-09,Tomato,Ghanaur,1100.0
2026-04-10,Tomato,Ghanaur,1100.0
2026-04-12,Tomato,Ghanaur,1100.0
2026-04-13,Tomato,Ghanaur,1100.0
2026-04-14,Tomato,Ghanaur,1100.0
2026-04-15,Tomato,Ghanaur,1100.0
2026-04-21,Tomato,Ghanaur,2100.0
2026-04-22,Tomato,Ghanaur,2100.0
2026-04-23,Tomato,Ghanaur,2100.0
2026-04-24,Tomato,Ghanaur,900.0
2026-04-25,Tomato,Ghanaur,900.0
2026-04-26,Tomato,Ghanaur,900.0
2026-05-04,Tomato,Ghanaur,1100.0
2026-05-05,Tomato,Ghanaur,1100.0
2026-05-06,Tomato,Ghanaur,1100.0
2026-05-14,Tomato,Ghanaur,1200.0
2026-05-15,Tomato,Ghanaur,1200.0
2026-05-18,Tomato,Ghanaur,1100.0
2026-05-19,Tomato,Ghanaur,1200.0
2026-05-21,Tomato,Ghanaur,1200.0
2026-05-22,Tomato,Ghanaur,1200.0
2026-05-26,Tomato,Ghanaur,1300.0
2026-05-27,Tomato,Ghanaur,1300.0
2026-06-02,Tomato,Ghanaur,900.0
2026-06-03,Tomato,Ghanaur,900.0
2026-06-08,Tomato,Ghanaur,1100.0
2026-06-09,Tomato,Ghanaur,1200.0
2026-06-10,Tomato,Ghanaur,1200.0
2026-06-16,Tomato,Ghanaur,1000.0
2026-06-17,Tomato,Ghanaur,1100.0
2026-06-18,Tomato,Ghanaur,1900.0
2026-06-19,Tomato,Ghanaur,1900.0
2026-07-22,Tomato,Ghanaur,1500.0
2026-07-23,Tomato,Ghanaur,1500.0
2026-07-24,Tomato,Ghanaur,1500.0
2026-07-26,Tomato,Ghanaur,1500.0
2026-07-27,Tomato,Ghanaur,1500.0
2026-07-28,Tomato,Ghanaur,1500.0
2026-07-29,Tomato,Ghanaur,1600.0
2026-07-30,Tomato,Ghanaur,1600.0
2026-08-02,Tomato,Ghanaur,1600.0
2026-08-03,Tomato,Ghanaur,1600.0
2026-08-04,Tomato,Ghanaur,1600.0
2026-08-05,Tomato,Ghanaur,1600.0
2026-08-06,Tomato,Ghanaur,1600.0
2026-08-07,Tomato,Ghanaur,1600.0
2026-08-08,Tomato,Ghanaur,1600.0
2026-08-09,Tomato,Ghanaur,1600.0
2026-08-10,Tomato,Ghanaur,1600.0
2026-08-11,Tomato,Ghanaur,1900.0
2026-08-12,Tomato,Ghanaur,1800.0
2026-08-13,Tomato,Ghanaur,1700.0
2026-08-14,Tomato,Ghanaur,1800.0
2026-08-15,Tomato,Ghanaur,1800.0
2026-08-16,Tomato,Ghanaur,1800.0
2026-08-17,Tomato,Ghanaur,2100.0
2026-08-18,Tomato,Ghanaur,1900.0
2026-08-20,Tomato,Ghanaur,1800.0
2026-08-21,Tomato,Ghanaur,1900.0
2026-08-23,Tomato,Ghanaur,1900.0
2026-08-24,Tomato,Ghanaur,1900.0
2026-08-25,Tomato,Ghanaur,1900.0
2026-08-26,Tomato,Ghanaur,1900.0
2026-08-28,Tomato,Ghanaur,1900.0
2026-08-29,Tomato,Ghanaur,1900.0
2023-10-03,Tomato,Jagraon,1500.0
2026-04-16,Tomato,Jagraon,2000.0
2026-04-17,Tomato,Jagraon,1500.0
2026-04-20,Tomato,Jagraon,1500.0
2026-04-21,Tomato,Jagraon,1800.0
2026-04-22,Tomato,Jagraon,2500.0
2026-04-23,Tomato,Jagraon,1800.0
2026-04-24,Tomato,Jagraon,1900.0
2026-05-04,Tomato,Jagraon,2000.0
2026-05-06,Tomato,Jagraon,2000.0
2026-05-12,Tomato,Jagraon,1300.0
2026-05-13,Tomato,Jagraon,1200.0
2026-05-18,Tomato,Jagraon,1500.0
2026-05-19,Tomato,Jagraon,1600.0
2026-05-20,Tomato,Jagraon,1500.0
2026-05-21,Tomato,Jagraon,1500.0
2026-05-23,Tomato,Jagraon,1300.0
2026-05-25,Tomato,Jagraon,1500.0
2026-05-26,Tomato,Jagraon,1500.0
2026-05-27,Tomato,Jagraon,1400.0
2026-05-29,Tomato,Jagraon,1400.0
2026-05-30,Tomato,Jagraon,1500.0
2026-06-01,Tomato,Jagraon,1400.0
2026-06-02,Tomato,Jagraon,1400.0
2026-06-03,Tomato,Jagraon,1400.0
2026-06-04,Tomato,Jagraon,1400.0
2026-06-06,Tomato,Jagraon,1500.0
2026-06-08,Tomato,Jagraon,1400.0
2026-06-09,Tomato,Jagraon,1500.0
2026-06-11,Tomato,Jagraon,1500.0
2026-06-13,Tomato,Jagraon,1500.0
2026-06-15,Tomato,Jagraon,1500.0
2026-06-16,Tomato,Jagraon,1500.0
2026-06-17,Tomato,Jagraon,1500.0
2026-06-19,Tomato,Jagraon,1500.0
2026-06-20,Tomato,Jagraon,1500.0
2026-06-22,Tomato,Jagraon,1500.0
2026-06-23,Tomato,Jagraon,1500.0
2026-06-24,Tomato,Jagraon,1500.0
2026-06-25,Tomato,Jagraon,1500.0
2026-06-29,Tomato,Jagraon,1500.0
2026-06-30,Tomato,Jagraon,1500.0
2026-07-01,Tomato,Jagraon,1500.0
2026-07-03,Tomato,Jagraon,1500.0
2026-07-04,Tomato,Jagraon,1500.0
2026-07-06,Tomato,Jagraon,1500.0
2026-07-08,Tomato,Jagraon,1500.0
2026-07-09,Tomato,Jagraon,1500.0
2026-07-10,Tomato,Jagraon,1500.0
2026-07-15,Tomato,Jagraon,1500.0
2026-07-16,Tomato,Jagraon,1500.0
2026-07-20,Tomato,Jagraon,1500.0
2026-07-21,Tomato,Jagraon,1500.0
2026-07-22,Tomato,Jagraon,1500.0
2026-07-23,Tomato,Jagraon,1500.0
2026-07-27,Tomato,Jagraon,1500.0
2026-07-28,Tomato,Jagraon,1500.0
2026-07-29,Tomato,Jagraon,1500.0
2026-07-30,Tomato,Jagraon,1500.0
2026-07-31,Tomato,Jagraon,1500.0
2026-08-01,Tomato,Jagraon,1500.0
2026-08-03,Tomato,Jagraon,1500.0
2026-08-04,Tomato,Jagraon,1500.0
2026-08-05,Tomato,Jagraon,1500.0
2026-08-06,Tomato,Jagraon,1500.0
2026-08-07,Tomato,Jagraon,1500.0
2026-08-10,Tomato,Jagraon,1500.0
2026-08-11,Tomato,Jagraon,1500.0
2026-08-13,Tomato,Jagraon,1500.0
2026-08-14,Tomato,Jagraon,1700.0
2026-08-17,Tomato,Jagraon,1500.0
2026-08-18,Tomato,Jagraon,1500.0
2026-08-19,Tomato,Jagraon,1600.0
2026-08-20,Tomato,Jagraon,1500.0
2026-08-21,Tomato,Jagraon,1600.0
2026-08-22,Tomato,Jagraon,1500.0
2026-08-24,Tomato,Jagraon,1600.0
2026-08-25,Tomato,Jagraon,1500.0
2026-08-26,Tomato,Jagraon,1500.0
2026-08-28,Tomato,Jagraon,1600.0
2023-06-06,Tomato,Khanna,1300.0
2023-06-07,Tomato,Khanna,1300.0
2023-06-09,Tomato,Khanna,1300.0
2023-06-10,Tomato,Khanna,1300.0
2023-06-12,Tomato,Khanna,1200.0
2023-06-13,Tomato,Khanna,1300.0
2023-06-14,Tomato,Khanna,1300.0
2023-06-15,Tomato,Khanna,1300.0
2023-06-16,Tomato,Khanna,1300.0
2023-06-17,Tomato,Khanna,1300.0
2023-06-19,Tomato,Khanna,1300.0
2023-06-20,Tomato,Khanna,1300.0
2023-06-21,Tomato,Khanna,1300.0
2023-06-22,Tomato,Khanna,1300.0
2023-06-26,Tomato,Khanna,1300.0
2023-06-27,Tomato,Khanna,1200.0
2023-06-28,Tomato,Khanna,1300.0
2023-06-29,Tomato,Khanna,1300.0
2023-06-30,Tomato,Khanna,1300.0
2023-07-01,Tomato,Khanna,1300.0
2023-07-04,Tomato,Khanna,7000.0
2023-07-05,Tomato,Khanna,6000.0
2023-07-06,Tomato,Khanna,6000.0
2023-07-17,Tomato,Khanna,6000.0
2023-07-18,Tomato,Khanna,7000.0
2023-07-19,Tomato,Khanna,5000.0
2023-07-20,Tomato,Khanna,4000.0
2023-07-21,Tomato,Khanna,4000.0
2023-07-22,Tomato,Khanna,7000.0
2023-07-24,Tomato,Khanna,7000.0
2023-07-31,Tomato,Khanna,5000.0
2023-08-01,Tomato,Khanna,5000.0
2023-08-02,Tomato,Khanna,6000.0
2025-11-07,Tomato,Khanna,1500.0
2025-11-08,Tomato,Khanna,1500.0
2025-11-10,Tomato,Khanna,1500.0
2025-11-11,Tomato,Khanna,1500.0
2025-11-12,Tomato,Khanna,2000.0
2025-11-13,Tomato,Khanna,2000.0
2025-11-14,Tomato,Khanna,2000.0
2025-11-15,Tomato,Khanna,2000.0
2025-11-17,Tomato,Khanna,2000.0
2025-11-19,Tomato,Khanna,2000.0
2025-11-20,Tomato,Khanna,2000.0
2025-11-21,Tomato,Khanna,2500.0
2025-11-22,Tomato,Khanna,2500.0
2025-11-24,Tomato,Khanna,2500.0
2025-11-25,Tomato,Khanna,2500.0
2025-11-26,Tomato,Khanna,1500.0
2025-11-27,Tomato,Khanna,2500.0
2025-11-28,Tomato,Khanna,3000.0
2025-12-01,Tomato,Khanna,2000.0
2025-12-02,Tomato,Khanna,2000.0
2025-12-03,Tomato,Khanna,2000.0
2025-12-04,Tomato,Khanna,2000.0
2025-12-05,Tomato,Khanna,2000.0
2025-12-06,Tomato,Khanna,2000.0
2025-12-08,Tomato,Khanna,2000.0
2025-12-09,Tomato,Khanna,2000.0
2025-12-10,Tomato,Khanna,1500.0
2025-12-11,Tomato,Khanna,2500.0
2025-12-12,Tomato,Khanna,2500.0
2025-12-13,Tomato,Khanna,2500.0
2025-12-15,Tomato,Khanna,2000.0
2025-12-16,Tomato,Khanna,1500.0
2025-12-17,Tomato,Khanna,3000.0
2025-12-18,Tomato,Khanna,3000.0
2025-12-19,Tomato,Khanna,2000.0
2025-12-20,Tomato,Khanna,2000.0
2025-12-22,Tomato,Khanna,2000.0
2025-12-23,Tomato,Khanna,2000.0
2025-12-24,Tomato,Khanna,2000.0
2025-12-25,Tomato,Khanna,2500.0
2025-12-26,Tomato,Khanna,2000.0
2025-12-27,Tomato,Khanna,2000.0
2025-12-29,Tomato,Khanna,2500.0
2025-12-30,Tomato,Khanna,2000.0
2025-12-31,Tomato,Khanna,2000.0
2026-01-01,Tomato,Khanna,3000.0
2026-01-02,Tomato,Khanna,3000.0
2026-01-03,Tomato,Khanna,3000.0
2026-01-05,Tomato,Khanna,3000.0
2026-01-06,Tomato,Khanna,3000.0
2026-01-07,Tomato,Khanna,3000.0
2026-01-10,Tomato,Khanna,3000.0
2026-01-12,Tomato,Khanna,3000.0
2026-01-13,Tomato,Khanna,3000.0
2026-01-14,Tomato,Khanna,3000.0
2026-01-15,Tomato,Khanna,2500.0
2026-01-16,Tomato,Khanna,3000.0
2026-01-17,Tomato,Khanna,3000.0
2026-01-19,Tomato,Khanna,3000.0
2026-01-20,Tomato,Khanna,3000.0
2026-01-21,Tomato,Khanna,2500.0
2026-01-22,Tomato,Khanna,2000.0
2026-01-23,Tomato,Khanna,2000.0
2026-01-24,Tomato,Khanna,2000.0
2026-01-26,Tomato,Khanna,2000.0
2026-01-27,Tomato,Khanna,2000.0
2026-01-28,Tomato,Khanna,2000.0
2026-01-29,Tomato,Khanna,2000.0
2026-01-30,Tomato,Khanna,2000.0
2026-01-31,Tomato,Khanna,2000.0
2026-02-02,Tomato,Khanna,2000.0
2026-02-03,Tomato,Khanna,2000.0
2026-02-04,Tomato,Khanna,1500.0
2026-02-05,Tomato,Khanna,1600.0
2026-02-06,Tomato,Khanna,1600.0
2026-02-08,Tomato,Khanna,1600.0
2026-02-09,Tomato,Khanna,1600.0
2026-02-10,Tomato,Khanna,1600.0
2026-02-11,Tomato,Khanna,1600.0
2026-02-12,Tomato,Khanna,1500.0
2026-02-13,Tomato,Khanna,1500.0
2026-02-16,Tomato,Khanna,1500.0
2026-02-17,Tomato,Khanna,1500.0
2026-02-18,Tomato,Khanna,1500.0
2026-02-19,Tomato,Khanna,1500.0
2026-02-20,Tomato,Khanna,1500.0
2026-02-21,Tomato,Khanna,1500.0
2026-02-23,Tomato,Khanna,1500.0
2026-02-24,Tomato,Khanna,1500.0
2026-02-25,Tomato,Khanna,1500.0
2026-02-26,Tomato,Khanna,1500.0
2026-02-27,Tomato,Khanna,1500.0
2026-02-28,Tomato,Khanna,1500.0
2026-03-02,Tomato,Khanna,1500.0
2026-03-03,Tomato,Khanna,1500.0
2026-03-04,Tomato,Khanna,1500.0
2026-03-05,Tomato,Khanna,1400.0
2026-03-06,Tomato,Khanna,1500.0
2026-03-07,Tomato,Khanna,1500.0
2026-03-09,Tomato,Khanna,1500.0
2026-03-10,Tomato,Khanna,1500.0
2026-03-11,Tomato,Khanna,1500.0
2026-03-12,Tomato,Khanna,1500.0
2026-03-13,Tomato,Khanna,1500.0
2026-03-14,Tomato,Khanna,1500.0
2026-03-16,Tomato,Khanna,1500.0
2026-03-17,Tomato,Khanna,1500.0
2026-03-18,Tomato,Khanna,1500.0
2026-03-19,Tomato,Khanna,1500.0
2026-03-20,Tomato,Khanna,1500.0
2026-03-23,Tomato,Khanna,1500.0
2026-03-25,Tomato,Khanna,1500.0
2026-03-26,Tomato,Khanna,1500.0
2026-03-27,Tomato,Khanna,1500.0
2026-03-28,Tomato,Khanna,1500.0
2026-03-30,Tomato,Khanna,1500.0
2026-03-31,Tomato,Khanna,1500.0
2026-04-01,Tomato,Khanna,1500.0
2026-04-02,Tomato,Khanna,1200.0
2026-04-03,Tomato,Khanna,1200.0
2026-04-04,Tomato,Khanna,1200.0
2026-04-06,Tomato,Khanna,1200.0
2026-04-07,Tomato,Khanna,1200.0
2026-04-08,Tomato,Khanna,1200.0
2026-04-09,Tomato,Khanna,1200.0
2026-04-10,Tomato,Khanna,1200.0
2026-04-11,Tomato,Khanna,1200.0
2026-04-13,Tomato,Khanna,1200.0
2026-04-14,Tomato,Khanna,1200.0
2026-04-15,Tomato,Khanna,1200.0
2026-04-16,Tomato,Khanna,1200.0
2026-04-17,Tomato,Khanna,1200.0
2026-04-18,Tomato,Khanna,1200.0
2026-04-20,Tomato,Khanna,2200.0
2026-04-21,Tomato,Khanna,1200.0
2026-04-22,Tomato,Khanna,1500.0
2026-04-23,Tomato,Khanna,1500.0
2026-04-24,Tomato,Khanna,1500.0
2026-04-25,Tomato,Khanna,1500.0
2026-04-27,Tomato,Khanna,1500.0
2026-04-28,Tomato,Khanna,1500.0
2026-04-29,Tomato,Khanna,1500.0
2026-04-30,Tomato,Khanna,1500.0
2026-05-01,Tomato,Khanna,1500.0
2026-05-02,Tomato,Khanna,1500.0
2026-05-04,Tomato,Khanna,1300.0
2026-05-05,Tomato,Khanna,1300.0
2026-05-06,Tomato,Khanna,1300.0
2026-05-07,Tomato,Khanna,1500.0
2026-05-08,Tomato,Khanna,1500.0
2026-05-09,Tomato,Khanna,1300.0
2026-05-11,Tomato,Khanna,1300.0
2026-05-12,Tomato,Khanna,1300.0
2026-05-13,Tomato,Khanna,1300.0
2026-05-14,Tomato,Khanna,1300.0
2026-05-15,Tomato,Khanna,1300.0
2026-05-16,Tomato,Khanna,1300.0
2026-05-18,Tomato,Khanna,1300.0
2026-05-19,Tomato,Khanna,1300.0
2026-05-20,Tomato,Khanna,1300.0
2026-05-21,Tomato,Khanna,1300.0
2026-05-22,Tomato,Khanna,1300.0
2026-05-23,Tomato,Khanna,1200.0
2026-05-25,Tomato,Khanna,1200.0
2026-05-27,Tomato,Khanna,1200.0
2026-05-28,Tomato,Khanna,1200.0
2026-05-29,Tomato,Khanna,1200.0
2026-05-30,Tomato,Khanna,1200.0
2026-06-01,Tomato,Khanna,1200.0
2026-06-02,Tomato,Khanna,1200.0
2026-06-03,Tomato,Khanna,1200.0
2026-06-04,Tomato,Khanna,1200.0
2026-06-05,Tomato,Khanna,1200.0
2026-06-09,Tomato,Khanna,1600.0
2026-06-10,Tomato,Khanna,2000.0
2026-06-11,Tomato,Khanna,2000.0
2026-06-12,Tomato,Khanna,2000.0
2026-06-13,Tomato,Khanna,2000.0
2026-06-15,Tomato,Khanna,2000.0
2026-06-16,Tomato,Khanna,2000.0
2026-06-17,Tomato,Khanna,2000.0
2026-06-18,Tomato,Khanna,2000.0
2026-06-19,Tomato,Khanna,2000.0
2026-06-20,Tomato,Khanna,2000.0
2026-06-23,Tomato,Khanna,1800.0
2026-06-24,Tomato,Khanna,1800.0
2026-06-25,Tomato,Khanna,1800.0
2026-06-26,Tomato,Khanna,2500.0
2026-06-27,Tomato,Khanna,2500.0
2026-06-29,Tomato,Khanna,3000.0
2026-06-30,Tomato,Khanna,3000.0
2026-07-01,Tomato,Khanna,2500.0
2026-07-02,Tomato,Khanna,2500.0
2026-07-03,Tomato,Khanna,2000.0
2026-07-04,Tomato,Khanna,2500.0
2026-07-06,Tomato,Khanna,2500.0
2026-07-08,Tomato,Khanna,2500.0
2026-07-09,Tomato,Khanna,2500.0
2026-07-13,Tomato,Khanna,2500.0
2026-07-14,Tomato,Khanna,2500.0
2026-07-15,Tomato,Khanna,2500.0
2026-07-16,Tomato,Khanna,2500.0
2026-07-17,Tomato,Khanna,2500.0
2026-07-18,Tomato,Khanna,2500.0
2026-07-20,Tomato,Khanna,2500.0
2026-07-21,Tomato,Khanna,2500.0
2026-07-22,Tomato,Khanna,2500.0
2026-07-23,Tomato,Khanna,2500.0
2026-07-24,Tomato,Khanna,2500.0
2026-07-25,Tomato,Khanna,2500.0
2026-07-27,Tomato,Khanna,2500.0
2026-07-28,Tomato,Khanna,2500.0
2026-07-29,Tomato,Khanna,2500.0
2026-07-30,Tomato,Khanna,2500.0
2026-08-01,Tomato,Khanna,2500.0
2026-08-03,Tomato,Khanna,2500.0
2026-08-04,Tomato,Khanna,2500.0
2026-08-05,Tomato,Khanna,2500.0
2026-08-07,Tomato,Khanna,2500.0
2026-08-08,Tomato,Khanna,2500.0
2026-08-10,Tomato,Khanna,2500.0
2026-08-11,Tomato,Khanna,2500.0
2026-08-12,Tomato,Khanna,2500.0
2026-08-13,Tomato,Khanna,2500.0
2026-08-14,Tomato,Khanna,2500.0
2026-08-15,Tomato,Khanna,2500.0
2026-08-17,Tomato,Khanna,2500.0
2026-08-18,Tomato,Khanna,2500.0
2026-08-19,Tomato,Khanna,2500.0
2026-08-20,Tomato,Khanna,2500.0
2026-08-21,Tomato,Khanna,2500.0
2026-08-22,Tomato,Khanna,1600.0
2026-08-24,Tomato,Khanna,1800.0
2026-08-25,Tomato,Khanna,1800.0
2026-08-26,Tomato,Khanna,1800.0
2026-08-27,Tomato,Khanna,1800.0
2026-08-28,Tomato,Khanna,1600.0
2026-08-29,Tomato,Khanna,1600.0
2023-06-06,Tomato,Ludhiana,600.0
2023-06-07,Tomato,Ludhiana,600.0
2023-06-08,Tomato,Ludhiana,600.0
2023-06-09,Tomato,Ludhiana,600.0
2023-06-10,Tomato,Ludhiana,600.0
2023-06-12,Tomato,Ludhiana,500.0
2023-06-13,Tomato,Ludhiana,400.0
2023-06-14,Tomato,Ludhiana,400.0
2023-06-15,Tomato,Ludhiana,400.0
2023-06-16,Tomato,Ludhiana,500.0
2023-06-17,Tomato,Ludhiana,700.0
2023-06-19,Tomato,Ludhiana,700.0
2023-06-20,Tomato,Ludhiana,1000.0
2023-06-21,Tomato,Ludhiana,1000.0
2023-06-22,Tomato,Ludhiana,1000.0
2023-06-23,Tomato,Ludhiana,1000.0
2023-06-24,Tomato,Ludhiana,2000.0
2023-06-26,Tomato,Ludhiana,2000.0
2023-06-27,Tomato,Ludhiana,2000.0
2025-11-07,Tomato,Ludhiana,2000.0
2025-11-08,Tomato,Ludhiana,2000.0
2025-11-10,Tomato,Ludhiana,2000.0
2025-11-11,Tomato,Ludhiana,2000.0
2025-11-12,Tomato,Ludhiana,2000.0
2025-11-13,Tomato,Ludhiana,2000.0
2025-11-14,Tomato,Ludhiana,2500.0
2025-11-15,Tomato,Ludhiana,2500.0
2025-11-17,Tomato,Ludhiana,2500.0
2025-11-18,Tomato,Ludhiana,2500.0
2025-11-19,Tomato,Ludhiana,2500.0
2025-11-20,Tomato,Ludhiana,2600.0
2025-11-21,Tomato,Ludhiana,2600.0
2025-11-22,Tomato,Ludhiana,2600.0
2025-11-24,Tomato,Ludhiana,2600.0
2025-11-25,Tomato,Ludhiana,2600.0
2025-11-26,Tomato,Ludhiana,2600.0
2025-11-27,Tomato,Ludhiana,2600.0
2025-11-28,Tomato,Ludhiana,2600.0
2025-11-29,Tomato,Ludhiana,2600.0
2025-12-01,Tomato,Ludhiana,2800.0
2025-12-02,Tomato,Ludhiana,2800.0
2025-12-03,Tomato,Ludhiana,2800.0
2025-12-04,Tomato,Ludhiana,2800.0
2025-12-05,Tomato,Ludhiana,2800.0
2025-12-06,Tomato,Ludhiana,2800.0
2025-12-08,Tomato,Ludhiana,2800.0
2025-12-09,Tomato,Ludhiana,2800.0
2025-12-10,Tomato,Ludhiana,2800.0
2025-12-11,Tomato,Ludhiana,2800.0
2025-12-12,Tomato,Ludhiana,2800.0
2025-12-13,Tomato,Ludhiana,2800.0
2025-12-15,Tomato,Ludhiana,2800.0
2025-12-16,Tomato,Ludhiana,2800.0
2025-12-17,Tomato,Ludhiana,2800.0
2025-12-18,Tomato,Ludhiana,2800.0
2025-12-19,Tomato,Ludhiana,2800.0
2025-12-20,Tomato,Ludhiana,2800.0
2025-12-22,Tomato,Ludhiana,2800.0
2025-12-23,Tomato,Ludhiana,2800.0
2025-12-24,Tomato,Ludhiana,2800.0
2025-12-25,Tomato,Ludhiana,2800.0
2025-12-26,Tomato,Ludhiana,2800.0
2025-12-27,Tomato,Ludhiana,2800.0
2025-12-29,Tomato,Ludhiana,2800.0
2025-12-30,Tomato,Ludhiana,2800.0
2025-12-31,Tomato,Ludhiana,2800.0
2026-01-01,Tomato,Ludhiana,2800.0
2026-01-02,Tomato,Ludhiana,2800.0
2026-01-03,Tomato,Ludhiana,2800.0
2026-01-05,Tomato,Ludhiana,2800.0
2026-01-06,Tomato,Ludhiana,3000.0
2026-01-07,Tomato,Ludhiana,3000.0
2026-01-08,Tomato,Ludhiana,3000.0
2026-01-09,Tomato,Ludhiana,3000.0
2026-01-10,Tomato,Ludhiana,2800.0
2026-01-12,Tomato,Ludhiana,2800.0
2026-01-13,Tomato,Ludhiana,1500.0
2026-01-14,Tomato,Ludhiana,1500.0
2026-01-15,Tomato,Ludhiana,1500.0
2026-01-16,Tomato,Ludhiana,1500.0
2026-01-17,Tomato,Ludhiana,1500.0
2026-01-19,Tomato,Ludhiana,1600.0
2026-01-20,Tomato,Ludhiana,1600.0
2026-01-21,Tomato,Ludhiana,1600.0
2026-01-22,Tomato,Ludhiana,1600.0
2026-01-23,Tomato,Ludhiana,1500.0
2026-01-24,Tomato,Ludhiana,1500.0
2026-01-26,Tomato,Ludhiana,1500.0
2026-01-27,Tomato,Ludhiana,1500.0
2026-01-28,Tomato,Ludhiana,1500.0
2026-01-29,Tomato,Ludhiana,1500.0
2026-01-30,Tomato,Ludhiana,1500.0
2026-01-31,Tomato,Ludhiana,1500.0
2026-02-02,Tomato,Ludhiana,1500.0
2026-02-03,Tomato,Ludhiana,1500.0
2026-02-04,Tomato,Ludhiana,1000.0
2026-02-05,Tomato,Ludhiana,1000.0
2026-02-06,Tomato,Ludhiana,1000.0
2026-02-07,Tomato,Ludhiana,1000.0
2026-02-09,Tomato,Ludhiana,1000.0
2026-02-10,Tomato,Ludhiana,800.0
2026-02-11,Tomato,Ludhiana,800.0
2026-02-12,Tomato,Ludhiana,800.0
2026-02-13,Tomato,Ludhiana,800.0
2026-02-14,Tomato,Ludhiana,800.0
2026-02-16,Tomato,Ludhiana,800.0
2026-02-17,Tomato,Ludhiana,800.0
2026-02-18,Tomato,Ludhiana,800.0
2026-02-19,Tomato,Ludhiana,800.0
2026-02-20,Tomato,Ludhiana,1100.0
2026-02-21,Tomato,Ludhiana,1100.0
2026-02-23,Tomato,Ludhiana,1100.0
2026-02-24,Tomato,Ludhiana,1100.0
2026-02-25,Tomato,Ludhiana,1300.0
2026-02-26,Tomato,Ludhiana,1300.0
2026-02-27,Tomato,Ludhiana,1300.0
2026-02-28,Tomato,Ludhiana,1300.0
2026-03-02,Tomato,Ludhiana,1300.0
2026-03-03,Tomato,Ludhiana,1300.0
2026-03-04,Tomato,Ludhiana,1300.0
2026-03-05,Tomato,Ludhiana,1300.0
2026-03-06,Tomato,Ludhiana,1300.0
2026-03-07,Tomato,Ludhiana,1300.0
2026-03-09,Tomato,Ludhiana,1000.0
2026-03-10,Tomato,Ludhiana,1300.0
2026-03-11,Tomato,Ludhiana,1300.0
2026-03-12,Tomato,Ludhiana,1300.0
2026-03-13,Tomato,Ludhiana,1300.0
2026-03-14,Tomato,Ludhiana,1300.0
2026-03-16,Tomato,Ludhiana,1300.0
2026-03-17,Tomato,Ludhiana,1300.0
2026-03-18,Tomato,Ludhiana,800.0
2026-03-19,Tomato,Ludhiana,800.0
2026-03-20,Tomato,Ludhiana,800.0
2026-03-21,Tomato,Ludhiana,800.0
2026-03-23,Tomato,Ludhiana,800.0
2026-03-24,Tomato,Ludhiana,800.0
2026-03-25,Tomato,Ludhiana,800.0
2026-03-26,Tomato,Ludhiana,1000.0
2026-03-27,Tomato,Ludhiana,1000.0
2026-03-30,Tomato,Ludhiana,1000.0
2026-03-31,Tomato,Ludhiana,1000.0
2026-04-01,Tomato,Ludhiana,1000.0
2026-04-02,Tomato,Ludhiana,1000.0
2026-04-03,Tomato,Ludhiana,1000.0
2026-04-04,Tomato,Ludhiana,1000.0
2026-04-06,Tomato,Ludhiana,1000.0
2026-04-07,Tomato,Ludhiana,1000.0
2026-04-08,Tomato,Ludhiana,1000.0
2026-04-09,Tomato,Ludhiana,1000.0
2026-04-10,Tomato,Ludhiana,1000.0
2026-04-11,Tomato,Ludhiana,1000.0
2026-04-13,Tomato,Ludhiana,1000.0
2026-04-14,Tomato,Ludhiana,1000.0
2026-04-15,Tomato,Ludhiana,1000.0
2026-04-16,Tomato,Ludhiana,1000.0
2026-04-17,Tomato,Ludhiana,2000.0
2026-04-18,Tomato,Ludhiana,2000.0
2026-04-20,Tomato,Ludhiana,2000.0
2026-04-21,Tomato,Ludhiana,1500.0
2026-04-22,Tomato,Ludhiana,1500.0
2026-04-23,Tomato,Ludhiana,1500.0
2026-04-24,Tomato,Ludhiana,1500.0
2026-04-25,Tomato,Ludhiana,1500.0
2026-04-27,Tomato,Ludhiana,1500.0
2026-04-28,Tomato,Ludhiana,1500.0
2026-04-29,Tomato,Ludhiana,1500.0
2026-04-30,Tomato,Ludhiana,1500.0
2026-05-01,Tomato,Ludhiana,1200.0
2026-05-02,Tomato,Ludhiana,1200.0
2026-05-04,Tomato,Ludhiana,1200.0
2026-05-05,Tomato,Ludhiana,1200.0
2026-05-06,Tomato,Ludhiana,1200.0
2026-05-07,Tomato,Ludhiana,1200.0
2026-05-08,Tomato,Ludhiana,1200.0
2026-05-09,Tomato,Ludhiana,1200.0
2026-05-11,Tomato,Ludhiana,1200.0
2026-05-12,Tomato,Ludhiana,1200.0
2026-05-13,Tomato,Ludhiana,1200.0
2026-05-14,Tomato,Ludhiana,1200.0
2026-05-15,Tomato,Ludhiana,1200.0
2026-05-16,Tomato,Ludhiana,1200.0
2026-05-18,Tomato,Ludhiana,1200.0
2026-05-19,Tomato,Ludhiana,1200.0
2026-05-20,Tomato,Ludhiana,1200.0
2026-05-21,Tomato,Ludhiana,600.0
2026-05-22,Tomato,Ludhiana,600.0
2026-05-23,Tomato,Ludhiana,600.0
2026-05-25,Tomato,Ludhiana,600.0
2026-05-26,Tomato,Ludhiana,600.0
2026-05-27,Tomato,Ludhiana,600.0
2026-05-28,Tomato,Ludhiana,600.0
2026-05-29,Tomato,Ludhiana,600.0
2026-05-30,Tomato,Ludhiana,600.0
2026-06-01,Tomato,Ludhiana,600.0
2026-06-02,Tomato,Ludhiana,600.0
2026-06-03,Tomato,Ludhiana,600.0
2026-06-04,Tomato,Ludhiana,600.0
2026-06-05,Tomato,Ludhiana,600.0
2026-06-08,Tomato,Ludhiana,800.0
2026-06-10,Tomato,Ludhiana,1200.0
2026-06-11,Tomato,Ludhiana,1000.0
2026-06-12,Tomato,Ludhiana,1000.0
2026-06-13,Tomato,Ludhiana,1500.0
2026-06-15,Tomato,Ludhiana,1400.0
2026-06-16,Tomato,Ludhiana,1400.0
2026-06-17,Tomato,Ludhiana,1400.0
2026-06-18,Tomato,Ludhiana,1400.0
2026-06-19,Tomato,Ludhiana,1400.0
2026-06-20,Tomato,Ludhiana,1500.0
2026-06-22,Tomato,Ludhiana,2000.0
2026-06-23,Tomato,Ludhiana,2000.0
2026-06-24,Tomato,Ludhiana,2000.0
2026-06-25,Tomato,Ludhiana,2000.0
2026-06-26,Tomato,Ludhiana,2300.0
2026-06-27,Tomato,Ludhiana,2300.0
2026-06-29,Tomato,Ludhiana,1500.0
2026-06-30,Tomato,Ludhiana,1500.0
2026-07-01,Tomato,Ludhiana,1500.0
2026-07-02,Tomato,Ludhiana,1500.0
2026-07-03,Tomato,Ludhiana,1500.0
2026-07-04,Tomato,Ludhiana,1500.0
2026-07-06,Tomato,Ludhiana,1800.0
2026-07-07,Tomato,Ludhiana,1800.0
2026-07-08,Tomato,Ludhiana,1800.0
2026-07-09,Tomato,Ludhiana,1800.0
2026-07-10,Tomato,Ludhiana,1800.0
2026-07-11,Tomato,Ludhiana,1700.0
2026-07-13,Tomato,Ludhiana,1700.0
2026-07-14,Tomato,Ludhiana,1700.0
2026-07-15,Tomato,Ludhiana,1700.0
2026-07-16,Tomato,Ludhiana,1700.0
2026-07-17,Tomato,Ludhiana,1700.0
2026-07-18,Tomato,Ludhiana,1700.0
2026-07-20,Tomato,Ludhiana,1700.0
2026-07-21,Tomato,Ludhiana,1700.0
2026-07-22,Tomato,Ludhiana,1700.0
2026-07-23,Tomato,Ludhiana,1500.0
2026-07-24,Tomato,Ludhiana,1500.0
2026-07-25,Tomato,Ludhiana,1500.0
2026-07-27,Tomato,Ludhiana,1500.0
2026-07-28,Tomato,Ludhiana,1500.0
2026-07-29,Tomato,Ludhiana,1400.0
2026-07-30,Tomato,Ludhiana,1400.0
2026-07-31,Tomato,Ludhiana,1400.0
2026-08-01,Tomato,Ludhiana,1400.0
2026-08-03,Tomato,Ludhiana,1400.0
2026-08-04,Tomato,Ludhiana,1400.0
2026-08-05,Tomato,Ludhiana,1400.0
2026-08-06,Tomato,Ludhiana,1400.0
2026-08-07,Tomato,Ludhiana,1400.0
2026-08-08,Tomato,Ludhiana,1400.0
2026-08-10,Tomato,Ludhiana,1400.0
2026-08-11,Tomato,Ludhiana,1400.0
2026-08-12,Tomato,Ludhiana,1400.0
2026-08-13,Tomato,Ludhiana,1600.0
2026-08-14,Tomato,Ludhiana,1600.0
2026-08-15,Tomato,Ludhiana,1600.0
2026-08-17,Tomato,Ludhiana,1600.0
2026-08-18,Tomato,Ludhiana,1600.0
2026-08-19,Tomato,Ludhiana,1600.0
2026-08-20,Tomato,Ludhiana,1600.0
2026-08-21,Tomato,Ludhiana,1600.0
2026-08-22,Tomato,Ludhiana,1600.0
2026-08-24,Tomato,Ludhiana,1600.0
2026-08-25,Tomato,Ludhiana,1600.0
2026-08-26,Tomato,Ludhiana,1600.0
2026-08-28,Tomato,Ludhiana,1600.0
2026-08-29,Tomato,Ludhiana,1600.0
2023-06-06,Tomato,Machhiwara,800.0
2023-06-07,Tomato,Machhiwara,1000.0
2023-06-08,Tomato,Machhiwara,800.0
2023-06-09,Tomato,Machhiwara,1000.0
2023-06-10,Tomato,Machhiwara,1000.0
2023-06-12,Tomato,Machhiwara,1100.0
2023-06-13,Tomato,Machhiwara,1000.0
2023-06-14,Tomato,Machhiwara,1000.0
2023-06-15,Tomato,Machhiwara,1100.0
2023-06-16,Tomato,Machhiwara,1400.0
2023-06-17,Tomato,Machhiwara,1200.0
2023-06-19,Tomato,Machhiwara,1200.0
2023-06-20,Tomato,Machhiwara,1200.0
2023-06-21,Tomato,Machhiwara,1100.0
2023-06-22,Tomato,Machhiwara,1100.0
2023-06-23,Tomato,Machhiwara,1100.0
2023-06-24,Tomato,Machhiwara,1600.0
2023-06-26,Tomato,Machhiwara,2500.0
2023-06-27,Tomato,Machhiwara,3200.0
2023-06-28,Tomato,Machhiwara,1200.0
2023-06-29,Tomato,Machhiwara,1200.0
2023-06-30,Tomato,Machhiwara,1500.0
2023-07-01,Tomato,Machhiwara,1400.0
2023-07-03,Tomato,Machhiwara,1000.0
2023-07-04,Tomato,Machhiwara,1000.0
2023-07-07,Tomato,Machhiwara,7000.0
2023-07-08,Tomato,Machhiwara,7000.0
2023-07-10,Tomato,Machhiwara,8500.0
2023-07-11,Tomato,Machhiwara,1200.0
2023-07-12,Tomato,Machhiwara,10000.0
2023-07-13,Tomato,Machhiwara,1000.0
2023-07-14,Tomato,Machhiwara,9000.0
2023-07-17,Tomato,Machhiwara,5000.0
2023-07-18,Tomato,Machhiwara,5000.0
2023-07-19,Tomato,Machhiwara,7000.0
2023-07-21,Tomato,Machhiwara,6000.0
2023-07-22,Tomato,Machhiwara,6000.0
2023-07-24,Tomato,Machhiwara,9000.0
2023-07-25,Tomato,Machhiwara,9000.0
2023-07-26,Tomato,Machhiwara,8500.0
2023-07-27,Tomato,Machhiwara,10000.0
2023-07-28,Tomato,Machhiwara,1100.0
2023-07-29,Tomato,Machhiwara,9500.0
2023-07-31,Tomato,Machhiwara,12500.0
2023-08-01,Tomato,Machhiwara,14000.0
2023-08-02,Tomato,Machhiwara,14000.0
2023-08-03,Tomato,Machhiwara,14000.0
2023-08-04,Tomato,Machhiwara,15000.0
2023-08-05,Tomato,Machhiwara,14000.0
2026-05-18,Tomato,Machhiwara,1200.0
2026-05-19,Tomato,Machhiwara,1200.0
2026-05-20,Tomato,Machhiwara,1200.0
2026-05-21,Tomato,Machhiwara,1300.0
2026-05-25,Tomato,Machhiwara,1200.0
2026-05-26,Tomato,Machhiwara,1200.0
2026-05-27,Tomato,Machhiwara,800.0
2026-05-28,Tomato,Machhiwara,1200.0
2026-06-01,Tomato,Machhiwara,1200.0
2026-06-02,Tomato,Machhiwara,1200.0
2026-06-08,Tomato,Machhiwara,1200.0
2026-06-10,Tomato,Machhiwara,1200.0
2026-06-22,Tomato,Machhiwara,3000.0
2026-06-24,Tomato,Machhiwara,2500.0
2026-06-26,Tomato,Machhiwara,2700.0
2026-07-01,Tomato,Machhiwara,2800.0
2026-07-02,Tomato,Machhiwara,2700.0
2026-07-14,Tomato,Machhiwara,3000.0
2026-07-20,Tomato,Machhiwara,2700.0
2026-07-21,Tomato,Machhiwara,2500.0
2026-07-23,Tomato,Machhiwara,2500.0
2026-07-27,Tomato,Machhiwara,2500.0
2026-07-29,Tomato,Machhiwara,2200.0
2026-07-30,Tomato,Machhiwara,2200.0
2026-07-31,Tomato,Machhiwara,2500.0
2026-08-03,Tomato,Machhiwara,2700.0
2026-08-04,Tomato,Machhiwara,2700.0
2026-08-05,Tomato,Machhiwara,2500.0
2026-08-06,Tomato,Machhiwara,2700.0
2026-08-07,Tomato,Machhiwara,2700.0
2026-08-10,Tomato,Machhiwara,2700.0
2026-08-11,Tomato,Machhiwara,2500.0
2026-08-12,Tomato,Machhiwara,2000.0
2026-08-13,Tomato,Machhiwara,2500.0
2026-08-17,Tomato,Machhiwara,3000.0
2026-08-18,Tomato,Machhiwara,3000.0
2026-08-19,Tomato,Machhiwara,2800.0
2026-08-20,Tomato,Machhiwara,2500.0
2026-08-22,Tomato,Machhiwara,2200.0
2026-08-24,Tomato,Machhiwara,2200.0
2026-08-25,Tomato,Machhiwara,2000.0
2026-08-26,Tomato,Machhiwara,2200.0
2026-08-28,Tomato,Machhiwara,2200.0
2023-06-06,Tomato,Mehta,500.0
2023-06-07,Tomato,Mehta,600.0
2023-06-08,Tomato,Mehta,600.0
2023-06-09,Tomato,Mehta,600.0
2023-06-12,Tomato,Mehta,500.0
2023-06-13,Tomato,Mehta,600.0
2023-06-14,Tomato,Mehta,500.0
2023-06-15,Tomato,Mehta,500.0
2023-06-16,Tomato,Mehta,500.0
2023-06-19,Tomato,Mehta,700.0
2023-06-20,Tomato,Mehta,700.0
2023-06-22,Tomato,Mehta,700.0
2023-06-23,Tomato,Mehta,600.0
2023-06-27,Tomato,Mehta,800.0
2023-06-28,Tomato,Mehta,1400.0
2023-06-29,Tomato,Mehta,1200.0
2023-06-30,Tomato,Mehta,2100.0
2023-07-03,Tomato,Mehta,2900.0
2023-07-04,Tomato,Mehta,2200.0
2023-07-05,Tomato,Mehta,3000.0
2023-07-06,Tomato,Mehta,3100.0
2023-07-07,Tomato,Mehta,2900.0
2023-06-06,Tomato,Nabha,400.0
2023-06-07,Tomato,Nabha,560.0
2023-06-08,Tomato,Nabha,400.0
2023-06-09,Tomato,Nabha,450.0
2023-06-10,Tomato,Nabha,300.0
2023-06-12,Tomato,Nabha,300.0
2023-06-13,Tomato,Nabha,550.0
2023-06-14,Tomato,Nabha,660.0
2023-06-15,Tomato,Nabha,700.0
2023-06-16,Tomato,Nabha,600.0
2023-06-17,Tomato,Nabha,600.0
2023-06-19,Tomato,Nabha,800.0
2023-06-20,Tomato,Nabha,800.0
2023-06-21,Tomato,Nabha,800.0
2023-06-22,Tomato,Nabha,700.0
2023-06-23,Tomato,Nabha,1000.0
2023-06-24,Tomato,Nabha,1300.0
2023-06-26,Tomato,Nabha,1500.0
2023-06-27,Tomato,Nabha,2900.0
2023-06-28,Tomato,Nabha,3600.0
2023-06-30,Tomato,Nabha,3800.0
2023-07-01,Tomato,Nabha,3700.0
2023-07-03,Tomato,Nabha,4100.0
2023-07-08,Tomato,Nabha,6000.0
2023-07-10,Tomato,Nabha,7000.0
2023-07-11,Tomato,Nabha,10000.0
2023-07-13,Tomato,Nabha,8400.0
2023-07-15,Tomato,Nabha,8200.0
2023-07-17,Tomato,Nabha,9400.0
2023-07-18,Tomato,Nabha,5700.0
2023-07-21,Tomato,Nabha,4000.0
2023-07-22,Tomato,Nabha,3900.0
2023-07-25,Tomato,Nabha,9500.0
2023-07-26,Tomato,Nabha,9300.0
2023-07-27,Tomato,Nabha,8800.0
2023-07-28,Tomato,Nabha,9100.0
2023-08-01,Tomato,Nabha,13000.0
2023-08-02,Tomato,Nabha,15100.0
2023-08-03,Tomato,Nabha,14400.0
2023-08-05,Tomato,Nabha,13100.0
2025-11-26,Tomato,Nabha,4400.0
2025-12-05,Tomato,Nabha,3000.0
2025-12-16,Tomato,Nabha,3400.0
2025-12-17,Tomato,Nabha,3600.0
2025-12-25,Tomato,Nabha,4000.0
2025-12-30,Tomato,Nabha,3400.0
2025-12-31,Tomato,Nabha,3300.0
2026-01-01,Tomato,Nabha,3300.0
2026-01-05,Tomato,Nabha,3500.0
2026-01-06,Tomato,Nabha,4000.0
2026-01-07,Tomato,Nabha,3700.0
2026-01-08,Tomato,Nabha,3660.0
2026-01-09,Tomato,Nabha,3300.0
2026-01-12,Tomato,Nabha,3200.0
2026-01-13,Tomato,Nabha,3000.0
2026-01-14,Tomato,Nabha,2700.0
2026-01-15,Tomato,Nabha,2400.0
2026-01-16,Tomato,Nabha,2400.0
2026-01-17,Tomato,Nabha,2200.0
2026-01-19,Tomato,Nabha,2500.0
2026-01-20,Tomato,Nabha,2700.0
2026-01-21,Tomato,Nabha,2870.0
2026-01-22,Tomato,Nabha,2200.0
2026-01-23,Tomato,Nabha,2370.0
2026-01-24,Tomato,Nabha,2360.0
2026-01-26,Tomato,Nabha,2250.0
2026-01-27,Tomato,Nabha,2200.0
2026-01-28,Tomato,Nabha,1800.0
2026-01-29,Tomato,Nabha,1500.0
2026-01-30,Tomato,Nabha,1800.0
2026-01-31,Tomato,Nabha,1600.0
2026-02-02,Tomato,Nabha,1400.0
2026-02-03,Tomato,Nabha,1400.0
2026-02-04,Tomato,Nabha,1480.0
2026-02-05,Tomato,Nabha,1400.0
2026-02-06,Tomato,Nabha,1300.0
2026-02-07,Tomato,Nabha,1300.0
2026-02-09,Tomato,Nabha,1300.0
2026-02-10,Tomato,Nabha,1400.0
2026-02-11,Tomato,Nabha,1200.0
2026-02-12,Tomato,Nabha,1270.0
2026-02-13,Tomato,Nabha,1280.0
2026-02-14,Tomato,Nabha,1200.0
2026-02-16,Tomato,Nabha,1130.0
2026-02-17,Tomato,Nabha,1300.0
2026-02-18,Tomato,Nabha,1400.0
2026-02-19,Tomato,Nabha,1400.0
2026-02-20,Tomato,Nabha,1550.0
2026-02-21,Tomato,Nabha,2000.0
2026-02-23,Tomato,Nabha,1650.0
2026-02-24,Tomato,Nabha,1700.0
2026-02-25,Tomato,Nabha,1400.0
2026-02-26,Tomato,Nabha,1300.0
2026-02-27,Tomato,Nabha,1300.0
2026-02-28,Tomato,Nabha,1400.0
2026-03-02,Tomato,Nabha,1280.0
2026-03-03,Tomato,Nabha,1350.0
2026-03-04,Tomato,Nabha,1360.0
2026-03-05,Tomato,Nabha,1800.0
2026-03-06,Tomato,Nabha,1700.0
2026-03-07,Tomato,Nabha,1800.0
2026-03-09,Tomato,Nabha,1900.0
2026-03-10,Tomato,Nabha,1800.0
2026-03-11,Tomato,Nabha,1500.0
2026-03-12,Tomato,Nabha,1600.0
2026-03-13,Tomato,Nabha,1500.0
2026-03-14,Tomato,Nabha,1500.0
2026-03-16,Tomato,Nabha,1300.0
2026-03-17,Tomato,Nabha,1300.0
2026-03-18,Tomato,Nabha,1400.0
2026-03-19,Tomato,Nabha,1500.0
2026-03-20,Tomato,Nabha,1300.0
2026-03-23,Tomato,Nabha,1500.0
2026-03-24,Tomato,Nabha,1600.0
2026-03-25,Tomato,Nabha,1300.0
2026-03-26,Tomato,Nabha,1500.0
2026-03-27,Tomato,Nabha,1400.0
2026-03-30,Tomato,Nabha,1600.0
2026-03-31,Tomato,Nabha,1400.0
2026-04-01,Tomato,Nabha,1300.0
2026-04-02,Tomato,Nabha,1300.0
2026-04-03,Tomato,Nabha,1300.0
2026-04-04,Tomato,Nabha,1300.0
2026-04-06,Tomato,Nabha,1400.0
2026-04-07,Tomato,Nabha,1400.0
2026-04-08,Tomato,Nabha,1500.0
2026-04-09,Tomato,Nabha,1600.0
2026-04-10,Tomato,Nabha,1400.0
2026-04-11,Tomato,Nabha,1400.0
2026-04-13,Tomato,Nabha,1500.0
2026-04-14,Tomato,Nabha,1400.0
2026-04-15,Tomato,Nabha,1400.0
2026-04-16,Tomato,Nabha,1550.0
2026-04-17,Tomato,Nabha,1800.0
2026-04-18,Tomato,Nabha,2050.0
2026-04-20,Tomato,Nabha,3000.0
2026-04-21,Tomato,Nabha,2400.0
2026-04-22,Tomato,Nabha,2100.0
2026-04-23,Tomato,Nabha,2300.0
2026-04-24,Tomato,Nabha,1400.0
2026-04-25,Tomato,Nabha,1900.0
2026-04-27,Tomato,Nabha,2200.0
2026-04-28,Tomato,Nabha,1900.0
2026-04-29,Tomato,Nabha,1800.0
2026-05-08,Tomato,Nabha,1100.0
2026-05-09,Tomato,Nabha,1200.0
2026-05-11,Tomato,Nabha,1000.0
2026-05-12,Tomato,Nabha,900.0
2026-05-14,Tomato,Nabha,1150.0
2026-05-15,Tomato,Nabha,1100.0
2026-05-19,Tomato,Nabha,1000.0
2026-05-21,Tomato,Nabha,1000.0
2026-05-22,Tomato,Nabha,700.0
2026-05-23,Tomato,Nabha,850.0
2026-05-25,Tomato,Nabha,800.0
2026-05-26,Tomato,Nabha,700.0
2026-05-27,Tomato,Nabha,800.0
2026-05-28,Tomato,Nabha,800.0
2026-05-29,Tomato,Nabha,800.0
2026-05-30,Tomato,Nabha,900.0
2026-06-01,Tomato,Nabha,1100.0
2026-06-02,Tomato,Nabha,1000.0
2026-06-03,Tomato,Nabha,1100.0
2026-06-04,Tomato,Nabha,900.0
2026-06-05,Tomato,Nabha,800.0
2026-06-06,Tomato,Nabha,1000.0
2026-06-08,Tomato,Nabha,800.0
2026-06-09,Tomato,Nabha,1500.0
2026-06-12,Tomato,Nabha,1900.0
2026-06-13,Tomato,Nabha,2100.0
2026-06-15,Tomato,Nabha,2000.0
2026-06-16,Tomato,Nabha,2200.0
2026-06-17,Tomato,Nabha,2500.0
2026-06-18,Tomato,Nabha,1900.0
2026-06-19,Tomato,Nabha,2300.0
2026-06-20,Tomato,Nabha,2400.0
2026-06-22,Tomato,Nabha,2100.0
2026-06-23,Tomato,Nabha,2270.0
2026-06-24,Tomato,Nabha,2100.0
2026-06-25,Tomato,Nabha,2500.0
2026-06-26,Tomato,Nabha,2300.0
2026-06-27,Tomato,Nabha,2000.0
2026-06-29,Tomato,Nabha,2300.0
2026-06-30,Tomato,Nabha,1900.0
2026-07-01,Tomato,Nabha,1400.0
2026-07-02,Tomato,Nabha,1600.0
2026-07-03,Tomato,Nabha,1100.0
2026-07-04,Tomato,Nabha,1700.0
2026-07-06,Tomato,Nabha,2700.0
2026-07-07,Tomato,Nabha,2200.0
2026-07-08,Tomato,Nabha,1900.0
2026-07-09,Tomato,Nabha,1800.0
2026-07-10,Tomato,Nabha,1600.0
2026-07-11,Tomato,Nabha,1650.0
2026-07-13,Tomato,Nabha,1450.0
2026-07-14,Tomato,Nabha,1700.0
2026-07-15,Tomato,Nabha,2300.0
2026-07-16,Tomato,Nabha,1850.0
2026-07-17,Tomato,Nabha,1700.0
2026-07-18,Tomato,Nabha,1500.0
2026-07-20,Tomato,Nabha,1800.0
2026-07-21,Tomato,Nabha,2200.0
2026-07-22,Tomato,Nabha,1400.0
2026-07-23,Tomato,Nabha,1400.0
2026-07-24,Tomato,Nabha,2000.0
2026-07-25,Tomato,Nabha,1500.0
2026-07-27,Tomato,Nabha,1600.0
2026-07-28,Tomato,Nabha,1600.0
2026-07-29,Tomato,Nabha,1800.0
2026-07-30,Tomato,Nabha,1600.0
2026-07-31,Tomato,Nabha,1500.0
2026-08-01,Tomato,Nabha,1900.0
2026-08-03,Tomato,Nabha,2000.0
2026-08-04,Tomato,Nabha,2200.0
2026-08-05,Tomato,Nabha,1660.0
2026-08-06,Tomato,Nabha,1700.0
2026-08-07,Tomato,Nabha,1700.0
2026-08-08,Tomato,Nabha,1500.0
2026-08-10,Tomato,Nabha,2100.0
2026-08-11,Tomato,Nabha,2100.0
2026-08-12,Tomato,Nabha,2500.0
2026-08-13,Tomato,Nabha,3000.0
2026-08-14,Tomato,Nabha,3100.0
2026-08-15,Tomato,Nabha,3000.0
2026-08-17,Tomato,Nabha,2600.0
2026-08-18,Tomato,Nabha,2800.0
2026-08-19,Tomato,Nabha,2200.0
2026-08-21,Tomato,Nabha,1850.0
2026-08-22,Tomato,Nabha,2000.0
2026-08-24,Tomato,Nabha,1770.0
2026-08-25,Tomato,Nabha,1800.0
2026-08-26,Tomato,Nabha,1800.0
2026-08-27,Tomato,Nabha,1900.0
2025-11-19,Tomato,Patiala,3800.0
2025-11-20,Tomato,Patiala,3800.0
2025-11-21,Tomato,Patiala,3800.0
2025-11-25,Tomato,Patiala,3500.0
2025-11-26,Tomato,Patiala,3500.0
2025-11-27,Tomato,Patiala,3500.0
2025-11-28,Tomato,Patiala,3000.0
2025-11-29,Tomato,Patiala,2500.0
2025-12-01,Tomato,Patiala,3000.0
2025-12-02,Tomato,Patiala,3000.0
2025-12-03,Tomato,Patiala,3400.0
2025-12-04,Tomato,Patiala,3400.0
2025-12-05,Tomato,Patiala,3500.0
2025-12-06,Tomato,Patiala,2500.0
2025-12-08,Tomato,Patiala,3000.0
2025-12-09,Tomato,Patiala,2400.0
2025-12-10,Tomato,Patiala,2000.0
2025-12-11,Tomato,Patiala,2500.0
2025-12-12,Tomato,Patiala,2500.0
2025-12-13,Tomato,Patiala,2000.0
2025-12-15,Tomato,Patiala,2000.0
2025-12-16,Tomato,Patiala,2000.0
2025-12-17,Tomato,Patiala,3000.0
2025-12-18,Tomato,Patiala,2500.0
2025-12-20,Tomato,Patiala,2000.0
2025-12-22,Tomato,Patiala,3000.0
2025-12-23,Tomato,Patiala,3500.0
2025-12-24,Tomato,Patiala,3000.0
2025-12-25,Tomato,Patiala,2500.0
2025-12-26,Tomato,Patiala,2500.0
2025-12-27,Tomato,Patiala,2500.0
2025-12-29,Tomato,Patiala,3400.0
2025-12-30,Tomato,Patiala,2500.0
2026-01-01,Tomato,Patiala,2500.0
2026-01-02,Tomato,Patiala,2500.0
2026-01-03,Tomato,Patiala,2500.0
2026-01-05,Tomato,Patiala,2500.0
2026-01-08,Tomato,Patiala,3000.0
2026-01-09,Tomato,Patiala,3000.0
2026-01-10,Tomato,Patiala,2200.0
2026-01-12,Tomato,Patiala,2200.0
2026-01-13,Tomato,Patiala,2500.0
2026-01-14,Tomato,Patiala,3600.0
2026-01-15,Tomato,Patiala,2500.0
2026-01-16,Tomato,Patiala,3000.0
2026-01-17,Tomato,Patiala,2400.0
2026-01-19,Tomato,Patiala,3000.0
2026-01-20,Tomato,Patiala,3000.0
2026-01-21,Tomato,Patiala,2600.0
2026-01-22,Tomato,Patiala,2800.0
2026-01-23,Tomato,Patiala,3000.0
2026-01-24,Tomato,Patiala,2500.0
2026-01-26,Tomato,Patiala,2500.0
2026-01-27,Tomato,Patiala,2500.0
2026-01-28,Tomato,Patiala,2650.0
2026-01-29,Tomato,Patiala,2600.0
2026-01-30,Tomato,Patiala,2500.0
2026-01-31,Tomato,Patiala,2200.0
2026-02-02,Tomato,Patiala,3000.0
2026-02-03,Tomato,Patiala,3500.0
2026-02-04,Tomato,Patiala,2200.0
2026-02-05,Tomato,Patiala,1500.0
2026-02-06,Tomato,Patiala,2800.0
2026-02-07,Tomato,Patiala,2200.0
2026-02-09,Tomato,Patiala,2000.0
2026-02-10,Tomato,Patiala,2600.0
2026-02-11,Tomato,Patiala,1600.0
2026-02-12,Tomato,Patiala,1500.0
2026-02-13,Tomato,Patiala,2600.0
2026-02-14,Tomato,Patiala,1500.0
2026-02-16,Tomato,Patiala,2500.0
2026-02-17,Tomato,Patiala,2400.0
2026-02-18,Tomato,Patiala,1200.0
2026-02-19,Tomato,Patiala,1200.0
2026-02-20,Tomato,Patiala,1200.0
2026-02-21,Tomato,Patiala,1200.0
2026-02-23,Tomato,Patiala,1300.0
2026-02-24,Tomato,Patiala,1200.0
2026-02-27,Tomato,Patiala,1200.0
2026-02-28,Tomato,Patiala,1200.0
2026-03-02,Tomato,Patiala,1300.0
2026-03-03,Tomato,Patiala,1300.0
2026-03-04,Tomato,Patiala,1300.0
2026-03-05,Tomato,Patiala,1200.0
2026-03-06,Tomato,Patiala,1150.0
2026-03-07,Tomato,Patiala,1200.0
2026-03-09,Tomato,Patiala,1000.0
2026-03-10,Tomato,Patiala,1000.0
2026-03-11,Tomato,Patiala,1200.0
2026-03-12,Tomato,Patiala,1000.0
2026-03-13,Tomato,Patiala,1000.0
2026-03-14,Tomato,Patiala,1200.0
2026-03-16,Tomato,Patiala,800.0
2026-03-17,Tomato,Patiala,1000.0
2026-03-18,Tomato,Patiala,1200.0
2026-03-19,Tomato,Patiala,1200.0
2026-03-20,Tomato,Patiala,1200.0
2026-03-21,Tomato,Patiala,1000.0
2026-03-23,Tomato,Patiala,1000.0
2026-03-24,Tomato,Patiala,800.0
2026-03-25,Tomato,Patiala,800.0
2026-03-26,Tomato,Patiala,800.0
2026-03-27,Tomato,Patiala,600.0
2026-03-28,Tomato,Patiala,600.0
2026-03-30,Tomato,Patiala,600.0
2026-03-31,Tomato,Patiala,800.0
2026-04-01,Tomato,Patiala,800.0
2026-04-02,Tomato,Patiala,600.0
2026-04-03,Tomato,Patiala,800.0
2026-04-04,Tomato,Patiala,800.0
2026-04-06,Tomato,Patiala,600.0
2026-04-07,Tomato,Patiala,700.0
2026-04-08,Tomato,Patiala,1000.0
2026-04-09,Tomato,Patiala,700.0
2026-04-10,Tomato,Patiala,700.0
2026-04-11,Tomato,Patiala,800.0
2026-04-13,Tomato,Patiala,700.0
2026-04-14,Tomato,Patiala,800.0
2026-04-15,Tomato,Patiala,1000.0
2026-04-16,Tomato,Patiala,800.0
2026-04-17,Tomato,Patiala,1000.0
2026-04-18,Tomato,Patiala,900.0
2026-04-20,Tomato,Patiala,1200.0
2026-04-21,Tomato,Patiala,1000.0
2026-04-22,Tomato,Patiala,1000.0
2026-04-23,Tomato,Patiala,1000.0
2026-04-24,Tomato,Patiala,1000.0
2026-04-27,Tomato,Patiala,1600.0
2026-04-28,Tomato,Patiala,1500.0
2026-04-29,Tomato,Patiala,1100.0
2026-04-30,Tomato,Patiala,1500.0
2026-05-01,Tomato,Patiala,1000.0
2026-05-02,Tomato,Patiala,1000.0
2026-05-05,Tomato,Patiala,800.0
2026-05-06,Tomato,Patiala,1000.0
2026-05-07,Tomato,Patiala,900.0
2026-05-08,Tomato,Patiala,800.0
2026-05-09,Tomato,Patiala,900.0
2026-05-11,Tomato,Patiala,800.0
2026-05-12,Tomato,Patiala,1000.0
2026-05-13,Tomato,Patiala,700.0
2026-05-14,Tomato,Patiala,900.0
2026-05-15,Tomato,Patiala,900.0
2026-05-16,Tomato,Patiala,900.0
2026-05-18,Tomato,Patiala,1000.0
2026-05-19,Tomato,Patiala,900.0
2026-05-20,Tomato,Patiala,800.0
2026-05-21,Tomato,Patiala,1000.0
2026-05-22,Tomato,Patiala,800.0
2026-05-23,Tomato,Patiala,900.0
2026-05-25,Tomato,Patiala,700.0
2026-05-26,Tomato,Patiala,700.0
2026-05-27,Tomato,Patiala,700.0
2026-05-28,Tomato,Patiala,700.0
2026-05-29,Tomato,Patiala,700.0
2026-05-30,Tomato,Patiala,700.0
2026-06-01,Tomato,Patiala,600.0
2026-06-03,Tomato,Patiala,400.0
2026-06-04,Tomato,Patiala,400.0
2026-06-05,Tomato,Patiala,400.0
2026-06-08,Tomato,Patiala,500.0
2026-06-09,Tomato,Patiala,500.0
2026-06-10,Tomato,Patiala,500.0
2026-06-12,Tomato,Patiala,500.0
2026-06-13,Tomato,Patiala,500.0
2026-06-15,Tomato,Patiala,400.0
2026-06-16,Tomato,Patiala,400.0
2026-06-17,Tomato,Patiala,600.0
2026-06-18,Tomato,Patiala,400.0
2026-06-19,Tomato,Patiala,400.0
2026-06-20,Tomato,Patiala,300.0
2026-06-22,Tomato,Patiala,300.0
2026-06-23,Tomato,Patiala,400.0
2026-06-24,Tomato,Patiala,500.0
2026-06-25,Tomato,Patiala,400.0
2026-06-26,Tomato,Patiala,300.0
2026-06-27,Tomato,Patiala,2000.0
2026-06-30,Tomato,Patiala,400.0
2026-07-01,Tomato,Patiala,200.0
2026-07-02,Tomato,Patiala,200.0
2026-07-03,Tomato,Patiala,200.0
2026-07-04,Tomato,Patiala,200.0
2026-07-06,Tomato,Patiala,200.0
2026-07-07,Tomato,Patiala,200.0
2026-07-08,Tomato,Patiala,200.0
2026-07-09,Tomato,Patiala,200.0
2026-07-10,Tomato,Patiala,200.0
2026-07-11,Tomato,Patiala,200.0
2026-07-13,Tomato,Patiala,200.0
2026-07-14,Tomato,Patiala,200.0
2026-07-15,Tomato,Patiala,200.0
2026-07-16,Tomato,Patiala,200.0
2026-07-17,Tomato,Patiala,200.0
2026-07-18,Tomato,Patiala,200.0
2026-07-20,Tomato,Patiala,200.0
2026-07-21,Tomato,Patiala,200.0
2026-07-22,Tomato,Patiala,200.0
2026-07-23,Tomato,Patiala,150.0
2026-07-27,Tomato,Patiala,200.0
2026-07-28,Tomato,Patiala,200.0
2026-07-29,Tomato,Patiala,200.0
2026-07-30,Tomato,Patiala,200.0
2026-07-31,Tomato,Patiala,150.0
2026-08-01,Tomato,Patiala,200.0
2026-08-03,Tomato,Patiala,200.0
2026-08-04,Tomato,Patiala,150.0
2026-08-05,Tomato,Patiala,200.0
2026-08-06,Tomato,Patiala,200.0
2026-08-07,Tomato,Patiala,200.0
2026-08-08,Tomato,Patiala,200.0
2026-08-10,Tomato,Patiala,200.0
2026-08-11,Tomato,Patiala,200.0
2026-08-12,Tomato,Patiala,200.0
2026-08-13,Tomato,Patiala,200.0
2026-08-14,Tomato,Patiala,200.0
2026-08-15,Tomato,Patiala,200.0
2026-08-17,Tomato,Patiala,200.0
2026-08-18,Tomato,Patiala,200.0
2026-08-19,Tomato,Patiala,400.0
2026-08-20,Tomato,Patiala,1500.0
2026-08-21,Tomato,Patiala,1700.0
2026-08-22,Tomato,Patiala,2000.0
2026-08-24,Tomato,Patiala,1200.0
2026-08-25,Tomato,Patiala,1500.0
2026-08-26,Tomato,Patiala,1200.0
2026-08-27,Tomato,Patiala,1600.0
2026-08-28,Tomato,Patiala,1700.0
2026-08-29,Tomato,Patiala,1700.0
2023-06-06,Tomato,Patran,440.0
2023-06-07,Tomato,Patran,560.0
2023-06-09,Tomato,Patran,400.0
2023-06-10,Tomato,Patran,360.0
2023-06-12,Tomato,Patran,430.0
2023-06-13,Tomato,Patran,450.0
2023-06-14,Tomato,Patran,830.0
2023-06-15,Tomato,Patran,400.0
2023-06-20,Tomato,Patran,650.0
2023-06-23,Tomato,Patran,1040.0
2023-06-24,Tomato,Patran,1860.0
2023-06-26,Tomato,Patran,1500.0
2023-06-27,Tomato,Patran,2540.0
2023-06-28,Tomato,Patran,2600.0
2023-06-29,Tomato,Patran,2850.0
2023-06-30,Tomato,Patran,3040.0
2023-07-01,Tomato,Patran,3970.0
2023-07-03,Tomato,Patran,1360.0
2023-07-04,Tomato,Patran,6050.0
2023-07-05,Tomato,Patran,5000.0
2023-07-06,Tomato,Patran,4500.0
2023-07-07,Tomato,Patran,6000.0
2023-07-08,Tomato,Patran,5690.0
2023-07-13,Tomato,Patran,6620.0
2023-07-14,Tomato,Patran,8330.0
2023-07-17,Tomato,Patran,4370.0
2023-07-19,Tomato,Patran,3510.0
2023-07-20,Tomato,Patran,3560.0
2023-07-21,Tomato,Patran,5300.0
2023-07-22,Tomato,Patran,3800.0
2023-07-25,Tomato,Patran,7260.0
2023-07-26,Tomato,Patran,6000.0
2023-07-27,Tomato,Patran,7500.0
2023-07-28,Tomato,Patran,3000.0
2023-07-29,Tomato,Patran,8000.0
2025-11-10,Tomato,Patran,1880.0
2025-11-11,Tomato,Patran,1882.0
2025-11-12,Tomato,Patran,1580.0
2025-11-13,Tomato,Patran,2250.0
2025-11-14,Tomato,Patran,2650.0
2025-11-17,Tomato,Patran,3080.0
2025-11-18,Tomato,Patran,2845.0
2025-11-20,Tomato,Patran,3880.0
2025-11-21,Tomato,Patran,3810.0
2025-11-25,Tomato,Patran,3770.0
2025-11-26,Tomato,Patran,3354.0
2025-11-27,Tomato,Patran,4118.0
2025-11-28,Tomato,Patran,2377.0
2025-12-01,Tomato,Patran,2770.0
2025-12-03,Tomato,Patran,2582.0
2025-12-04,Tomato,Patran,2450.0
2025-12-05,Tomato,Patran,2569.0
2025-12-08,Tomato,Patran,2262.0
2025-12-09,Tomato,Patran,2438.0
2025-12-10,Tomato,Patran,2585.0
2025-12-11,Tomato,Patran,2540.0
2025-12-12,Tomato,Patran,2565.0
2025-12-16,Tomato,Patran,2590.0
2025-12-17,Tomato,Patran,3230.0
2025-12-18,Tomato,Patran,3300.0
2025-12-19,Tomato,Patran,3640.0
2025-12-22,Tomato,Patran,3460.0
2025-12-23,Tomato,Patran,3105.0
2025-12-24,Tomato,Patran,3000.0
2025-12-25,Tomato,Patran,3000.0
2025-12-26,Tomato,Patran,3716.0
2025-12-31,Tomato,Patran,3073.0
2026-01-01,Tomato,Patran,3000.0
2026-01-06,Tomato,Patran,2555.0
2026-01-07,Tomato,Patran,3487.0
2026-01-08,Tomato,Patran,3338.0
2026-01-09,Tomato,Patran,3000.0
2026-01-12,Tomato,Patran,3714.0
2026-01-13,Tomato,Patran,2693.0
2026-01-14,Tomato,Patran,2782.0
2026-01-15,Tomato,Patran,2630.0
2026-01-16,Tomato,Patran,2430.0
2026-01-19,Tomato,Patran,2455.0
2026-01-20,Tomato,Patran,2356.0
2026-01-21,Tomato,Patran,2450.0
2026-01-22,Tomato,Patran,2346.0
2026-01-23,Tomato,Patran,2373.0
2026-01-26,Tomato,Patran,2397.0
2026-01-28,Tomato,Patran,2266.0
2026-01-29,Tomato,Patran,2110.0
2026-01-30,Tomato,Patran,2114.0
2026-02-03,Tomato,Patran,1472.0
2026-02-04,Tomato,Patran,1486.0
2026-02-05,Tomato,Patran,1580.0
2026-02-06,Tomato,Patran,1490.0
2026-02-09,Tomato,Patran,1365.0
2026-02-10,Tomato,Patran,1330.0
2026-02-11,Tomato,Patran,1425.0
2026-02-12,Tomato,Patran,1250.0
2026-02-13,Tomato,Patran,1300.0
2026-02-16,Tomato,Patran,1445.0
2026-02-17,Tomato,Patran,1180.0
2026-02-18,Tomato,Patran,1500.0
2026-02-19,Tomato,Patran,1288.0
2026-02-20,Tomato,Patran,1310.0
2026-02-23,Tomato,Patran,1323.0
2026-02-24,Tomato,Patran,1225.0
2026-02-25,Tomato,Patran,1436.0
2026-02-26,Tomato,Patran,1404.0
2026-03-02,Tomato,Patran,1380.0
2026-03-03,Tomato,Patran,1200.0
2026-03-04,Tomato,Patran,1460.0
2026-03-05,Tomato,Patran,1300.0
2026-03-06,Tomato,Patran,1870.0
2026-03-09,Tomato,Patran,1590.0
2026-03-10,Tomato,Patran,1375.0
2026-03-12,Tomato,Patran,1226.0
2026-03-13,Tomato,Patran,1688.0
2026-03-16,Tomato,Patran,1367.0
2026-03-17,Tomato,Patran,1436.0
2026-03-18,Tomato,Patran,1500.0
2026-03-19,Tomato,Patran,1300.0
2026-03-20,Tomato,Patran,1230.0
2026-03-23,Tomato,Patran,1714.0
2026-03-24,Tomato,Patran,1714.0
2026-03-25,Tomato,Patran,1407.0
2026-03-26,Tomato,Patran,1436.0
2026-03-27,Tomato,Patran,1410.0
2026-03-30,Tomato,Patran,1376.0
2026-03-31,Tomato,Patran,1235.0
2026-04-01,Tomato,Patran,1135.0
2026-04-03,Tomato,Patran,1220.0
2026-04-04,Tomato,Patran,1212.0
2026-04-06,Tomato,Patran,1203.0
2026-04-07,Tomato,Patran,1200.0
2026-04-08,Tomato,Patran,1250.0
2026-04-09,Tomato,Patran,1500.0
2026-04-10,Tomato,Patran,1500.0
2026-04-11,Tomato,Patran,1300.0
2026-04-13,Tomato,Patran,1240.0
2026-04-15,Tomato,Patran,1250.0
2026-04-16,Tomato,Patran,1295.0
2026-04-17,Tomato,Patran,1350.0
2026-04-18,Tomato,Patran,1200.0
2026-04-20,Tomato,Patran,1200.0
2026-04-21,Tomato,Patran,1200.0
2026-04-22,Tomato,Patran,1325.0
2026-04-23,Tomato,Patran,1325.0
2026-04-27,Tomato,Patran,1394.0
2026-04-28,Tomato,Patran,1325.0
2026-04-29,Tomato,Patran,1983.0
2026-04-30,Tomato,Patran,1790.73
2026-05-04,Tomato,Patran,870.0
2026-05-05,Tomato,Patran,1000.0
2026-05-06,Tomato,Patran,770.0
2026-05-07,Tomato,Patran,740.0
2026-05-08,Tomato,Patran,770.0
2026-05-11,Tomato,Patran,610.0
2026-05-12,Tomato,Patran,550.0
2026-05-13,Tomato,Patran,620.0
2026-05-14,Tomato,Patran,720.0
2026-05-15,Tomato,Patran,620.0
2026-05-18,Tomato,Patran,620.0
2026-05-19,Tomato,Patran,750.0
2026-05-20,Tomato,Patran,540.0
2026-05-21,Tomato,Patran,610.0
2026-05-22,Tomato,Patran,540.0
2026-05-26,Tomato,Patran,850.0
2026-05-27,Tomato,Patran,650.0
2026-05-28,Tomato,Patran,550.0
2026-06-02,Tomato,Patran,600.0
2026-06-03,Tomato,Patran,600.0
2026-06-04,Tomato,Patran,700.0
2026-06-05,Tomato,Patran,850.0
2026-06-08,Tomato,Patran,750.0
2026-06-09,Tomato,Patran,750.0
2026-06-10,Tomato,Patran,1200.0
2026-06-11,Tomato,Patran,1200.0
2026-06-15,Tomato,Patran,1500.0
2026-06-16,Tomato,Patran,1580.0
2026-06-17,Tomato,Patran,1580.0
2026-06-22,Tomato,Patran,1450.0
2026-06-23,Tomato,Patran,2250.0
2026-06-24,Tomato,Patran,1930.0
2026-06-26,Tomato,Patran,2060.0
2026-07-01,Tomato,Patran,1980.0
2026-07-02,Tomato,Patran,2040.0
2026-07-06,Tomato,Patran,1540.0
2026-07-07,Tomato,Patran,1690.0
2026-07-08,Tomato,Patran,2030.0
2026-07-09,Tomato,Patran,1860.0
2026-07-10,Tomato,Patran,2140.0
2026-07-13,Tomato,Patran,1720.0
2026-07-14,Tomato,Patran,1830.0
2026-07-15,Tomato,Patran,1850.0
2026-07-16,Tomato,Patran,1890.0
2026-07-17,Tomato,Patran,1800.0
2026-07-20,Tomato,Patran,1970.0
2026-07-21,Tomato,Patran,2090.0
2026-07-22,Tomato,Patran,2190.0
2026-07-23,Tomato,Patran,2120.0
2026-07-24,Tomato,Patran,2030.0
2026-07-27,Tomato,Patran,1940.0
2026-07-28,Tomato,Patran,1890.0
2026-07-29,Tomato,Patran,2000.0
2026-07-30,Tomato,Patran,2000.0
2026-08-03,Tomato,Patran,2000.0
2026-08-04,Tomato,Patran,1910.0
2026-08-05,Tomato,Patran,1680.0
2026-08-06,Tomato,Patran,1930.0
2026-08-07,Tomato,Patran,1230.0
2026-08-08,Tomato,Patran,1830.0
2026-08-10,Tomato,Patran,1880.0
2026-08-11,Tomato,Patran,1780.0
2026-08-12,Tomato,Patran,1880.0
2026-08-13,Tomato,Patran,2190.0
2026-08-14,Tomato,Patran,2340.0
2026-08-15,Tomato,Patran,2180.0
2026-08-17,Tomato,Patran,2640.0
2026-08-18,Tomato,Patran,2510.0
2026-08-19,Tomato,Patran,2460.0
2026-08-20,Tomato,Patran,2460.0
2026-08-21,Tomato,Patran,2120.0
2026-08-23,Tomato,Patran,1940.0
2026-08-25,Tomato,Patran,1720.0
2026-08-26,Tomato,Patran,2000.0
2026-08-27,Tomato,Patran,2120.0
2026-06-14,Tomato,Raikot,1650.0
2026-06-15,Tomato,Raikot,1700.0
2026-06-17,Tomato,Raikot,1800.0
2026-06-18,Tomato,Raikot,1850.0
2026-06-23,Tomato,Raikot,1680.0
2026-06-29,Tomato,Raikot,1710.0
2026-07-01,Tomato,Raikot,1750.0
2026-07-02,Tomato,Raikot,1790.0
2026-07-08,Tomato,Raikot,1850.0
2026-07-14,Tomato,Raikot,1840.0
2026-07-16,Tomato,Raikot,2110.0
2026-07-17,Tomato,Raikot,2030.0
2026-07-24,Tomato,Raikot,2010.0
2026-07-25,Tomato,Raikot,2090.0
2026-07-27,Tomato,Raikot,2110.0
2026-07-28,Tomato,Raikot,2130.0
2026-07-29,Tomato,Raikot,2145.0
2026-07-30,Tomato,Raikot,2190.0
2026-08-01,Tomato,Raikot,2210.0
2026-08-03,Tomato,Raikot,2230.0
2026-08-04,Tomato,Raikot,2260.0
2026-08-05,Tomato,Raikot,2290.0
2026-08-06,Tomato,Raikot,2310.0
2026-08-07,Tomato,Raikot,2340.0
2026-08-08,Tomato,Raikot,2370.0
2026-08-09,Tomato,Raikot,2350.0
2026-08-10,Tomato,Raikot,2410.0
2026-08-11,Tomato,Raikot,2450.0
2026-08-12,Tomato,Raikot,2470.0
2026-08-13,Tomato,Raikot,2480.0
2026-08-14,Tomato,Raikot,2510.0
2026-08-17,Tomato,Raikot,2540.0
2026-08-18,Tomato,Raikot,2560.0
2026-08-20,Tomato,Raikot,2580.0
2026-08-21,Tomato,Raikot,2620.0
2026-08-22,Tomato,Raikot,2640.0
2026-08-24,Tomato,Raikot,2650.0
2026-08-25,Tomato,Raikot,2690.0
2026-08-26,Tomato,Raikot,2720.0
2026-08-28,Tomato,Raikot,2740.0
2026-08-29,Tomato,Raikot,2770.0
2023-06-06,Tomato,Rajpura,600.0
2023-06-07,Tomato,Rajpura,600.0
2023-06-08,Tomato,Rajpura,600.0
2023-06-09,Tomato,Rajpura,600.0
2023-06-10,Tomato,Rajpura,600.0
2023-06-11,Tomato,Rajpura,600.0
2023-06-13,Tomato,Rajpura,600.0
2023-06-14,Tomato,Rajpura,600.0
2023-06-15,Tomato,Rajpura,650.0
2023-06-16,Tomato,Rajpura,600.0
2023-06-17,Tomato,Rajpura,600.0
2023-06-18,Tomato,Rajpura,750.0
2023-06-19,Tomato,Rajpura,600.0
2023-06-20,Tomato,Rajpura,650.0
2023-06-21,Tomato,Rajpura,700.0
2023-06-22,Tomato,Rajpura,800.0
2023-06-23,Tomato,Rajpura,1800.0
2023-06-24,Tomato,Rajpura,1450.0
2023-06-25,Tomato,Rajpura,1500.0
2023-06-27,Tomato,Rajpura,3500.0
2023-06-28,Tomato,Rajpura,3500.0
2023-06-29,Tomato,Rajpura,3800.0
2023-06-30,Tomato,Rajpura,4500.0
2023-07-02,Tomato,Rajpura,3800.0
2023-07-03,Tomato,Rajpura,4200.0
2023-07-04,Tomato,Rajpura,4200.0
2023-07-05,Tomato,Rajpura,4000.0
2023-07-06,Tomato,Rajpura,4250.0
2023-07-07,Tomato,Rajpura,4000.0
2023-07-08,Tomato,Rajpura,4000.0
2023-07-09,Tomato,Rajpura,4000.0
2023-07-11,Tomato,Rajpura,6500.0
2023-07-12,Tomato,Rajpura,7000.0
2023-07-13,Tomato,Rajpura,7500.0
2023-07-14,Tomato,Rajpura,8500.0
2023-07-15,Tomato,Rajpura,5500.0
2023-07-16,Tomato,Rajpura,3000.0
2023-07-17,Tomato,Rajpura,3000.0
2023-07-18,Tomato,Rajpura,2500.0
2023-07-19,Tomato,Rajpura,2600.0
2023-07-20,Tomato,Rajpura,4000.0
2023-07-21,Tomato,Rajpura,4000.0
2023-07-22,Tomato,Rajpura,4000.0
2023-07-23,Tomato,Rajpura,6000.0
2023-07-25,Tomato,Rajpura,6200.0
2023-07-26,Tomato,Rajpura,7500.0
2023-07-27,Tomato,Rajpura,8500.0
2023-07-28,Tomato,Rajpura,7000.0
2023-07-29,Tomato,Rajpura,7500.0
2023-07-30,Tomato,Rajpura,8000.0
2023-07-31,Tomato,Rajpura,8500.0
2025-11-09,Tomato,Rajpura,1800.0
2025-11-12,Tomato,Rajpura,1950.0
2025-11-13,Tomato,Rajpura,2000.0
2025-11-15,Tomato,Rajpura,2500.0
2025-11-18,Tomato,Rajpura,2300.0
2025-11-19,Tomato,Rajpura,2100.0
2025-11-20,Tomato,Rajpura,2220.0
2025-11-21,Tomato,Rajpura,2200.0
2025-11-27,Tomato,Rajpura,2100.0
2025-11-28,Tomato,Rajpura,2000.0
2025-12-02,Tomato,Rajpura,2000.0
2025-12-03,Tomato,Rajpura,2000.0
2025-12-06,Tomato,Rajpura,2000.0
2025-12-16,Tomato,Rajpura,1800.0
2025-12-17,Tomato,Rajpura,2000.0
2025-12-18,Tomato,Rajpura,1900.0
2025-12-19,Tomato,Rajpura,1850.0
2025-12-20,Tomato,Rajpura,2450.0
2025-12-21,Tomato,Rajpura,2450.0
2025-12-23,Tomato,Rajpura,2250.0
2025-12-28,Tomato,Rajpura,2250.0
2025-12-31,Tomato,Rajpura,1850.0
2026-01-01,Tomato,Rajpura,2100.0
2026-01-04,Tomato,Rajpura,2500.0
2026-01-06,Tomato,Rajpura,2250.0
2026-01-07,Tomato,Rajpura,2100.0
2026-01-08,Tomato,Rajpura,2300.0
2026-01-11,Tomato,Rajpura,2350.0
2026-01-13,Tomato,Rajpura,2450.0
2026-01-16,Tomato,Rajpura,2300.0
2026-01-18,Tomato,Rajpura,2800.0
2026-01-20,Tomato,Rajpura,2200.0
2026-01-21,Tomato,Rajpura,2500.0
2026-01-22,Tomato,Rajpura,2300.0
2026-01-23,Tomato,Rajpura,2400.0
2026-01-25,Tomato,Rajpura,1800.0
2026-01-27,Tomato,Rajpura,1700.0
2026-01-29,Tomato,Rajpura,1850.0
2026-01-30,Tomato,Rajpura,1950.0
2026-02-01,Tomato,Rajpura,1800.0
2026-02-03,Tomato,Rajpura,1800.0
2026-02-04,Tomato,Rajpura,2400.0
2026-02-07,Tomato,Rajpura,2000.0
2026-02-08,Tomato,Rajpura,2000.0
2026-02-10,Tomato,Rajpura,2000.0
2026-02-12,Tomato,Rajpura,1300.0
2026-02-13,Tomato,Rajpura,1350.0
2026-02-15,Tomato,Rajpura,2000.0
2026-02-17,Tomato,Rajpura,1600.0
2026-02-18,Tomato,Rajpura,1200.0
2026-02-19,Tomato,Rajpura,1200.0
2026-02-21,Tomato,Rajpura,1400.0
2026-02-22,Tomato,Rajpura,1050.0
2026-02-24,Tomato,Rajpura,1200.0
2026-02-25,Tomato,Rajpura,1200.0
2026-02-27,Tomato,Rajpura,950.0
2026-02-28,Tomato,Rajpura,700.0
2026-03-01,Tomato,Rajpura,1500.0
2026-03-04,Tomato,Rajpura,1200.0
2026-03-05,Tomato,Rajpura,1200.0
2026-03-07,Tomato,Rajpura,1000.0
2026-03-08,Tomato,Rajpura,750.0
2026-03-10,Tomato,Rajpura,1050.0
2026-03-11,Tomato,Rajpura,750.0
2026-03-12,Tomato,Rajpura,1300.0
2026-03-13,Tomato,Rajpura,1150.0
2026-03-14,Tomato,Rajpura,1100.0
2026-03-15,Tomato,Rajpura,950.0
2026-03-17,Tomato,Rajpura,1200.0
2026-03-18,Tomato,Rajpura,1050.0
2026-03-19,Tomato,Rajpura,1100.0
2026-03-20,Tomato,Rajpura,1200.0
2026-03-21,Tomato,Rajpura,1050.0
2026-03-24,Tomato,Rajpura,1250.0
2026-03-25,Tomato,Rajpura,1150.0
2026-03-26,Tomato,Rajpura,1150.0
2026-03-27,Tomato,Rajpura,1200.0
2026-03-28,Tomato,Rajpura,1250.0
2026-03-29,Tomato,Rajpura,1250.0
2026-03-31,Tomato,Rajpura,1150.0
2026-04-01,Tomato,Rajpura,1200.0
2026-04-02,Tomato,Rajpura,1150.0
2026-04-03,Tomato,Rajpura,1150.0
2026-04-04,Tomato,Rajpura,1200.0
2026-04-05,Tomato,Rajpura,1200.0
2026-04-08,Tomato,Rajpura,1050.0
2026-04-09,Tomato,Rajpura,1100.0
2026-04-10,Tomato,Rajpura,1200.0
2026-04-11,Tomato,Rajpura,1250.0
2026-04-12,Tomato,Rajpura,600.0
2026-04-14,Tomato,Rajpura,800.0
2026-04-15,Tomato,Rajpura,850.0
2026-04-16,Tomato,Rajpura,750.0
2026-04-17,Tomato,Rajpura,700.0
2026-04-18,Tomato,Rajpura,750.0
2026-04-19,Tomato,Rajpura,800.0
2026-04-22,Tomato,Rajpura,700.0
2026-04-23,Tomato,Rajpura,650.0
2026-04-24,Tomato,Rajpura,800.0
2026-04-25,Tomato,Rajpura,800.0
2026-04-28,Tomato,Rajpura,800.0
2026-04-29,Tomato,Rajpura,700.0
2026-04-30,Tomato,Rajpura,1000.0
2026-05-02,Tomato,Rajpura,1000.0
2026-05-03,Tomato,Rajpura,1050.0
2026-05-05,Tomato,Rajpura,900.0
2026-05-06,Tomato,Rajpura,1000.0
2026-05-07,Tomato,Rajpura,1000.0
2026-05-08,Tomato,Rajpura,1050.0
2026-05-10,Tomato,Rajpura,950.0
2026-05-12,Tomato,Rajpura,900.0
2026-05-13,Tomato,Rajpura,950.0
2026-05-14,Tomato,Rajpura,900.0
2026-05-16,Tomato,Rajpura,950.0
2026-05-17,Tomato,Rajpura,1050.0
2026-05-19,Tomato,Rajpura,950.0
2026-05-20,Tomato,Rajpura,1100.0
2026-05-21,Tomato,Rajpura,1000.0
2026-05-22,Tomato,Rajpura,1100.0
2026-05-23,Tomato,Rajpura,950.0
2026-05-24,Tomato,Rajpura,1050.0
2026-05-26,Tomato,Rajpura,950.0
2026-05-27,Tomato,Rajpura,950.0
2026-05-28,Tomato,Rajpura,1000.0
2026-05-29,Tomato,Rajpura,900.0
2026-05-30,Tomato,Rajpura,1050.0
2026-05-31,Tomato,Rajpura,900.0
2026-06-02,Tomato,Rajpura,900.0
2026-06-03,Tomato,Rajpura,1000.0
2026-06-04,Tomato,Rajpura,900.0
2026-06-05,Tomato,Rajpura,950.0
2026-06-07,Tomato,Rajpura,1050.0
2026-06-09,Tomato,Rajpura,1400.0
2026-06-10,Tomato,Rajpura,1000.0
2026-06-11,Tomato,Rajpura,950.0
2026-06-13,Tomato,Rajpura,1050.0
2026-06-14,Tomato,Rajpura,1450.0
2026-06-16,Tomato,Rajpura,1800.0
2026-06-17,Tomato,Rajpura,1800.0
2026-06-18,Tomato,Rajpura,1600.0
2026-06-19,Tomato,Rajpura,1600.0
2026-06-20,Tomato,Rajpura,1300.0
2026-06-21,Tomato,Rajpura,1800.0
2026-06-23,Tomato,Rajpura,1620.0
2026-06-24,Tomato,Rajpura,1750.0
2026-06-25,Tomato,Rajpura,1050.0
2026-06-28,Tomato,Rajpura,1600.0
2026-06-30,Tomato,Rajpura,1550.0
2026-07-01,Tomato,Rajpura,1680.0
2026-07-02,Tomato,Rajpura,1650.0
2026-07-03,Tomato,Rajpura,1700.0
2026-07-04,Tomato,Rajpura,1850.0
2026-07-05,Tomato,Rajpura,1700.0
2026-07-07,Tomato,Rajpura,1900.0
2026-07-08,Tomato,Rajpura,1500.0
2026-07-09,Tomato,Rajpura,1800.0
2026-07-10,Tomato,Rajpura,1450.0
2026-07-11,Tomato,Rajpura,1500.0
2026-07-14,Tomato,Rajpura,1700.0
2026-07-15,Tomato,Rajpura,1700.0
2026-07-16,Tomato,Rajpura,1700.0
2026-07-18,Tomato,Rajpura,1750.0
2026-07-19,Tomato,Rajpura,1800.0
2026-07-21,Tomato,Rajpura,1700.0
2026-07-22,Tomato,Rajpura,1800.0
2026-07-23,Tomato,Rajpura,1700.0
2026-07-25,Tomato,Rajpura,1800.0
2026-07-26,Tomato,Rajpura,1850.0
2026-07-28,Tomato,Rajpura,1900.0
2026-07-29,Tomato,Rajpura,1900.0
2026-07-30,Tomato,Rajpura,1850.0
2026-07-31,Tomato,Rajpura,1900.0
2026-08-01,Tomato,Rajpura,1850.0
2026-08-02,Tomato,Rajpura,1900.0
2026-08-04,Tomato,Rajpura,1900.0
2026-08-05,Tomato,Rajpura,1900.0
2026-08-07,Tomato,Rajpura,1900.0
2026-08-08,Tomato,Rajpura,1850.0
2026-08-09,Tomato,Rajpura,2100.0
2026-08-11,Tomato,Rajpura,1900.0
2026-08-12,Tomato,Rajpura,1600.0
2026-08-13,Tomato,Rajpura,1950.0
2026-08-15,Tomato,Rajpura,1850.0
2026-08-16,Tomato,Rajpura,2100.0
2026-08-18,Tomato,Rajpura,1900.0
2026-08-19,Tomato,Rajpura,1700.0
2026-08-20,Tomato,Rajpura,1900.0
2026-08-21,Tomato,Rajpura,1800.0
2026-08-22,Tomato,Rajpura,1800.0
2026-08-23,Tomato,Rajpura,2000.0
2026-08-25,Tomato,Rajpura,2000.0
2026-08-26,Tomato,Rajpura,2000.0
2026-08-27,Tomato,Rajpura,1900.0
2023-06-06,Tomato,Rayya,1600.0
2023-06-07,Tomato,Rayya,1800.0
2023-06-08,Tomato,Rayya,1900.0
2023-06-09,Tomato,Rayya,1700.0
2023-06-10,Tomato,Rayya,1800.0
2023-06-12,Tomato,Rayya,1900.0
2023-06-13,Tomato,Rayya,1600.0
2023-06-14,Tomato,Rayya,1600.0
2023-06-15,Tomato,Rayya,1800.0
2023-06-16,Tomato,Rayya,1600.0
2023-06-17,Tomato,Rayya,1500.0
2023-06-19,Tomato,Rayya,1500.0
2023-06-20,Tomato,Rayya,1400.0
2023-06-21,Tomato,Rayya,1300.0
2023-06-22,Tomato,Rayya,1300.0
2023-06-23,Tomato,Rayya,1300.0
2023-06-24,Tomato,Rayya,1300.0
2023-06-26,Tomato,Rayya,1200.0
2023-06-27,Tomato,Rayya,1200.0
2023-06-28,Tomato,Rayya,1200.0
2023-06-29,Tomato,Rayya,1200.0
2023-06-30,Tomato,Rayya,1200.0
2023-07-01,Tomato,Rayya,1200.0
2023-07-03,Tomato,Rayya,1000.0
2023-07-04,Tomato,Rayya,1000.0
2023-07-05,Tomato,Rayya,1000.0
2023-07-06,Tomato,Rayya,1000.0
2023-07-07,Tomato,Rayya,1000.0
2023-07-08,Tomato,Rayya,1000.0
2023-07-10,Tomato,Rayya,1200.0
2023-07-11,Tomato,Rayya,1300.0
2023-07-12,Tomato,Rayya,1300.0
2023-07-13,Tomato,Rayya,1300.0
2023-07-14,Tomato,Rayya,1300.0
2023-07-15,Tomato,Rayya,1400.0
2023-07-17,Tomato,Rayya,1600.0
2023-07-18,Tomato,Rayya,2500.0
2023-07-19,Tomato,Rayya,1900.0
2023-07-20,Tomato,Rayya,1800.0
2023-07-21,Tomato,Rayya,1800.0
2023-07-22,Tomato,Rayya,2000.0
2023-07-24,Tomato,Rayya,1800.0
2023-07-25,Tomato,Rayya,1800.0
2023-07-26,Tomato,Rayya,1600.0
2023-07-27,Tomato,Rayya,1500.0
2023-07-28,Tomato,Rayya,1400.0
2023-07-29,Tomato,Rayya,1400.0
2023-07-31,Tomato,Rayya,1300.0
2023-08-01,Tomato,Rayya,1300.0
2023-08-02,Tomato,Rayya,1300.0
2023-08-03,Tomato,Rayya,1200.0
2023-08-04,Tomato,Rayya,1300.0
2023-08-05,Tomato,Rayya,1400.0
2025-11-07,Tomato,Rayya,2400.0
2025-11-08,Tomato,Rayya,2300.0
2025-11-10,Tomato,Rayya,2200.0
2025-11-11,Tomato,Rayya,2100.0
2025-11-12,Tomato,Rayya,2000.0
2025-11-13,Tomato,Rayya,2100.0
2025-11-14,Tomato,Rayya,3000.0
2025-11-15,Tomato,Rayya,2100.0
2025-11-17,Tomato,Rayya,2000.0
2025-11-18,Tomato,Rayya,1900.0
2025-11-19,Tomato,Rayya,2000.0
2025-11-20,Tomato,Rayya,1900.0
2025-11-21,Tomato,Rayya,1800.0
2025-11-22,Tomato,Rayya,1800.0
2025-11-24,Tomato,Rayya,1800.0
2025-11-25,Tomato,Rayya,1800.0
2025-11-26,Tomato,Rayya,3000.0
2025-11-27,Tomato,Rayya,1800.0
2025-11-28,Tomato,Rayya,1700.0
2025-11-29,Tomato,Rayya,1700.0
2025-12-01,Tomato,Rayya,1500.0
2025-12-02,Tomato,Rayya,1500.0
2025-12-03,Tomato,Rayya,1620.0
2025-12-04,Tomato,Rayya,1400.0
2025-12-05,Tomato,Rayya,1500.0
2025-12-06,Tomato,Rayya,1500.0
2025-12-08,Tomato,Rayya,1400.0
2025-12-09,Tomato,Rayya,1400.0
2025-12-10,Tomato,Rayya,1300.0
2025-12-11,Tomato,Rayya,1380.0
2025-12-12,Tomato,Rayya,1448.25
2025-12-13,Tomato,Rayya,1365.0
2025-12-15,Tomato,Rayya,1280.0
2025-12-16,Tomato,Rayya,1290.0
2025-12-17,Tomato,Rayya,1310.0
2025-12-18,Tomato,Rayya,1320.0
2025-12-19,Tomato,Rayya,1300.0
2025-12-20,Tomato,Rayya,1300.0
2025-12-22,Tomato,Rayya,1280.0
2025-12-23,Tomato,Rayya,1250.0
2025-12-24,Tomato,Rayya,1280.0
2025-12-25,Tomato,Rayya,1280.0
2025-12-26,Tomato,Rayya,1240.0
2025-12-27,Tomato,Rayya,1195.0
2025-12-29,Tomato,Rayya,1210.0
2025-12-30,Tomato,Rayya,1250.0
2025-12-31,Tomato,Rayya,1220.0
2026-01-01,Tomato,Rayya,1225.0
2026-01-02,Tomato,Rayya,1220.0
2026-01-03,Tomato,Rayya,1215.0
2026-01-05,Tomato,Rayya,1200.0
2026-01-06,Tomato,Rayya,1200.0
2026-01-07,Tomato,Rayya,1215.0
2026-01-08,Tomato,Rayya,1200.0
2026-01-09,Tomato,Rayya,1200.0
2026-01-10,Tomato,Rayya,1200.0
2026-01-11,Tomato,Rayya,1180.0
2026-01-12,Tomato,Rayya,1180.0
2026-01-13,Tomato,Rayya,1180.0
2026-01-14,Tomato,Rayya,1160.0
2026-01-15,Tomato,Rayya,1180.0
2026-01-16,Tomato,Rayya,1175.0
2026-01-17,Tomato,Rayya,1150.0
2026-01-19,Tomato,Rayya,1125.0
2026-01-20,Tomato,Rayya,1150.0
2026-01-21,Tomato,Rayya,1140.0
2026-01-22,Tomato,Rayya,1140.0
2026-01-23,Tomato,Rayya,1140.0
2026-01-24,Tomato,Rayya,1135.0
2026-01-26,Tomato,Rayya,1135.0
2026-01-27,Tomato,Rayya,1125.0
2026-01-28,Tomato,Rayya,1125.0
2026-01-29,Tomato,Rayya,1128.0
2026-01-30,Tomato,Rayya,1120.0
2026-01-31,Tomato,Rayya,1110.0
2026-02-02,Tomato,Rayya,1105.0
2026-02-03,Tomato,Rayya,1110.0
2026-02-04,Tomato,Rayya,1090.0
2026-02-05,Tomato,Rayya,1110.0
2026-02-06,Tomato,Rayya,1080.0
2026-02-07,Tomato,Rayya,1090.0
2026-02-09,Tomato,Rayya,1085.0
2026-02-10,Tomato,Rayya,1075.0
2026-02-11,Tomato,Rayya,1080.0
2026-02-12,Tomato,Rayya,1057.86
2026-02-13,Tomato,Rayya,1075.0
2026-02-14,Tomato,Rayya,1050.0
2026-02-16,Tomato,Rayya,1050.0
2026-02-17,Tomato,Rayya,1050.0
2026-02-18,Tomato,Rayya,1045.0
2026-02-19,Tomato,Rayya,1040.0
2026-02-20,Tomato,Rayya,980.0
2026-02-21,Tomato,Rayya,1035.0
2026-02-23,Tomato,Rayya,1025.0
2026-02-24,Tomato,Rayya,1020.0
2026-02-25,Tomato,Rayya,1015.0
2026-02-26,Tomato,Rayya,1010.0
2026-02-27,Tomato,Rayya,1015.0
2026-02-28,Tomato,Rayya,1010.0
2026-03-02,Tomato,Rayya,1010.0
2026-03-03,Tomato,Rayya,1010.0
2026-03-04,Tomato,Rayya,1010.0
2026-03-05,Tomato,Rayya,1000.0
2026-03-06,Tomato,Rayya,965.88
2026-03-07,Tomato,Rayya,1000.0
2026-03-09,Tomato,Rayya,985.0
2026-03-10,Tomato,Rayya,980.0
2026-03-12,Tomato,Rayya,985.0
2026-03-13,Tomato,Rayya,980.0
2026-03-14,Tomato,Rayya,970.0
2026-03-16,Tomato,Rayya,975.0
2026-03-17,Tomato,Rayya,975.0
2026-03-18,Tomato,Rayya,965.0
2026-03-19,Tomato,Rayya,960.0
2026-03-20,Tomato,Rayya,960.0
2026-03-21,Tomato,Rayya,950.0
2026-03-23,Tomato,Rayya,950.0
2026-03-24,Tomato,Rayya,945.0
2026-03-25,Tomato,Rayya,950.0
2026-03-26,Tomato,Rayya,945.0
2026-03-27,Tomato,Rayya,945.0
2026-03-28,Tomato,Rayya,935.0
2026-03-30,Tomato,Rayya,850.0
2026-03-31,Tomato,Rayya,925.0
2026-04-01,Tomato,Rayya,915.0
2026-04-02,Tomato,Rayya,915.0
2026-04-03,Tomato,Rayya,910.0
2026-04-04,Tomato,Rayya,910.0
2026-04-06,Tomato,Rayya,900.0
2026-04-07,Tomato,Rayya,893.08
2026-04-08,Tomato,Rayya,880.0
2026-04-09,Tomato,Rayya,895.0
2026-04-10,Tomato,Rayya,875.0
2026-04-11,Tomato,Rayya,875.0
2026-04-13,Tomato,Rayya,850.0
2026-04-14,Tomato,Rayya,875.0
2026-04-15,Tomato,Rayya,845.0
2026-04-17,Tomato,Rayya,850.0
2026-04-18,Tomato,Rayya,850.0
2026-04-19,Tomato,Rayya,855.0
2026-04-20,Tomato,Rayya,845.0
2026-04-21,Tomato,Rayya,845.0
2026-04-22,Tomato,Rayya,840.0
2026-04-23,Tomato,Rayya,825.0
2026-04-24,Tomato,Rayya,830.0
2026-04-25,Tomato,Rayya,825.0
2026-04-27,Tomato,Rayya,825.0
2026-04-28,Tomato,Rayya,825.0
2026-04-29,Tomato,Rayya,820.0
2026-04-30,Tomato,Rayya,815.0
2026-05-01,Tomato,Rayya,815.0
2026-05-02,Tomato,Rayya,815.0
2026-05-03,Tomato,Rayya,815.0
2026-05-06,Tomato,Rayya,810.0
2026-05-07,Tomato,Rayya,810.0
2026-05-09,Tomato,Rayya,810.0
2026-05-11,Tomato,Rayya,805.0
2026-05-12,Tomato,Rayya,805.0
2026-05-13,Tomato,Rayya,800.0
2026-05-14,Tomato,Rayya,800.0
2026-05-15,Tomato,Rayya,800.0
2026-05-16,Tomato,Rayya,800.0
2026-05-18,Tomato,Rayya,870.0
2026-05-19,Tomato,Rayya,800.0
2026-05-20,Tomato,Rayya,800.0
2026-05-21,Tomato,Rayya,805.0
2026-05-22,Tomato,Rayya,800.0
2026-05-23,Tomato,Rayya,800.0
2026-05-25,Tomato,Rayya,800.0
2026-05-26,Tomato,Rayya,800.0
2026-05-27,Tomato,Rayya,785.0
2026-05-28,Tomato,Rayya,780.0
2026-05-29,Tomato,Rayya,780.0
2026-05-30,Tomato,Rayya,780.0
2026-06-01,Tomato,Rayya,780.0
2026-06-02,Tomato,Rayya,750.0
2026-06-04,Tomato,Rayya,760.0
2026-06-05,Tomato,Rayya,760.0
2026-06-06,Tomato,Rayya,765.0
2026-06-08,Tomato,Rayya,756.0
2026-06-09,Tomato,Rayya,758.0
2026-06-10,Tomato,Rayya,758.0
2026-06-11,Tomato,Rayya,755.0
2026-06-12,Tomato,Rayya,750.0
2026-06-13,Tomato,Rayya,753.0
2026-06-15,Tomato,Rayya,752.0
2026-06-16,Tomato,Rayya,752.0
2026-06-17,Tomato,Rayya,751.0
2026-06-18,Tomato,Rayya,750.0
2026-06-19,Tomato,Rayya,748.0
2026-06-20,Tomato,Rayya,742.0
2026-06-22,Tomato,Rayya,745.0
2026-06-23,Tomato,Rayya,744.0
2026-06-24,Tomato,Rayya,745.0
2026-06-25,Tomato,Rayya,743.0
2026-06-26,Tomato,Rayya,743.0
2026-06-27,Tomato,Rayya,742.0
2026-06-29,Tomato,Rayya,740.0
2026-06-30,Tomato,Rayya,740.0
2026-07-01,Tomato,Rayya,740.0
2026-07-02,Tomato,Rayya,740.0
2026-07-03,Tomato,Rayya,736.0
2026-07-04,Tomato,Rayya,737.0
2026-07-06,Tomato,Rayya,736.0
2026-07-07,Tomato,Rayya,735.0
2026-07-08,Tomato,Rayya,735.0
2026-07-09,Tomato,Rayya,733.0
2026-07-10,Tomato,Rayya,734.0
2026-07-11,Tomato,Rayya,731.0
2026-07-13,Tomato,Rayya,731.0
2026-07-14,Tomato,Rayya,730.0
2026-07-15,Tomato,Rayya,730.0
2026-07-16,Tomato,Rayya,730.0
2026-07-17,Tomato,Rayya,729.0
2026-07-18,Tomato,Rayya,728.0
2026-07-20,Tomato,Rayya,725.0
2026-07-21,Tomato,Rayya,725.0
2026-07-22,Tomato,Rayya,722.42
2026-07-23,Tomato,Rayya,724.0
2026-07-24,Tomato,Rayya,722.0
2026-07-25,Tomato,Rayya,720.0
2026-07-27,Tomato,Rayya,720.0
2026-07-28,Tomato,Rayya,720.0
2026-07-29,Tomato,Rayya,718.0
2026-07-30,Tomato,Rayya,718.0
2026-07-31,Tomato,Rayya,715.0
2026-08-01,Tomato,Rayya,715.0
2026-08-03,Tomato,Rayya,715.0
2026-08-04,Tomato,Rayya,715.0
2026-08-06,Tomato,Rayya,715.0
2026-08-07,Tomato,Rayya,712.0
2026-08-08,Tomato,Rayya,710.0
2026-08-10,Tomato,Rayya,710.0
2026-08-11,Tomato,Rayya,710.0
2026-08-12,Tomato,Rayya,710.0
2026-08-13,Tomato,Rayya,709.0
2026-08-14,Tomato,Rayya,710.0
2026-08-15,Tomato,Rayya,710.0
2026-08-17,Tomato,Rayya,708.0
2026-08-18,Tomato,Rayya,705.0
2026-08-19,Tomato,Rayya,705.0
2026-08-20,Tomato,Rayya,706.0
2026-08-21,Tomato,Rayya,705.0
2026-08-22,Tomato,Rayya,705.0
2026-08-24,Tomato,Rayya,702.0
2026-08-25,Tomato,Rayya,704.0
2026-08-26,Tomato,Rayya,702.0
2026-08-27,Tomato,Rayya,702.0
2026-08-28,Tomato,Rayya,701.0
2026-08-29,Tomato,Rayya,700.0
2023-06-07,Tomato,Sahnewal,500.0
2023-06-09,Tomato,Sahnewal,750.0
2023-06-13,Tomato,Sahnewal,1000.0
2023-06-15,Tomato,Sahnewal,1000.0
2023-06-19,Tomato,Sahnewal,1000.0
2023-06-21,Tomato,Sahnewal,1200.0
2023-06-22,Tomato,Sahnewal,1150.0
2023-06-23,Tomato,Sahnewal,1750.0
2023-06-24,Tomato,Sahnewal,3200.0
2023-06-27,Tomato,Sahnewal,3500.0
2023-06-30,Tomato,Sahnewal,4500.0
2023-07-08,Tomato,Sahnewal,7500.0
2023-07-18,Tomato,Sahnewal,10000.0
2023-07-19,Tomato,Sahnewal,6000.0
2023-07-29,Tomato,Sahnewal,10400.0
2025-11-07,Tomato,Sahnewal,2750.0
2025-11-12,Tomato,Sahnewal,2800.0
2025-11-17,Tomato,Sahnewal,2800.0
2025-11-18,Tomato,Sahnewal,2800.0
2025-11-21,Tomato,Sahnewal,2600.0
2025-11-22,Tomato,Sahnewal,2800.0
2025-11-26,Tomato,Sahnewal,2800.0
2025-11-27,Tomato,Sahnewal,3600.0
2025-12-05,Tomato,Sahnewal,3600.0
2025-12-09,Tomato,Sahnewal,3200.0
2025-12-12,Tomato,Sahnewal,3200.0
2025-12-13,Tomato,Sahnewal,3200.0
2025-12-15,Tomato,Sahnewal,3600.0
2025-12-17,Tomato,Sahnewal,3600.0
2025-12-20,Tomato,Sahnewal,4000.0
2025-12-22,Tomato,Sahnewal,3600.0
2025-12-23,Tomato,Sahnewal,4000.0
2025-12-24,Tomato,Sahnewal,4800.0
2025-12-26,Tomato,Sahnewal,4000.0
2025-12-27,Tomato,Sahnewal,4000.0
2025-12-29,Tomato,Sahnewal,4400.0
2025-12-31,Tomato,Sahnewal,4400.0
2026-01-01,Tomato,Sahnewal,4400.0
2026-01-02,Tomato,Sahnewal,4600.0
2026-01-05,Tomato,Sahnewal,4600.0
2026-01-06,Tomato,Sahnewal,4600.0
2026-01-09,Tomato,Sahnewal,4000.0
2026-01-13,Tomato,Sahnewal,3600.0
2026-01-16,Tomato,Sahnewal,4000.0
2026-01-17,Tomato,Sahnewal,4000.0
2026-01-19,Tomato,Sahnewal,3800.0
2026-01-20,Tomato,Sahnewal,3800.0
2026-01-22,Tomato,Sahnewal,3400.0
2026-01-23,Tomato,Sahnewal,3600.0
2026-01-24,Tomato,Sahnewal,3600.0
2026-01-28,Tomato,Sahnewal,3400.0
2026-02-02,Tomato,Sahnewal,3000.0
2026-02-03,Tomato,Sahnewal,2750.0
2026-02-05,Tomato,Sahnewal,3000.0
2026-02-10,Tomato,Sahnewal,2400.0
2026-02-13,Tomato,Sahnewal,3000.0
2026-02-14,Tomato,Sahnewal,2000.0
2026-02-16,Tomato,Sahnewal,2250.0
2026-02-18,Tomato,Sahnewal,3000.0
2026-02-19,Tomato,Sahnewal,3000.0
2026-02-20,Tomato,Sahnewal,3250.0
2026-02-23,Tomato,Sahnewal,3250.0
2026-02-25,Tomato,Sahnewal,3250.0
2026-02-26,Tomato,Sahnewal,3000.0
2026-02-27,Tomato,Sahnewal,3000.0
2026-03-02,Tomato,Sahnewal,2500.0
2026-03-04,Tomato,Sahnewal,2500.0
2026-03-05,Tomato,Sahnewal,3000.0
2026-03-11,Tomato,Sahnewal,3500.0
2026-03-13,Tomato,Sahnewal,3500.0
2026-03-16,Tomato,Sahnewal,2750.0
2026-03-19,Tomato,Sahnewal,2750.0
2026-03-20,Tomato,Sahnewal,2500.0
2026-03-21,Tomato,Sahnewal,2500.0
2026-03-24,Tomato,Sahnewal,2750.0
2026-03-26,Tomato,Sahnewal,3000.0
2026-03-28,Tomato,Sahnewal,2500.0
2026-03-31,Tomato,Sahnewal,2000.0
2026-04-03,Tomato,Sahnewal,2500.0
2026-04-06,Tomato,Sahnewal,2250.0
2026-04-09,Tomato,Sahnewal,2500.0
2026-04-10,Tomato,Sahnewal,2750.0
2026-04-14,Tomato,Sahnewal,2500.0
2026-04-29,Tomato,Sahnewal,2500.0
2026-04-30,Tomato,Sahnewal,2750.0
2026-05-01,Tomato,Sahnewal,3000.0
2026-05-05,Tomato,Sahnewal,3000.0
2026-05-06,Tomato,Sahnewal,2750.0
2026-05-13,Tomato,Sahnewal,1500.0
2026-05-15,Tomato,Sahnewal,1250.0
2026-05-19,Tomato,Sahnewal,1700.0
2026-05-20,Tomato,Sahnewal,1600.0
2026-05-23,Tomato,Sahnewal,1500.0
2026-05-27,Tomato,Sahnewal,1500.0
2026-05-30,Tomato,Sahnewal,1400.0
2026-06-01,Tomato,Sahnewal,1500.0
2026-06-02,Tomato,Sahnewal,1500.0
2026-06-03,Tomato,Sahnewal,1500.0
2026-06-04,Tomato,Sahnewal,1400.0
2026-06-06,Tomato,Sahnewal,1300.0
2026-06-08,Tomato,Sahnewal,1500.0
2026-06-10,Tomato,Sahnewal,1550.0
2026-06-11,Tomato,Sahnewal,1500.0
2026-06-13,Tomato,Sahnewal,1500.0
2026-06-17,Tomato,Sahnewal,1500.0
2026-06-18,Tomato,Sahnewal,2750.0
2026-06-19,Tomato,Sahnewal,4250.0
2026-06-20,Tomato,Sahnewal,4250.0
2026-06-25,Tomato,Sahnewal,4000.0
2026-06-26,Tomato,Sahnewal,4500.0
2026-06-30,Tomato,Sahnewal,3750.0
2026-07-01,Tomato,Sahnewal,3500.0
2026-07-02,Tomato,Sahnewal,3750.0
2026-07-03,Tomato,Sahnewal,4000.0
2026-07-04,Tomato,Sahnewal,3500.0
2026-07-06,Tomato,Sahnewal,4500.0
2026-07-07,Tomato,Sahnewal,5000.0
2026-07-09,Tomato,Sahnewal,4000.0
2026-07-10,Tomato,Sahnewal,4000.0
2026-07-11,Tomato,Sahnewal,3750.0
2026-07-13,Tomato,Sahnewal,4200.0
2026-07-15,Tomato,Sahnewal,3900.0
2026-07-17,Tomato,Sahnewal,3750.0
2026-07-18,Tomato,Sahnewal,3750.0
2026-07-21,Tomato,Sahnewal,3750.0
2026-07-22,Tomato,Sahnewal,3750.0
2026-07-23,Tomato,Sahnewal,3900.0
2026-07-24,Tomato,Sahnewal,3600.0
2026-07-31,Tomato,Sahnewal,2500.0
2026-08-05,Tomato,Sahnewal,3000.0
2026-08-08,Tomato,Sahnewal,3000.0
2026-08-10,Tomato,Sahnewal,3500.0
2026-08-12,Tomato,Sahnewal,3500.0
2026-08-14,Tomato,Sahnewal,4500.0
2026-08-15,Tomato,Sahnewal,4500.0
2026-08-20,Tomato,Sahnewal,4250.0
2026-08-22,Tomato,Sahnewal,3100.0
2026-08-25,Tomato,Sahnewal,3250.0
2026-08-28,Tomato,Sahnewal,4000.0
2023-06-06,Tomato,Samana,650.0
2023-06-10,Tomato,Samana,400.0
2023-06-12,Tomato,Samana,600.0
2023-06-16,Tomato,Samana,600.0
2023-06-20,Tomato,Samana,600.0
2023-06-21,Tomato,Samana,600.0
2023-06-22,Tomato,Samana,500.0
2023-06-23,Tomato,Samana,500.0
2023-06-26,Tomato,Samana,2200.0
2023-07-04,Tomato,Samana,7000.0
2023-07-05,Tomato,Samana,4000.0
2023-07-10,Tomato,Samana,5000.0
2023-07-11,Tomato,Samana,2000.0
2023-07-21,Tomato,Samana,4500.0
2026-03-12,Tomato,Samana,800.0
2026-04-17,Tomato,Samana,1200.0
2026-04-20,Tomato,Samana,1600.0
2026-04-21,Tomato,Samana,450.0
2026-04-22,Tomato,Samana,400.0
2026-04-23,Tomato,Samana,630.0
2026-04-24,Tomato,Samana,525.0
2026-04-25,Tomato,Samana,525.0
2026-04-27,Tomato,Samana,600.0
2026-04-28,Tomato,Samana,1050.0
2026-04-29,Tomato,Samana,1400.0
2026-04-30,Tomato,Samana,1150.0
2026-05-01,Tomato,Samana,1600.0
2026-05-04,Tomato,Samana,1700.0
2026-05-05,Tomato,Samana,1800.0
2026-05-06,Tomato,Samana,1800.0
2026-05-07,Tomato,Samana,2500.0
2026-05-08,Tomato,Samana,2000.0
2026-05-09,Tomato,Samana,1950.0
2026-05-11,Tomato,Samana,2000.0
2026-05-12,Tomato,Samana,2200.0
2026-05-13,Tomato,Samana,2300.0
2026-05-14,Tomato,Samana,2400.0
2026-05-15,Tomato,Samana,2200.0
2026-05-16,Tomato,Samana,2100.0
2026-05-18,Tomato,Samana,2200.0
2026-05-19,Tomato,Samana,2200.0
2026-05-20,Tomato,Samana,2200.0
2026-05-21,Tomato,Samana,900.0
2026-05-22,Tomato,Samana,2200.0
2026-05-23,Tomato,Samana,2200.0
2026-05-26,Tomato,Samana,1200.0
2026-05-27,Tomato,Samana,2100.0
2026-05-28,Tomato,Samana,2100.0
2026-05-29,Tomato,Samana,2100.0
2026-05-30,Tomato,Samana,2100.0
2026-06-01,Tomato,Samana,2100.0
2026-06-02,Tomato,Samana,2100.0
2026-06-03,Tomato,Samana,2100.0
2026-06-04,Tomato,Samana,2100.0
2026-06-05,Tomato,Samana,2100.0
2026-06-06,Tomato,Samana,2100.0
2026-06-08,Tomato,Samana,2100.0
2026-06-09,Tomato,Samana,2100.0
2026-06-10,Tomato,Samana,2100.0
2026-06-11,Tomato,Samana,2100.0
2026-06-12,Tomato,Samana,2100.0
2026-06-13,Tomato,Samana,2100.0
2026-06-15,Tomato,Samana,2100.0
2026-06-16,Tomato,Samana,2100.0
2026-06-17,Tomato,Samana,2100.0
2026-06-18,Tomato,Samana,2100.0
2026-06-19,Tomato,Samana,2100.0
2026-06-20,Tomato,Samana,2100.0
2026-06-22,Tomato,Samana,2000.0
2026-06-23,Tomato,Samana,2000.0
2026-06-24,Tomato,Samana,1600.0
2026-06-26,Tomato,Samana,2000.0
2026-06-27,Tomato,Samana,2000.0
2026-06-29,Tomato,Samana,2000.0
2026-06-30,Tomato,Samana,2000.0
2026-07-01,Tomato,Samana,2000.0
2026-07-02,Tomato,Samana,2000.0
2026-07-03,Tomato,Samana,2000.0
2026-07-04,Tomato,Samana,2000.0
2026-07-06,Tomato,Samana,2000.0
2026-07-07,Tomato,Samana,2000.0
2026-07-08,Tomato,Samana,2000.0
2026-07-09,Tomato,Samana,2000.0
2026-07-10,Tomato,Samana,2000.0
2026-07-11,Tomato,Samana,2000.0
2026-07-13,Tomato,Samana,2000.0
2026-07-14,Tomato,Samana,2000.0
2026-07-15,Tomato,Samana,2000.0
2026-07-16,Tomato,Samana,2000.0
2026-07-17,Tomato,Samana,2000.0
2026-07-18,Tomato,Samana,2000.0
2026-07-20,Tomato,Samana,2000.0
2026-07-21,Tomato,Samana,2000.0
2026-07-22,Tomato,Samana,2000.0
2026-07-23,Tomato,Samana,2000.0
2026-07-24,Tomato,Samana,2000.0
2026-07-25,Tomato,Samana,2000.0
2026-07-27,Tomato,Samana,2000.0
2026-07-28,Tomato,Samana,2000.0
2026-07-29,Tomato,Samana,2000.0
2026-07-31,Tomato,Samana,2000.0
2026-08-01,Tomato,Samana,2000.0
2026-08-03,Tomato,Samana,2000.0
2026-08-04,Tomato,Samana,2000.0
2026-08-05,Tomato,Samana,2000.0
2026-08-06,Tomato,Samana,2000.0
2026-08-07,Tomato,Samana,2000.0
2026-08-08,Tomato,Samana,2000.0
2026-08-10,Tomato,Samana,2000.0
2026-08-11,Tomato,Samana,2000.0
2026-08-12,Tomato,Samana,2000.0
2026-08-13,Tomato,Samana,2000.0
2026-08-14,Tomato,Samana,2000.0
2026-08-15,Tomato,Samana,2000.0
2026-08-17,Tomato,Samana,1900.0
2026-08-18,Tomato,Samana,2000.0
2026-08-19,Tomato,Samana,2000.0
2026-08-20,Tomato,Samana,2000.0
2026-08-21,Tomato,Samana,2000.0
2026-08-22,Tomato,Samana,2000.0
2026-08-24,Tomato,Samana,2000.0
2026-08-25,Tomato,Samana,2000.0
2026-08-26,Tomato,Samana,2000.0
2026-08-27,Tomato,Samana,2000.0
2026-08-29,Tomato,Samana,2000.0
2023-06-06,Tomato,Samrala,1300.0
2023-06-07,Tomato,Samrala,1300.0
2023-06-08,Tomato,Samrala,1300.0
2023-06-09,Tomato,Samrala,1300.0
2023-06-10,Tomato,Samrala,1300.0
2023-06-12,Tomato,Samrala,1200.0
2023-06-13,Tomato,Samrala,1200.0
2023-06-14,Tomato,Samrala,1200.0
2023-06-15,Tomato,Samrala,1200.0
2023-06-16,Tomato,Samrala,1200.0
2023-06-17,Tomato,Samrala,1200.0
2023-06-19,Tomato,Samrala,1200.0
2023-06-20,Tomato,Samrala,1200.0
2023-06-21,Tomato,Samrala,1200.0
2023-06-22,Tomato,Samrala,1200.0
2023-06-24,Tomato,Samrala,1200.0
2023-06-26,Tomato,Samrala,4500.0
2023-06-28,Tomato,Samrala,4500.0
2023-06-29,Tomato,Samrala,4500.0
2023-06-30,Tomato,Samrala,4500.0
2023-07-01,Tomato,Samrala,4500.0
2023-07-03,Tomato,Samrala,4800.0
2023-07-05,Tomato,Samrala,4800.0
2023-07-06,Tomato,Samrala,5000.0
2023-07-07,Tomato,Samrala,5000.0
2023-07-08,Tomato,Samrala,5000.0
2023-07-10,Tomato,Samrala,6000.0
2023-07-11,Tomato,Samrala,5800.0
2023-07-12,Tomato,Samrala,7000.0
2023-07-13,Tomato,Samrala,7500.0
2023-07-14,Tomato,Samrala,7500.0
2023-07-17,Tomato,Samrala,7500.0
2023-07-18,Tomato,Samrala,7500.0
2023-07-19,Tomato,Samrala,7500.0
2023-07-24,Tomato,Samrala,7500.0
2023-07-25,Tomato,Samrala,7500.0
2023-07-26,Tomato,Samrala,7500.0
2023-07-27,Tomato,Samrala,7500.0
2023-07-28,Tomato,Samrala,7500.0
2023-07-31,Tomato,Samrala,7500.0
2025-11-12,Tomato,Samrala,2200.0
2025-11-19,Tomato,Samrala,1800.0
2025-11-21,Tomato,Samrala,1800.0
2025-11-24,Tomato,Samrala,1300.0
2025-11-27,Tomato,Samrala,2200.0
2025-12-02,Tomato,Samrala,3000.0
2025-12-05,Tomato,Samrala,4000.0
2025-12-08,Tomato,Samrala,3500.0
2025-12-10,Tomato,Samrala,3000.0
2025-12-17,Tomato,Samrala,3800.0
2025-12-19,Tomato,Samrala,2500.0
2025-12-23,Tomato,Samrala,4500.0
2026-01-01,Tomato,Samrala,3500.0
2026-01-06,Tomato,Samrala,3500.0
2026-01-08,Tomato,Samrala,4000.0
2026-01-29,Tomato,Samrala,3000.0
2026-02-04,Tomato,Samrala,2800.0
2026-02-11,Tomato,Samrala,2000.0
2026-02-13,Tomato,Samrala,2000.0
2026-02-19,Tomato,Samrala,1800.0
2026-02-24,Tomato,Samrala,1800.0
2026-02-25,Tomato,Samrala,1800.0
2026-03-06,Tomato,Samrala,1800.0
2026-03-16,Tomato,Samrala,2200.0
2026-04-06,Tomato,Samrala,2000.0
2026-04-10,Tomato,Samrala,1800.0
2026-04-15,Tomato,Samrala,1500.0
2026-04-22,Tomato,Samrala,3000.0
2026-04-28,Tomato,Samrala,2000.0
2026-05-06,Tomato,Samrala,2000.0
2026-05-07,Tomato,Samrala,1800.0
2026-05-08,Tomato,Samrala,1300.0
2026-05-12,Tomato,Samrala,1200.0
2026-05-18,Tomato,Samrala,1400.0
2026-05-19,Tomato,Samrala,1500.0
2026-05-25,Tomato,Samrala,1200.0
2026-05-27,Tomato,Samrala,1200.0
2026-05-29,Tomato,Samrala,1400.0
2026-06-02,Tomato,Samrala,1800.0
2026-06-04,Tomato,Samrala,1300.0
2026-06-08,Tomato,Samrala,1300.0
2026-06-09,Tomato,Samrala,2500.0
2026-06-11,Tomato,Samrala,2500.0
2026-06-15,Tomato,Samrala,2500.0
2026-06-22,Tomato,Samrala,2500.0
2026-07-02,Tomato,Samrala,2000.0
2026-07-03,Tomato,Samrala,2000.0
2026-07-09,Tomato,Samrala,2200.0
2026-07-17,Tomato,Samrala,2200.0
2026-07-20,Tomato,Samrala,2500.0
2026-07-22,Tomato,Samrala,3200.0
2026-07-28,Tomato,Samrala,2500.0
2026-07-29,Tomato,Samrala,2800.0
2026-07-31,Tomato,Samrala,2500.0
2026-08-06,Tomato,Samrala,2800.0
2026-08-11,Tomato,Samrala,2500.0
2026-08-13,Tomato,Samrala,2200.0
2026-08-15,Tomato,Samrala,2200.0
2026-08-18,Tomato,Samrala,2800.0
2026-08-25,Tomato,Samrala,2600.0
2026-08-26,Tomato,Samrala,2500.0
2026-08-17,Water Melon,Nabha,1500.0
2026-08-17,Water Melon,Patiala,800.0
